code_a,code_b,n_both,n_a,n_b,support,lift,conf_a_to_b,conf_b_to_a,leverage,jaccard,odds_ratio,se_log_or,or_ci_low,or_ci_high,z_stat,z_crit,desc_a,ccsr_a,ccsr_desc_a,chapter_a,desc_b,ccsr_b,ccsr_desc_b,chapter_b,same_ccsr,same_icd3,same_chapter,definitional,context_code,wrapper_code,adverse_effect_pair,same_concept_text,structural,obstetric
E785,I10,795003,1768237,1922540,0.112228244566303,1.6566070560711992,0.4496020612621498,0.41351701395029494,0.04448239973544556,0.2745390351595118,3.034104186606699,0.0018468951831518514,3.0049583463523613,3.063532719632856,600.9632978350152,5.226346176164583,"Hyperlipidemia, unspecified",END010,Disorders of lipid metabolism,Endocrine/metabolic,Essential (primary) hypertension,CIR007,Essential hypertension,Circulatory,False,False,False,False,False,False,False,False,False,False
E785,I2510,608033,1768237,1067226,0.0858342373907808,2.282426900351663,0.34386397298552174,0.5697321841859175,0.04822767159997455,0.27297513277633867,5.542548341192379,0.002211381762281083,5.478859384407961,5.606977649741954,774.3820689807008,5.226346176164583,"Hyperlipidemia, unspecified",END010,Disorders of lipid metabolism,Endocrine/metabolic,Athscl heart disease of native coronary artery w/o ang pctrs,CIR011,Coronary atherosclerosis and other heart disease,Circulatory,False,False,False,False,False,False,False,False,False,False
E785,K219,512100,1768237,1192577,0.07229165681438153,1.720261501930804,0.28961049904509406,0.4294062354045064,0.03026801288975605,0.20913018016803922,2.776914836938432,0.0021057385084291757,2.7465215556144926,2.807644453343284,485.0272417382435,5.226346176164583,"Hyperlipidemia, unspecified",END010,Disorders of lipid metabolism,Endocrine/metabolic,Gastro-esophageal reflux disease without esophagitis,DIG004,Esophageal disorders,Digestive,False,False,False,False,False,False,False,False,False,False
I10,K219,490246,1922540,1192577,0.06920659165519095,1.5146728564843344,0.2549991157531183,0.41108121320468194,0.02351580677123622,0.18676955934215433,2.1730570248366115,0.002094294274875026,2.149401511193079,2.19697288226553,370.59497926715636,5.226346176164583,Essential (primary) hypertension,CIR007,Essential hypertension,Circulatory,Gastro-esophageal reflux disease without esophagitis,DIG004,Esophageal disorders,Digestive,False,False,False,False,False,False,False,False,False,False
E785,Z87891,484416,1768237,1189002,0.06838358763404695,1.6321573227290989,0.27395422672413255,0.40741394884112897,0.026485918407097624,0.19589594564592774,2.469297627766103,0.002116461532769689,2.4421343445767354,2.496763041735157,427.096705977142,5.226346176164583,"Hyperlipidemia, unspecified",END010,Disorders of lipid metabolism,Endocrine/metabolic,Personal history of nicotine dependence,XXX000,Unacceptable PDX,Factors/status,False,False,False,False,False,False,False,False,False,False
E785,Z7982,455844,1768237,878735,0.06435016209508873,2.0781861295595268,0.25779575927887494,0.518750248937393,0.03338558140628979,0.2080407899492864,4.018558386292062,0.002350480148594114,3.9694946920673675,4.0682285169218195,591.7613168406007,5.226346176164583,"Hyperlipidemia, unspecified",END010,Disorders of lipid metabolism,Endocrine/metabolic,Long term (current) use of aspirin,FAC025,Other specified status,Factors/status,False,False,False,False,False,False,False,False,False,False
I10,Z87891,445359,1922540,1189002,0.06287002536066422,1.380126392882902,0.23165135705889084,0.3745653918159936,0.01731620819951491,0.16703992186582842,1.7910209906414083,0.0021197731973511824,1.7712883701375266,1.8109734377520212,274.92839507826517,5.226346176164583,Essential (primary) hypertension,CIR007,Essential hypertension,Circulatory,Personal history of nicotine dependence,XXX000,Unacceptable PDX,Factors/status,False,False,False,False,False,False,False,False,False,False
I10,Z79899,407798,1922540,1032658,0.057567649024782584,1.455056277106067,0.2121141822796925,0.3949013129225746,0.018003784773925044,0.16008400722305097,1.954499706122004,0.002221073102014937,1.9319428584426228,1.9773199215169504,301.71643395403817,5.226346176164583,Essential (primary) hypertension,CIR007,Essential hypertension,Circulatory,Other long term (current) drug therapy,FAC025,Other specified status,Factors/status,False,False,False,False,False,False,False,False,False,False
E785,Z79899,378123,1768237,1032658,0.05337851620703845,1.4669074180682797,0.21384180966691682,0.36616479027906623,0.016990046457985852,0.15607040200233452,1.9370111193151642,0.0022597233236556617,1.9142693867192158,1.960023026216283,292.5783515043801,5.226346176164583,"Hyperlipidemia, unspecified",END010,Disorders of lipid metabolism,Endocrine/metabolic,Other long term (current) drug therapy,FAC025,Other specified status,Factors/status,False,False,False,False,False,False,False,False,False,False
I10,Z7982,369899,1922540,878735,0.05221755821906447,1.551016599242453,0.19240119841459735,0.4209448809937012,0.018550891953488358,0.15213566309776852,2.178281977824356,0.0023511082450392135,2.151679665605007,2.2052131879864274,331.13595861686906,5.226346176164583,Essential (primary) hypertension,CIR007,Essential hypertension,Circulatory,Long term (current) use of aspirin,FAC025,Other specified status,Factors/status,False,False,False,False,False,False,False,False,False,False
E785,N179,355649,1768237,899456,0.05020592746412415,1.5840460120918596,0.20113197495584584,0.3954045556425217,0.01851118685629092,0.15382449468954743,2.209225625361607,0.002359688442736782,2.1821475568088267,2.2366397031793253,335.9096243415218,5.226346176164583,"Hyperlipidemia, unspecified",END010,Disorders of lipid metabolism,Endocrine/metabolic,"Acute kidney failure, unspecified",GEN002,Acute and unspecified renal failure,Genitourinary,False,False,False,False,False,False,False,False,False,False
I10,I2510,351448,1922540,1067226,0.0496128846008607,1.2133773739219698,0.18280399887648632,0.3293098181641002,0.008724628673936502,0.13320911277563963,1.3893148660871388,0.0022591800088464617,1.3730073317633888,1.4058160888709343,145.5442781200679,5.226346176164583,Essential (primary) hypertension,CIR007,Essential hypertension,Circulatory,Athscl heart disease of native coronary artery w/o ang pctrs,CIR011,Coronary atherosclerosis and other heart disease,Circulatory,False,False,True,False,False,False,False,False,False,False
E119,I10,346901,575343,1922540,0.04897099793119658,2.221620792597619,0.602946416311661,0.1804388985404725,0.026928083094260123,0.16127564061437985,4.754096469448546,0.0028456138913703862,4.683915932256867,4.8253285429768615,547.8630343102152,5.226346176164583,Type 2 diabetes mellitus without complications,END002,Diabetes mellitus without complication,Endocrine/metabolic,Essential (primary) hypertension,CIR007,Essential hypertension,Circulatory,False,False,False,False,False,False,False,False,False,False
I2510,Z7982,340251,1067226,878735,0.048032236912224434,2.570109850257327,0.31881813224190564,0.38720547150164725,0.029343449385335146,0.21190065453911353,4.761421907669171,0.0025207486006781432,4.69910487722577,4.824565353437351,619.0805157301697,5.226346176164583,Athscl heart disease of native coronary artery w/o ang pctrs,CIR011,Coronary atherosclerosis and other heart disease,Circulatory,Long term (current) use of aspirin,FAC025,Other specified status,Factors/status,False,False,False,False,False,False,False,False,False,False
Z23,Z3800,322666,701100,474190,0.04554981397709282,6.875233376987112,0.4602282128084439,0.6804572007001413,0.03892461138694397,0.3784387959991743,35.063131307317136,0.003535776629938679,34.421142930516524,35.71709340261916,1006.044940226411,5.226346176164583,Encounter for immunization,XXX000,Unacceptable PDX,Factors/status,"Single liveborn infant, delivered vaginally",PNL001,Liveborn,Factors/status,False,False,True,False,True,False,False,False,True,False
I2510,Z87891,319999,1067226,1189002,0.045173321400010305,1.7863898255691828,0.2998418329388527,0.26913243207328497,0.019885827733493757,0.16526919078270183,2.536750396517309,0.002410040439513776,2.5049986230367947,2.5689046353364806,386.2523944511183,5.226346176164583,Athscl heart disease of native coronary artery w/o ang pctrs,CIR011,Coronary atherosclerosis and other heart disease,Circulatory,Personal history of nicotine dependence,XXX000,Unacceptable PDX,Factors/status,False,False,False,False,False,False,False,False,False,False
E039,E785,316480,734506,1768237,0.04467655447884294,1.726144090915931,0.43087462866198506,0.17898053258697788,0.01879426880294867,0.14475843025290186,2.5540375448864774,0.002538690506933661,2.5203741998521867,2.5881505139484076,369.3539859887309,5.226346176164583,"Hypothyroidism, unspecified",END001,Thyroid disorders,Endocrine/metabolic,"Hyperlipidemia, unspecified",END010,Disorders of lipid metabolism,Endocrine/metabolic,False,False,True,False,False,False,False,False,False,False
Z7982,Z79899,314406,878735,1032658,0.04438377397458004,2.4543866746429748,0.3577938741486341,0.30446285217371094,0.026300325904590707,0.19687448927261147,4.256005795090777,0.0025548254814330416,4.199555604678062,4.31321478579038,566.9002145909774,5.226346176164583,Long term (current) use of aspirin,FAC025,Other specified status,Factors/status,Other long term (current) drug therapy,FAC025,Other specified status,Factors/status,True,True,True,False,False,False,False,True,True,False
K219,Z87891,310626,1192577,1189002,0.0438501624480064,1.5517987130975324,0.26046620050529234,0.26124935029545787,0.015592526919699083,0.14999181536229939,2.0100090732234035,0.0023856028038017623,1.9851038894237534,2.035226718342282,292.6468878179203,5.226346176164583,Gastro-esophageal reflux disease without esophagitis,DIG004,Esophageal disorders,Digestive,Personal history of nicotine dependence,XXX000,Unacceptable PDX,Factors/status,False,False,False,False,False,False,False,False,False,False
I2510,K219,292771,1067226,1192577,0.041329624403833816,1.6294904793185208,0.274328961250944,0.2454944209053168,0.015966098241276223,0.14883896144038328,2.1497076215190827,0.0024522741475231816,2.1223318411645367,2.1774365197675816,312.09065416848347,5.226346176164583,Athscl heart disease of native coronary artery w/o ang pctrs,CIR011,Coronary atherosclerosis and other heart disease,Circulatory,Gastro-esophageal reflux disease without esophagitis,DIG004,Esophageal disorders,Digestive,False,False,False,False,False,False,False,False,False,False
E1122,E785,290227,548083,1768237,0.040970495376425525,2.121375773110632,0.5295311111638201,0.16413354092239898,0.0216573232851136,0.14324465856206994,3.8515638046195892,0.002863215308563761,3.794357498735221,3.909632591552205,470.96676411813326,5.226346176164583,Type 2 diabetes mellitus w diabetic chronic kidney disease,END003,Diabetes mellitus with complication,Endocrine/metabolic,"Hyperlipidemia, unspecified",END010,Disorders of lipid metabolism,Endocrine/metabolic,False,False,True,False,False,False,False,False,False,False
F329,F419,287103,725159,723719,0.040529489448114395,3.8752623798477117,0.39591730916943735,0.3967050747596788,0.030070974520485905,0.2471244432011362,8.889531104110175,0.002867939240019908,8.75728093011319,9.023778485763488,761.8272637899546,5.226346176164583,"Major depressive disorder, single episode, unspecified",MBD002,Depressive disorders,Mental/behavioural,"Anxiety disorder, unspecified",MBD005,Anxiety and fear-related disorders,Mental/behavioural,False,False,True,False,False,False,False,False,False,False
Z7982,Z87891,282695,878735,1189002,0.039907225001252856,1.9166561853235686,0.3217067716660882,0.23775822075993144,0.01908595026933439,0.15836882269436797,2.772950308924505,0.00255092432363589,2.7362266418955947,2.810166854613172,399.82050326388116,5.226346176164583,Long term (current) use of aspirin,FAC025,Other specified status,Factors/status,Personal history of nicotine dependence,XXX000,Unacceptable PDX,Factors/status,False,False,True,False,False,False,False,False,False,False
F17210,I10,276375,789519,1922540,0.039015049115553015,1.2898148800060618,0.3500549068483469,0.1437551364340924,0.008766484208804805,0.11346915281292647,1.520771058998547,0.0025277752186917213,1.5008122379874476,1.540995305974381,165.84444645014528,5.226346176164583,"Nicotine dependence, cigarettes, uncomplicated",XXX000,Unacceptable PDX,Mental/behavioural,Essential (primary) hypertension,CIR007,Essential hypertension,Circulatory,False,False,False,False,False,False,False,False,False,False
Z370,Z3A39,276106,696749,278086,0.03897707517358256,10.094549978967152,0.39627756911025347,0.9928799004624469,0.03511587529297425,0.39515463076528956,2116.1853650538374,0.022607050123949837,1880.3592364800215,2381.5877372725763,338.7160354309758,5.226346176164583,Single live birth,XXX000,Unacceptable PDX,Factors/status,39 weeks gestation of pregnancy,XXX000,Unacceptable PDX,Factors/status,True,False,True,False,True,False,False,False,True,False
E119,E785,272447,575343,1768237,0.03846054486254209,1.8970611068601235,0.4735383936191107,0.1540783277354789,0.018186793677900933,0.13154490802860078,3.0143045745306885,0.0027999869426317842,2.97051532335144,3.058739336104636,394.0622477772539,5.226346176164583,Type 2 diabetes mellitus without complications,END002,Diabetes mellitus without complication,Endocrine/metabolic,"Hyperlipidemia, unspecified",END010,Disorders of lipid metabolism,Endocrine/metabolic,False,False,True,False,False,False,False,False,False,False
F329,I10,272070,725159,1922540,0.03840732487695525,1.382415607664806,0.3751866831963749,0.14151591124241888,0.010624562107202244,0.11452545831019911,1.7129410843129127,0.0025886041957485888,1.68992286153541,1.7362728353536838,207.91584374133467,5.226346176164583,"Major depressive disorder, single episode, unspecified",MBD002,Depressive disorders,Mental/behavioural,Essential (primary) hypertension,CIR007,Essential hypertension,Circulatory,False,False,False,False,False,False,False,False,False,False
I2510,Z955,270288,1067226,319474,0.03815576515728482,5.61566827897867,0.2532621956361633,0.846040679366709,0.031361246097084156,0.24210416942849056,41.147316460195995,0.005045087867833159,40.076548416124346,42.24669336030733,736.7877049461769,5.226346176164583,Athscl heart disease of native coronary artery w/o ang pctrs,CIR011,Coronary atherosclerosis and other heart disease,Circulatory,Presence of coronary angioplasty implant and graft,XXX000,Unacceptable PDX,Factors/status,False,False,False,False,False,False,False,False,False,False
E039,I10,270074,734506,1922540,0.03812555540419309,1.3548107753826826,0.3676947499407765,0.1404777013742237,0.009984684297359686,0.11314502222899975,1.6528501390543957,0.0025833917335722203,1.630683831292495,1.675317759180083,194.51217878404776,5.226346176164583,"Hypothyroidism, unspecified",END001,Thyroid disorders,Endocrine/metabolic,Essential (primary) hypertension,CIR007,Essential hypertension,Circulatory,False,False,False,False,False,False,False,False,False,False
Z79899,Z87891,266854,1032658,1189002,0.03767099743711184,1.5395762951156313,0.25841469295739733,0.22443528269927215,0.013202578719166767,0.1365117561538076,1.938154568935172,0.002516459932394255,1.9128310628111478,1.9638133268097981,262.96316452416227,5.226346176164583,Other long term (current) drug therapy,FAC025,Other specified status,Factors/status,Personal history of nicotine dependence,XXX000,Unacceptable PDX,Factors/status,False,False,True,False,False,False,False,False,False,False
F419,I10,265164,723719,1922540,0.03743242508792944,1.3500063164462948,0.3663908229575291,0.1379237883216994,0.009704832533795966,0.11136220940365672,1.6407807095438527,0.002601540222272529,1.6186227303154017,1.6632420182846681,190.33808000712276,5.226346176164583,"Anxiety disorder, unspecified",MBD005,Anxiety and fear-related disorders,Mental/behavioural,Essential (primary) hypertension,CIR007,Essential hypertension,Circulatory,False,False,False,False,False,False,False,False,False,False
E785,Z7901,264553,1768237,585640,0.03734617200784042,1.8097062344331318,0.14961399405170234,0.45173314664298886,0.016709578456214264,0.1266213378106986,2.7366786153828873,0.002785610118282762,2.697125127510022,2.7768121573240463,361.4091556948693,5.226346176164583,"Hyperlipidemia, unspecified",END010,Disorders of lipid metabolism,Endocrine/metabolic,Long term (current) use of anticoagulants,FAC025,Other specified status,Factors/status,False,False,False,False,False,False,False,False,False,False
E785,Z794,262828,1768237,550187,0.03710265881118975,1.9137598082273959,0.14863844609065413,0.4777066706410729,0.017715346646056666,0.12785975454320792,3.054960568679104,0.002854447926824804,3.009723916286681,3.1008771355010865,391.23736499191745,5.226346176164583,"Hyperlipidemia, unspecified",END010,Disorders of lipid metabolism,Endocrine/metabolic,Long term (current) use of insulin,FAC025,Other specified status,Factors/status,False,False,False,False,False,False,False,False,False,False
E785,F329,261715,1768237,725159,0.03694553986169862,1.445844199373632,0.14800900558013433,0.36090705624559577,0.011392620759001281,0.11727258510512928,1.818812898463405,0.002616978078432443,1.7941059167196303,1.8438601248611877,228.57816028996368,5.226346176164583,"Hyperlipidemia, unspecified",END010,Disorders of lipid metabolism,Endocrine/metabolic,"Major depressive disorder, single episode, unspecified",MBD002,Depressive disorders,Mental/behavioural,False,False,False,False,False,False,False,False,False,False
I2510,I252,253885,1067226,342792,0.03584020169951036,4.91605310132387,0.2378924426503852,0.7406386380078882,0.02854975935464253,0.2195984372040241,20.81185389499814,0.004072422446393325,20.37357735647666,21.25955864148023,745.3850289679483,5.226346176164583,Athscl heart disease of native coronary artery w/o ang pctrs,CIR011,Coronary atherosclerosis and other heart disease,Circulatory,Old myocardial infarction,CIR011,Coronary atherosclerosis and other heart disease,Circulatory,True,True,True,False,False,False,False,False,True,False
K219,Z79899,253710,1192577,1032658,0.03581549746216899,1.4593559722371223,0.21274098024697777,0.2456863743853241,0.011273508979903382,0.12868718377905428,1.7735362302243183,0.002546763164114056,1.7500863993190137,1.7973002710850294,224.98182467620032,5.226346176164583,Gastro-esophageal reflux disease without esophagitis,DIG004,Esophageal disorders,Digestive,Other long term (current) drug therapy,FAC025,Other specified status,Factors/status,False,False,False,False,False,False,False,False,False,False
E876,I10,250678,663288,1922540,0.0353874789043459,1.3925323530210472,0.377932361206595,0.13038896459891602,0.009975158086395722,0.10734984904609982,1.725626967441,0.0026872826078257308,1.7015605058943388,1.7500338192173186,203.02682056781617,5.226346176164583,Hypokalemia,END011,Fluid and electrolyte disorders,Endocrine/metabolic,Essential (primary) hypertension,CIR007,Essential hypertension,Circulatory,False,False,False,False,False,False,False,False,False,False
I2510,N179,250080,1067226,899456,0.03530306099617367,1.8454795539576163,0.2343271247139781,0.2780347232104739,0.016173582741881153,0.14568315777332194,2.529480863201703,0.0026360460246478415,2.4948714384812978,2.564570397743,352.04775660097533,5.226346176164583,Athscl heart disease of native coronary artery w/o ang pctrs,CIR011,Coronary atherosclerosis and other heart disease,Circulatory,"Acute kidney failure, unspecified",GEN002,Acute and unspecified renal failure,Genitourinary,False,False,False,False,False,False,False,False,False,False
E785,I110,241926,1768237,497458,0.03415198470313624,1.9482839335899989,0.13681763247799927,0.4863244736239039,0.016622720043951683,0.11954229954110375,3.1386852879527454,0.0029832339241418794,3.0901282686107643,3.188005312556135,383.4107693939648,5.226346176164583,"Hyperlipidemia, unspecified",END010,Disorders of lipid metabolism,Endocrine/metabolic,Hypertensive heart disease with heart failure,CIR019,Heart failure,Circulatory,False,False,False,False,False,False,False,False,False,False
E785,J449,234745,1768237,530930,0.03313826396971684,1.771271801546375,0.13275652528478932,0.442139265063191,0.014429523763506754,0.11370979383091248,2.59419253140017,0.0029133363952976382,2.5549922756704873,2.63399422145273,327.2108591710392,5.226346176164583,"Hyperlipidemia, unspecified",END010,Disorders of lipid metabolism,Endocrine/metabolic,"Chronic obstructive pulmonary disease, unspecified",RSP008,Chronic obstructive pulmonary disease and bronchiectasis,Respiratory,False,False,False,False,False,False,False,False,False,False
K219,Z7982,234467,1192577,878735,0.03309901952411169,1.584907681548879,0.19660533449831752,0.2668233312659676,0.01221514098062133,0.12764658966869824,1.9930029882657718,0.002655454537480912,1.9655344949505995,2.0208553558537914,259.7079072061535,5.226346176164583,Gastro-esophageal reflux disease without esophagitis,DIG004,Esophageal disorders,Digestive,Long term (current) use of aspirin,FAC025,Other specified status,Factors/status,False,False,False,False,False,False,False,False,False,False
F329,K219,231740,725159,1192577,0.03271405692279784,1.8982260520141776,0.3195712940196564,0.19431868969466962,0.015480041570366306,0.13744991091319314,2.638476555502539,0.0027509750250472075,2.6008131353049233,2.6766853948237834,352.6755711885807,5.226346176164583,"Major depressive disorder, single episode, unspecified",MBD002,Depressive disorders,Mental/behavioural,Gastro-esophageal reflux disease without esophagitis,DIG004,Esophageal disorders,Digestive,False,False,False,False,False,False,False,False,False,False
E785,N183,231272,1768237,472288,0.03264799073379349,1.9617437100376633,0.1307924220565456,0.4896842604512501,0.01600565842160441,0.11510347377856348,3.1681873130520537,0.0030529807647327128,3.118037085144241,3.2191441527128783,377.7159725734282,5.226346176164583,"Hyperlipidemia, unspecified",END010,Disorders of lipid metabolism,Endocrine/metabolic,"Chronic kidney disease, stage 3 (moderate)",GEN003,Chronic kidney disease,Genitourinary,False,False,False,False,False,False,False,False,False,False
E785,F419,229308,1768237,723719,0.032370738607288035,1.2693323711809419,0.12968171121857533,0.3168467319498314,0.006868561760437875,0.10134497279293996,1.4529952155102448,0.0026908670405681157,1.4327041736934918,1.4735736344321733,138.8500755014998,5.226346176164583,"Hyperlipidemia, unspecified",END010,Disorders of lipid metabolism,Endocrine/metabolic,"Anxiety disorder, unspecified",MBD005,Anxiety and fear-related disorders,Mental/behavioural,False,False,False,False,False,False,False,False,False,False
I10,N179,226179,1922540,899456,0.031929026843624295,0.9265387123882679,0.11764592674274657,0.25146199480574927,-0.0025315158371270463,0.08713210522929775,0.8887763027380381,0.002592075001891752,0.876817166523059,0.9008985527063389,-45.48853833782558,5.226346176164583,Essential (primary) hypertension,CIR007,Essential hypertension,Circulatory,"Acute kidney failure, unspecified",GEN002,Acute and unspecified renal failure,Genitourinary,False,False,False,False,False,False,False,False,False,False
E1122,N183,224267,548083,472288,0.031659115404785984,6.13731944087384,0.40918437535920654,0.4748522088217359,0.026500655639120223,0.2817056565473858,17.5577941796646,0.003426087966506397,17.24620367389799,17.875014251515417,836.3760627682718,5.226346176164583,Type 2 diabetes mellitus w diabetic chronic kidney disease,END003,Diabetes mellitus with complication,Endocrine/metabolic,"Chronic kidney disease, stage 3 (moderate)",GEN003,Chronic kidney disease,Genitourinary,False,False,False,False,False,False,False,False,False,False
E1122,I2510,222849,548083,1067226,0.03145894049878561,2.6988239680806134,0.40659717597517164,0.2088114420001012,0.019802403847690497,0.16003978570300045,4.61841924735855,0.0029869797000406204,4.546880995280167,4.691083044951702,512.2406731700663,5.226346176164583,Type 2 diabetes mellitus w diabetic chronic kidney disease,END003,Diabetes mellitus with complication,Endocrine/metabolic,Athscl heart disease of native coronary artery w/o ang pctrs,CIR011,Coronary atherosclerosis and other heart disease,Circulatory,False,False,False,False,False,False,False,False,False,False
E785,G4733,222745,1768237,470750,0.03144425912345131,1.8955871639438726,0.12597010468619307,0.47317047265002654,0.014856122359521228,0.11047532984631805,2.944963552917673,0.0030603878159900897,2.8982346056371107,2.9924459224745767,352.9279640522426,5.226346176164583,"Hyperlipidemia, unspecified",END010,Disorders of lipid metabolism,Endocrine/metabolic,Obstructive sleep apnea (adult) (pediatric),NVS016,Sleep wake disorders,Nervous,False,False,False,False,False,False,False,False,False,False
I2510,Z951,221423,1067226,260258,0.03125763625622106,5.64714375120693,0.2074752676565226,0.8507826848742401,0.025722513080094975,0.20019058623348984,40.2960689430346,0.0056227629900713295,39.129138260534354,41.497800474168244,657.3732390790473,5.226346176164583,Athscl heart disease of native coronary artery w/o ang pctrs,CIR011,Coronary atherosclerosis and other heart disease,Circulatory,Presence of aortocoronary bypass graft,XXX000,Unacceptable PDX,Factors/status,False,False,False,False,False,False,False,False,False,False
I2510,Z79899,220829,1067226,1032658,0.031173783016330912,1.4194163139775378,0.20691868451480755,0.21384524208402006,0.009211387129126648,0.11752130725284785,1.6726990269562505,0.0026709130216571435,1.6495118399409214,1.6962121562465393,192.60773430055625,5.226346176164583,Athscl heart disease of native coronary artery w/o ang pctrs,CIR011,Coronary atherosclerosis and other heart disease,Circulatory,Other long term (current) drug therapy,FAC025,Other specified status,Factors/status,False,False,False,False,False,False,False,False,False,False
F419,K219,218199,723719,1192577,0.030802513620857716,1.7908654161578452,0.3014968516786211,0.18296428658275316,0.013602721083157156,0.12849619309144295,2.3857785535856064,0.0027880267004531433,2.351266962719787,2.420796701096407,311.87847250240804,5.226346176164583,"Anxiety disorder, unspecified",MBD005,Anxiety and fear-related disorders,Mental/behavioural,Gastro-esophageal reflux disease without esophagitis,DIG004,Esophageal disorders,Digestive,False,False,False,False,False,False,False,False,False,False
E1122,N179,217449,548083,899456,0.03069663831796612,3.124623951772778,0.3967446536382263,0.2417561281485698,0.02087253186811632,0.1767748701314538,5.644853900106902,0.0030430819707905426,5.555787160722099,5.735348499097401,568.7471887341644,5.226346176164583,Type 2 diabetes mellitus w diabetic chronic kidney disease,END003,Diabetes mellitus with complication,Endocrine/metabolic,"Acute kidney failure, unspecified",GEN002,Acute and unspecified renal failure,Genitourinary,False,False,False,False,False,False,False,False,False,False
I130,N183,213794,398706,472288,0.030180672675207746,8.042710346100352,0.5362196706345026,0.45267718002574703,0.026428122679441533,0.3253104077906269,28.74488613207409,0.0037562626945870656,28.186083087239727,29.314767723790954,894.0961138300199,5.226346176164583,Hyp hrt & chr kdny dis w hrt fail and stg 1-4/unsp chr kdny,CIR019,Heart failure,Circulatory,"Chronic kidney disease, stage 3 (moderate)",GEN003,Chronic kidney disease,Genitourinary,False,False,False,True,False,False,False,False,True,False
E039,K219,213631,734506,1192577,0.03015766244271264,1.7276234642993549,0.2908499045617054,0.17913392594356592,0.012701507750496065,0.12467871875021885,2.249962476653394,0.002794372194915119,2.2173420029818893,2.2830628471117373,290.19525047877937,5.226346176164583,"Hypothyroidism, unspecified",END001,Thyroid disorders,Endocrine/metabolic,Gastro-esophageal reflux disease without esophagitis,DIG004,Esophageal disorders,Digestive,False,False,False,False,False,False,False,False,False,False
I110,I2510,212600,497458,1067226,0.030012119193004325,2.8367237270344896,0.4273727631277414,0.19920804028387615,0.019432266489343618,0.1572387514385201,5.005458022115572,0.003091721545603413,4.925227736224323,5.086995232096208,520.9165501274175,5.226346176164583,Hypertensive heart disease with heart failure,CIR019,Heart failure,Circulatory,Athscl heart disease of native coronary artery w/o ang pctrs,CIR011,Coronary atherosclerosis and other heart disease,Circulatory,False,False,True,False,False,False,False,False,False,False
E785,E876,211001,1768237,663288,0.029786393047239443,1.2744080235157766,0.1193284610603669,0.31811370023277974,0.006413664299764869,0.09502306662751675,1.456953836420077,0.002792502740481238,1.435844613205597,1.4783733991383028,134.77080514943597,5.226346176164583,"Hyperlipidemia, unspecified",END010,Disorders of lipid metabolism,Endocrine/metabolic,Hypokalemia,END011,Fluid and electrolyte disorders,Endocrine/metabolic,False,False,True,False,False,False,False,False,False,False
N179,N183,209130,899456,472288,0.029522269458292543,3.4873545310136294,0.23250720435463212,0.44280184971881564,0.021056749478678756,0.17987913443326847,6.8163916428422535,0.003193613844047835,6.703563935955153,6.9311183532389835,600.9900823766365,5.226346176164583,"Acute kidney failure, unspecified",GEN002,Acute and unspecified renal failure,Genitourinary,"Chronic kidney disease, stage 3 (moderate)",GEN003,Chronic kidney disease,Genitourinary,False,False,True,False,False,False,False,False,False,False
I129,N183,207204,385977,472288,0.029250381680466925,8.051863342188248,0.5368299147358522,0.4387238295277458,0.025617634769921672,0.3182558930729993,28.126002301806345,0.003787830100610904,27.574680705003,28.688346891272907,880.8986698608794,5.226346176164583,Hypertensive chronic kidney disease w stg 1-4/unsp chr kdny,GEN003,Chronic kidney disease,Circulatory,"Chronic kidney disease, stage 3 (moderate)",GEN003,Chronic kidney disease,Genitourinary,True,False,False,True,False,False,False,False,True,False
E669,E785,207086,534192,1768237,0.029233723966145313,1.5530287068072512,0.38766211399646566,0.11711439134007488,0.010410038455370297,0.09883155168390091,2.0229459305922033,0.0029541536355825494,1.9919526741668292,2.0544214183257337,238.49634020472894,5.226346176164583,"Obesity, unspecified",END009,Obesity,Endocrine/metabolic,"Hyperlipidemia, unspecified",END010,Disorders of lipid metabolism,Endocrine/metabolic,False,False,True,False,False,False,False,False,False,False
E1122,I130,206593,548083,398706,0.029164128600377905,6.6970431453800545,0.37693743465861923,0.5181587435353369,0.024809351728364362,0.27910580440856203,19.976370463705333,0.0036237629225799864,19.601597318379383,20.35830909193434,826.3647932335739,5.226346176164583,Type 2 diabetes mellitus w diabetic chronic kidney disease,END003,Diabetes mellitus with complication,Endocrine/metabolic,Hyp hrt & chr kdny dis w hrt fail and stg 1-4/unsp chr kdny,CIR019,Heart failure,Circulatory,False,False,False,False,False,False,False,False,False,False
N179,Z87891,203594,899456,1189002,0.028740768555882045,1.348556244268463,0.2263523729898961,0.17123099877039735,0.0074285180079097235,0.10801522019625819,1.5436229792452996,0.0027488077347255346,1.5216054834845696,1.5659590662077802,157.9347408964714,5.226346176164583,"Acute kidney failure, unspecified",GEN002,Acute and unspecified renal failure,Genitourinary,Personal history of nicotine dependence,XXX000,Unacceptable PDX,Factors/status,False,False,False,False,False,False,False,False,False,False
E669,I10,203420,534192,1922540,0.028716205485611192,1.403096312907912,0.3807994129451583,0.10580794157728837,0.008249894497952073,0.09027600261304249,1.7280269231558263,0.0029542955666178173,1.7015508151949894,1.754914999002955,185.14743648912665,5.226346176164583,"Obesity, unspecified",END009,Obesity,Endocrine/metabolic,Essential (primary) hypertension,CIR007,Essential hypertension,Circulatory,False,False,False,False,False,False,False,False,False,False
E785,I130,202757,1768237,398706,0.02862261171785502,2.0372729049124287,0.1146661901091313,0.5085376191981059,0.014573138204101421,0.10322698563170697,3.3839410621505808,0.0032968870602981233,3.3261329465973426,3.4427538814476164,369.75516682088113,5.226346176164583,"Hyperlipidemia, unspecified",END010,Disorders of lipid metabolism,Endocrine/metabolic,Hyp hrt & chr kdny dis w hrt fail and stg 1-4/unsp chr kdny,CIR019,Heart failure,Circulatory,False,False,False,False,False,False,False,False,False,False
I2510,Z7901,202320,1067226,585640,0.028560921708036854,2.2930751340824154,0.18957559129931242,0.3454682057236528,0.016105629125805074,0.13947851360797933,3.4377036912299097,0.0029807964236722552,3.384563825199394,3.491677887917958,414.2529516814237,5.226346176164583,Athscl heart disease of native coronary artery w/o ang pctrs,CIR011,Coronary atherosclerosis and other heart disease,Circulatory,Long term (current) use of anticoagulants,FAC025,Other specified status,Factors/status,False,False,False,False,False,False,False,False,False,False
E1122,Z794,198599,548083,550187,0.028035639038624015,4.66537973704284,0.3623520525175931,0.3609663623458933,0.022026344914927568,0.22074625057382088,9.995269233597398,0.003301901701242751,9.824261829618745,10.169253302156319,697.207885852953,5.226346176164583,Type 2 diabetes mellitus w diabetic chronic kidney disease,END003,Diabetes mellitus with complication,Endocrine/metabolic,Long term (current) use of insulin,FAC025,Other specified status,Factors/status,False,False,False,False,False,False,False,False,False,False
E860,N179,198130,483351,899456,0.027969431682549138,3.228303020994093,0.4099091550446777,0.22027759000996158,0.019305613106455094,0.16724389854787422,5.843010721074532,0.0031856885483007506,5.7465328323707014,5.941108366121929,554.1176331785699,5.226346176164583,Dehydration,END011,Fluid and electrolyte disorders,Endocrine/metabolic,"Acute kidney failure, unspecified",GEN002,Acute and unspecified renal failure,Genitourinary,False,False,False,False,False,False,False,False,False,False
E785,F17210,197976,1768237,789519,0.027947691953688732,1.0045604670931363,0.11196236703564058,0.2507552066511382,0.00012687591604388163,0.08389595640271551,1.0068556375409465,0.002755016837867999,0.992462126146569,1.021457895611698,2.4799284052318264,5.226346176164583,"Hyperlipidemia, unspecified",END010,Disorders of lipid metabolism,Endocrine/metabolic,"Nicotine dependence, cigarettes, uncomplicated",XXX000,Unacceptable PDX,Mental/behavioural,False,False,False,False,False,False,False,False,False,False
E785,I252,196995,1768237,342792,0.027809207057506523,2.3022402858442907,0.11140757715170534,0.5746779388083736,0.015730013053085662,0.10292136921287709,4.44564068993204,0.003572808055256201,4.3633986652497105,4.5294328252374765,417.5774272569116,5.226346176164583,"Hyperlipidemia, unspecified",END010,Disorders of lipid metabolism,Endocrine/metabolic,Old myocardial infarction,CIR011,Coronary atherosclerosis and other heart disease,Circulatory,False,False,False,False,False,False,False,False,False,False
E785,Z955,196574,1768237,319474,0.02774977572081671,2.4649986137188837,0.11116948689570459,0.6153051578532213,0.016492253884343423,0.1039448754902474,5.28450801267796,0.003748685228058019,5.181981940135837,5.38906257464215,444.09690930196336,5.226346176164583,"Hyperlipidemia, unspecified",END010,Disorders of lipid metabolism,Endocrine/metabolic,Presence of coronary angioplasty implant and graft,XXX000,Unacceptable PDX,Factors/status,False,False,False,False,False,False,False,False,False,False
I130,N179,196265,398706,899456,0.02770615509602537,3.8768300382322636,0.49225494474625414,0.2182041144869788,0.020559554697556864,0.17811555889525066,8.24727681643608,0.0034094128620879255,8.101622020910641,8.395550262819928,618.8405887895099,5.226346176164583,Hyp hrt & chr kdny dis w hrt fail and stg 1-4/unsp chr kdny,CIR019,Heart failure,Circulatory,"Acute kidney failure, unspecified",GEN002,Acute and unspecified renal failure,Genitourinary,False,False,False,False,False,False,False,False,False,False
E785,Z7984,194499,1768237,381206,0.027456854049483292,2.0440135427829067,0.10999600166719732,0.5102201959045766,0.0140240398949836,0.09949082940483206,3.395041812998721,0.003365676344901137,3.335844555347719,3.4552895738297287,363.1710098444906,5.226346176164583,"Hyperlipidemia, unspecified",END010,Disorders of lipid metabolism,Endocrine/metabolic,Long term (current) use of oral hypoglycemic drugs,XXX000,Unacceptable PDX,Factors/status,False,False,False,False,False,False,False,False,False,False
I130,I2510,194238,398706,1067226,0.027420009444077017,3.233639690895992,0.4871709981791094,0.18200268734082564,0.018940397593296153,0.15273957414283626,6.324618282588858,0.0033699530858420684,6.214200900740787,6.436997621961144,547.3220650941778,5.226346176164583,Hyp hrt & chr kdny dis w hrt fail and stg 1-4/unsp chr kdny,CIR019,Heart failure,Circulatory,Athscl heart disease of native coronary artery w/o ang pctrs,CIR011,Coronary atherosclerosis and other heart disease,Circulatory,False,False,True,False,False,False,False,False,False,False
K219,N179,192216,1192577,899456,0.027134569627481276,1.2693745316027596,0.16117701414667565,0.21370250462501778,0.005758239039518272,0.10117606064163022,1.4084148739840328,0.002794450478769679,1.387994783202141,1.4291353838399636,122.55177601237307,5.226346176164583,Gastro-esophageal reflux disease without esophagitis,DIG004,Esophageal disorders,Digestive,"Acute kidney failure, unspecified",GEN002,Acute and unspecified renal failure,Genitourinary,False,False,False,False,False,False,False,False,False,False
I10,Z7984,191717,1922540,381206,0.027064127259290735,1.8530712157131506,0.09972068201441843,0.5029223044757952,0.01245911530411061,0.09077384827575757,2.9062664031605636,0.003357415703416273,2.85571490898976,2.9577127533111622,317.7650099599784,5.226346176164583,Essential (primary) hypertension,CIR007,Essential hypertension,Circulatory,Long term (current) use of oral hypoglycemic drugs,XXX000,Unacceptable PDX,Factors/status,False,False,False,False,False,False,False,False,False,False
E785,Z8673,190742,1768237,381176,0.02692648936553166,2.004688539040667,0.10787128648478682,0.5004040128444603,0.013494732341362115,0.0973833788318712,3.2541605708388324,0.0033649446500136023,3.1974320000748486,3.311895615154357,350.6549069844057,5.226346176164583,"Hyperlipidemia, unspecified",END010,Disorders of lipid metabolism,Endocrine/metabolic,"Prsnl hx of TIA (TIA), and cereb infrc w/o resid deficits",XXX000,Unacceptable PDX,Factors/status,False,False,False,False,False,False,False,False,False,False
E785,I129,188223,1768237,385977,0.026570889514886422,1.9536078363788703,0.1064467036941315,0.487653409400042,0.012969956400215277,0.09573950236801694,3.082981636050135,0.0033463277354043894,3.0295319183732197,3.137374361556879,336.4575383500604,5.226346176164583,"Hyperlipidemia, unspecified",END010,Disorders of lipid metabolism,Endocrine/metabolic,Hypertensive chronic kidney disease w stg 1-4/unsp chr kdny,GEN003,Chronic kidney disease,Circulatory,False,False,False,False,False,False,False,False,False,False
I10,J449,185695,1922540,530930,0.02621401916060648,1.288706911346873,0.09658836747219823,0.3497542048857665,0.005872684036385495,0.08188422572786101,1.4914681147596964,0.003010835422949386,1.4681825547767127,1.515122986652808,132.77409443517854,5.226346176164583,Essential (primary) hypertension,CIR007,Essential hypertension,Circulatory,"Chronic obstructive pulmonary disease, unspecified",RSP008,Chronic obstructive pulmonary disease and bronchiectasis,Respiratory,False,False,False,False,False,False,False,False,False,False
I2510,J449,185192,1067226,530930,0.026143012124133853,2.3152354136843143,0.173526507037872,0.3488068106906749,0.014851282579218342,0.13106632582288014,3.44379734936665,0.0030987464046061753,3.3884738279040842,3.50002413648286,399.0564511341775,5.226346176164583,Athscl heart disease of native coronary artery w/o ang pctrs,CIR011,Coronary atherosclerosis and other heart disease,Circulatory,"Chronic obstructive pulmonary disease, unspecified",RSP008,Chronic obstructive pulmonary disease and bronchiectasis,Respiratory,False,False,False,False,False,False,False,False,False,False
E785,I480,183131,1768237,375871,0.025852066791787746,1.9518622796399108,0.10356699922012716,0.4872176890475722,0.012607245647666314,0.09338763279732501,3.0707286534912726,0.00338747063291016,3.01684259359426,3.1255772122131793,331.1954556745973,5.226346176164583,"Hyperlipidemia, unspecified",END010,Disorders of lipid metabolism,Endocrine/metabolic,Paroxysmal atrial fibrillation,CIR017,Cardiac dysrhythmias,Circulatory,False,False,False,False,False,False,False,False,False,False
Z7901,Z87891,183097,585640,1189002,0.025847267111389995,1.8626639489126184,0.31264428659244586,0.15399217158591827,0.01197076130019466,0.11504355830340958,2.483496436811569,0.003020261272676559,2.4446023944992303,2.523009289990983,301.18832070889124,5.226346176164583,Long term (current) use of anticoagulants,FAC025,Other specified status,Factors/status,Personal history of nicotine dependence,XXX000,Unacceptable PDX,Factors/status,False,False,True,False,False,False,False,False,False,False
I10,Z7901,179898,1922540,585640,0.025395673652789708,1.1318446343789297,0.09357308560550105,0.3071818864831637,0.0029582534615238618,0.07726641360453759,1.2099490196899254,0.0029677315126809857,1.1913270263373374,1.2288620990573165,64.21680176223968,5.226346176164583,Essential (primary) hypertension,CIR007,Essential hypertension,Circulatory,Long term (current) use of anticoagulants,FAC025,Other specified status,Factors/status,False,False,False,False,False,False,False,False,False,False
E039,I2510,178997,734506,1067226,0.02526848212224927,1.6175607676202413,0.24369712432573729,0.16772173841341947,0.009647132601375126,0.11030574924433133,1.9811076051932408,0.0029488589110373514,1.9508093297569524,2.011876447117197,231.83750239995646,5.226346176164583,"Hypothyroidism, unspecified",END001,Thyroid disorders,Endocrine/metabolic,Athscl heart disease of native coronary artery w/o ang pctrs,CIR011,Coronary atherosclerosis and other heart disease,Circulatory,False,False,False,False,False,False,False,False,False,False
I10,Z794,178715,1922540,550187,0.02522867300836203,1.1968559802242742,0.09295775380486232,0.324825922822604,0.004149551188179012,0.0779049978814409,1.3214456879999468,0.0030115949289834655,1.3008094412582394,1.3424093114242626,92.55107743200122,5.226346176164583,Essential (primary) hypertension,CIR007,Essential hypertension,Circulatory,Long term (current) use of insulin,FAC025,Other specified status,Factors/status,False,False,False,False,False,False,False,False,False,False
E872,N179,178374,443108,899456,0.025180535037313986,3.1703604007970045,0.402551973785172,0.19831320264693325,0.01723805157991785,0.15321725835130004,5.531345289106907,0.003307459094052512,5.436552513528346,5.627790889757888,517.1435257084738,5.226346176164583,Acidosis,END011,Fluid and electrolyte disorders,Endocrine/metabolic,"Acute kidney failure, unspecified",GEN002,Acute and unspecified renal failure,Genitourinary,False,False,False,False,False,False,False,False,False,False
E871,I10,178010,511228,1922540,0.025129150223643933,1.2829832345162664,0.3482008027729311,0.0925910514215569,0.00554265092451741,0.07891360686740333,1.4784596710080407,0.003065782641030654,1.4549593201764721,1.5023395970494093,127.5370203161114,5.226346176164583,Hypo-osmolality and hyponatremia,END011,Fluid and electrolyte disorders,Endocrine/metabolic,Essential (primary) hypertension,CIR007,Essential hypertension,Circulatory,False,False,False,False,False,False,False,False,False,False
I2510,N183,177773,1067226,472288,0.025095693627930186,2.498440958016232,0.16657483981837024,0.3764080391625449,0.015051152232060569,0.13054832012842382,3.883187556211315,0.0032124119215841975,3.8185362734669788,3.9489334438149872,422.31705789365327,5.226346176164583,Athscl heart disease of native coronary artery w/o ang pctrs,CIR011,Coronary atherosclerosis and other heart disease,Circulatory,"Chronic kidney disease, stage 3 (moderate)",GEN003,Chronic kidney disease,Genitourinary,False,False,False,False,False,False,False,False,False,False
E1122,I129,176860,548083,385977,0.024966808092543483,5.922273505835197,0.3226883519466942,0.4582138313940986,0.020751060868450612,0.23357105124141575,14.41370946093659,0.0036452752903912145,14.141706355944622,14.690944302980865,731.9556376456051,5.226346176164583,Type 2 diabetes mellitus w diabetic chronic kidney disease,END003,Diabetes mellitus with complication,Endocrine/metabolic,Hypertensive chronic kidney disease w stg 1-4/unsp chr kdny,GEN003,Chronic kidney disease,Circulatory,False,False,False,False,False,False,False,False,False,False
E785,Z66,176764,1768237,467310,0.02495325605377336,1.5153566870838673,0.09996623755752199,0.3782585435792087,0.008486336901033762,0.08585849018570679,1.9209585778761358,0.0031506169216276806,1.889586658714965,1.9528513502658769,207.2052353557634,5.226346176164583,"Hyperlipidemia, unspecified",END010,Disorders of lipid metabolism,Endocrine/metabolic,Do not resuscitate,XXX000,Unacceptable PDX,Factors/status,False,False,False,False,False,False,False,False,False,False
E119,Z7984,174938,575343,381206,0.024695484982999956,5.65020484935794,0.30405862242175535,0.45890673284261,0.020324761152375262,0.2238172185396572,13.34886238853237,0.003635998852477157,13.097589140234712,13.604956237372159,712.7150673074768,5.226346176164583,Type 2 diabetes mellitus without complications,END002,Diabetes mellitus without complication,Endocrine/metabolic,Long term (current) use of oral hypoglycemic drugs,XXX000,Unacceptable PDX,Factors/status,False,False,False,False,False,False,False,False,False,False
D649,E785,173651,536954,1768237,0.024513802963237977,1.2955862505493323,0.32340014228406905,0.09820572694723614,0.005592790986733858,0.08146738977452922,1.4844473346935976,0.003056178905881805,1.4609251345620853,1.5083482632663812,129.26027891699377,5.226346176164583,"Anemia, unspecified",BLD003,Aplastic anemia,Blood/immune,"Hyperlipidemia, unspecified",END010,Disorders of lipid metabolism,Endocrine/metabolic,False,False,False,False,False,False,False,False,False,False
E039,Z87891,173416,734506,1189002,0.02448062870166528,1.4066233721551822,0.23609882015939965,0.1458500490327182,0.007076802498950575,0.09908964785851258,1.6231933912685734,0.002953108024793584,1.5983334190026877,1.6484400276770672,164.02902773375803,5.226346176164583,"Hypothyroidism, unspecified",END001,Thyroid disorders,Endocrine/metabolic,Personal history of nicotine dependence,XXX000,Unacceptable PDX,Factors/status,False,False,False,False,False,False,False,False,False,False
J449,Z87891,172958,530930,1189002,0.02441597418336614,1.9408295748476259,0.32576422503908237,0.1454648520355727,0.011835799963131973,0.11180407686231314,2.6329391555808974,0.0031209072423087846,2.590341784712278,2.6762370270613003,310.19850853698074,5.226346176164583,"Chronic obstructive pulmonary disease, unspecified",RSP008,Chronic obstructive pulmonary disease and bronchiectasis,Respiratory,Personal history of nicotine dependence,XXX000,Unacceptable PDX,Factors/status,False,False,False,False,False,False,False,False,False,False
I2510,Z794,172173,1067226,550187,0.02430515803300627,2.0771359523264454,0.16132759134428884,0.3129354201389709,0.012603873865360011,0.11913107857518475,2.8693100776186067,0.003122194361806496,2.822869557727813,2.91651461506091,337.60601924520296,5.226346176164583,Athscl heart disease of native coronary artery w/o ang pctrs,CIR011,Coronary atherosclerosis and other heart disease,Circulatory,Long term (current) use of insulin,FAC025,Other specified status,Factors/status,False,False,False,False,False,False,False,False,False,False
E785,E871,171347,1768237,511228,0.024188554032754994,1.3427278493844739,0.09690273419230568,0.33516747908956473,0.006174066552031791,0.0812796057905677,1.570826449700507,0.003099272414476934,1.5455873677615608,1.5964776799724483,145.71222582223757,5.226346176164583,"Hyperlipidemia, unspecified",END010,Disorders of lipid metabolism,Endocrine/metabolic,Hypo-osmolality and hyponatremia,END011,Fluid and electrolyte disorders,Endocrine/metabolic,False,False,True,False,False,False,False,False,False,False
E1165,E785,171199,356093,1768237,0.02416766130631772,1.926033828980206,0.4807704728820842,0.09681903500492298,0.01161977095118622,0.08765361872808326,2.9746616646954895,0.0034742903432914683,2.921135651239006,3.0291684727670156,313.77064052302006,5.226346176164583,Type 2 diabetes mellitus with hyperglycemia,END003,Diabetes mellitus with complication,Endocrine/metabolic,"Hyperlipidemia, unspecified",END010,Disorders of lipid metabolism,Endocrine/metabolic,False,False,True,False,False,False,False,False,False,False
G4733,I10,171162,470750,1922540,0.0241624381247084,1.3397020965156285,0.3635942644715879,0.08902909692386114,0.006126758261587036,0.07702616590943456,1.5859504523589283,0.003155468615873231,1.5600101236488593,1.6123221248425956,146.15384851984615,5.226346176164583,Obstructive sleep apnea (adult) (pediatric),NVS016,Sleep wake disorders,Nervous,Essential (primary) hypertension,CIR007,Essential hypertension,Circulatory,False,False,False,False,False,False,False,False,False,False
I129,N179,166980,385977,899456,0.023572077435784863,3.4071378481786425,0.4326164512393226,0.18564554575209904,0.016653637828656608,0.14929550012383175,6.209677075977673,0.0034767587787732143,6.09786157959708,6.3235429149361755,525.2331295155132,5.226346176164583,Hypertensive chronic kidney disease w stg 1-4/unsp chr kdny,GEN003,Chronic kidney disease,Circulatory,"Acute kidney failure, unspecified",GEN002,Acute and unspecified renal failure,Genitourinary,False,False,False,False,False,False,False,False,False,False
E860,I10,166239,483351,1922540,0.02346747263652797,1.2672476936806683,0.3439301873793579,0.08646842198341777,0.004949015074085957,0.07422537072723798,1.4459047576671322,0.0031535195031763123,1.4222695507452814,1.4699327333197387,116.92816712530802,5.226346176164583,Dehydration,END011,Fluid and electrolyte disorders,Endocrine/metabolic,Essential (primary) hypertension,CIR007,Essential hypertension,Circulatory,False,False,False,False,False,False,False,False,False,False
N179,Z79899,166119,899456,1032658,0.02345053258806531,1.266920806703657,0.18468830048384802,0.16086545593991428,0.004940667990387594,0.09406538523608504,1.3901485613079168,0.0029538879969129967,1.3688522005076609,1.4117762471286286,111.51764061959355,5.226346176164583,"Acute kidney failure, unspecified",GEN002,Acute and unspecified renal failure,Genitourinary,Other long term (current) drug therapy,FAC025,Other specified status,Factors/status,False,False,False,False,False,False,False,False,False,False
N179,Z7982,164907,899456,878735,0.023279438098592495,1.4779775617707172,0.18334081933968976,0.1876640853044433,0.007528564268882824,0.10221820832537855,1.7204980557147713,0.0030015127623677948,1.6937192854614829,1.7477002152170538,180.78011294439045,5.226346176164583,"Acute kidney failure, unspecified",GEN002,Acute and unspecified renal failure,Genitourinary,Long term (current) use of aspirin,FAC025,Other specified status,Factors/status,False,False,False,False,False,False,False,False,False,False
N186,Z992,163146,216385,168131,0.023030842887403025,31.766405837801646,0.7539616886567923,0.9703505005025843,0.022305836633784097,0.7369833310746714,4218.065778753199,0.015021315338729484,3899.5847875092763,4562.557267860537,555.6858216116973,5.226346176164583,End stage renal disease,GEN003,Chronic kidney disease,Genitourinary,Dependence on renal dialysis,XXX000,Unacceptable PDX,Factors/status,False,False,False,True,False,False,False,False,True,False
J449,K219,163040,530930,1192577,0.023015879177927683,1.8240513879230216,0.30708379635733524,0.13671234645645522,0.010397879854928896,0.10448154302526103,2.3775869875290074,0.0031629108968750236,2.338607426439764,2.417216254150497,273.82564062689954,5.226346176164583,"Chronic obstructive pulmonary disease, unspecified",RSP008,Chronic obstructive pulmonary disease and bronchiectasis,Respiratory,Gastro-esophageal reflux disease without esophagitis,DIG004,Esophageal disorders,Digestive,False,False,False,False,False,False,False,False,False,False
E785,N390,162064,1768237,454737,0.022878100117098087,1.4277507113668435,0.0916528723242416,0.3563906169939987,0.006854224285724166,0.07863710690908385,1.7316741703875336,0.003226274259121955,1.702720120121297,1.7611205722839138,170.19280600758157,5.226346176164583,"Hyperlipidemia, unspecified",END010,Disorders of lipid metabolism,Endocrine/metabolic,"Urinary tract infection, site not specified",GEN004,Urinary tract infections,Genitourinary,False,False,False,False,False,False,False,False,False,False
F329,Z87891,160973,725159,1189002,0.022724086843158443,1.3225247522480312,0.22198304096067206,0.1353849699159463,0.0055417340709082615,0.09181730652959066,1.4794614058457192,0.0030240695142189963,1.4562625734621508,1.5030298047029225,129.52020604425462,5.226346176164583,"Major depressive disorder, single episode, unspecified",MBD002,Depressive disorders,Mental/behavioural,Personal history of nicotine dependence,XXX000,Unacceptable PDX,Factors/status,False,False,False,False,False,False,False,False,False,False
D649,I10,159919,536954,1922540,0.02257529675082812,1.097372813284688,0.2978262569978061,0.08318110416428266,0.002003166224598757,0.06954285030929629,1.1512568096556055,0.003111554766416786,1.1326864054164802,1.1701316758463842,45.268116473614,5.226346176164583,"Anemia, unspecified",BLD003,Aplastic anemia,Blood/immune,Essential (primary) hypertension,CIR007,Essential hypertension,Circulatory,False,False,False,False,False,False,False,False,False,False
I10,N390,159803,1922540,454737,0.022558921370647553,1.2948392304403458,0.08312076731823526,0.3514185122389425,0.0051367419677453285,0.07206533199487344,1.4958042276138168,0.0032281669100063986,1.4707794366878009,1.5212548064895888,124.7345686637849,5.226346176164583,Essential (primary) hypertension,CIR007,Essential hypertension,Circulatory,"Urinary tract infection, site not specified",GEN004,Urinary tract infections,Genitourinary,False,False,False,False,False,False,False,False,False,False
G4733,K219,159419,470750,1192577,0.022504713215567056,2.011545776408952,0.33864896441848114,0.1336760645224585,0.011316942358200402,0.10600315976775175,2.765525369070015,0.0032606577804081254,2.718796441118799,2.813057443838125,311.97098632499905,5.226346176164583,Obstructive sleep apnea (adult) (pediatric),NVS016,Sleep wake disorders,Nervous,Gastro-esophageal reflux disease without esophagitis,DIG004,Esophageal disorders,Digestive,False,False,False,False,False,False,False,False,False,False
Z794,Z7982,158659,550187,878735,0.02239742624197024,2.3246793674436366,0.2883728623177211,0.18055386436183832,0.012762795954611578,0.12490248082483706,3.271635520501475,0.0032276387150452996,3.216909968794558,3.3272920544362687,367.23131790460644,5.226346176164583,Long term (current) use of insulin,FAC025,Other specified status,Factors/status,Long term (current) use of aspirin,FAC025,Other specified status,Factors/status,True,True,True,False,False,False,False,True,True,False
E785,Z951,158598,1768237,260258,0.022388815050668393,2.441292079191316,0.08969272784134706,0.6093876076816083,0.01321792753519964,0.08481643641334255,5.053376059763106,0.004117638147470744,4.945788192691348,5.1633043321838334,393.4431556604191,5.226346176164583,"Hyperlipidemia, unspecified",END010,Disorders of lipid metabolism,Endocrine/metabolic,Presence of aortocoronary bypass graft,XXX000,Unacceptable PDX,Factors/status,False,False,False,False,False,False,False,False,False,False
E785,I4891,156328,1768237,353708,0.022068365800583162,1.7705900237323173,0.08840896327811261,0.441969081841519,0.00960451730669855,0.07953126168526219,2.514835242118839,0.0035041270969556567,2.4691982679119624,2.5613157020197663,263.1774663981544,5.226346176164583,"Hyperlipidemia, unspecified",END010,Disorders of lipid metabolism,Endocrine/metabolic,Unspecified atrial fibrillation,CIR017,Cardiac dysrhythmias,Circulatory,False,False,False,False,False,False,False,False,False,False
E6601,I10,155905,431917,1922540,0.022008652129752303,1.329997910969453,0.36096055492143164,0.08109324123295224,0.005460767393820721,0.07091258246336679,1.5619705346745958,0.0032875388377316592,1.5353622878910351,1.589039909624765,135.648036238129,5.226346176164583,Morbid (severe) obesity due to excess calories,END009,Obesity,Endocrine/metabolic,Essential (primary) hypertension,CIR007,Essential hypertension,Circulatory,False,False,False,False,False,False,False,False,False,False
E7800,I10,155628,326467,1922540,0.02196954885121767,1.7564656503669798,0.47670361782354725,0.0809491610057528,0.009461733029924748,0.07434296417418919,2.572903278303099,0.0036118344644872737,2.5247908922050715,2.6219324934752457,261.64957194577653,5.226346176164583,"Pure hypercholesterolemia, unspecified",END010,Disorders of lipid metabolism,Endocrine/metabolic,Essential (primary) hypertension,CIR007,Essential hypertension,Circulatory,False,False,False,False,False,False,False,False,False,False
E785,M1990,155119,1768237,333307,0.02189769481232191,1.864432588686527,0.08772523140280404,0.4653937661075225,0.010152730180616666,0.07969431136570893,2.7724401862513215,0.0035879306271923463,2.720936434794225,2.8249188360486492,284.210585996647,5.226346176164583,"Hyperlipidemia, unspecified",END010,Disorders of lipid metabolism,Endocrine/metabolic,"Unspecified osteoarthritis, unspecified site",MUS006,Osteoarthritis,Musculoskeletal,False,False,False,False,False,False,False,False,False,False
E6601,E785,154832,431917,1768237,0.021857179863082058,1.4361061746893773,0.3584762813225689,0.08756292284348761,0.006637427836175231,0.07570054984007409,1.7450369777255659,0.0032993735903550977,1.7152040918915055,1.7753887528751284,168.75195574430984,5.226346176164583,Morbid (severe) obesity due to excess calories,END009,Obesity,Endocrine/metabolic,"Hyperlipidemia, unspecified",END010,Disorders of lipid metabolism,Endocrine/metabolic,False,False,True,False,False,False,False,False,False,False
F419,Z87891,154745,723719,1189002,0.021844898327946633,1.2738862892906497,0.21381917567453668,0.13014696358795022,0.004696665780353444,0.08802452365675072,1.4005022334556485,0.003061766295678836,1.3782699591523648,1.4230931269230618,110.01195974625554,5.226346176164583,"Anxiety disorder, unspecified",MBD005,Anxiety and fear-related disorders,Mental/behavioural,Personal history of nicotine dependence,XXX000,Unacceptable PDX,Factors/status,False,False,False,False,False,False,False,False,False,False
F329,Z79899,152404,725159,1032658,0.021514426215854334,1.4416943883056939,0.2101663221445228,0.14758419534831474,0.0065914117473451755,0.09493133542583747,1.6560498755281468,0.0031025799147942294,1.629413309015952,1.6831218789375564,162.58571493251472,5.226346176164583,"Major depressive disorder, single episode, unspecified",MBD002,Depressive disorders,Mental/behavioural,Other long term (current) drug therapy,FAC025,Other specified status,Factors/status,False,False,False,False,False,False,False,False,False,False
Z7901,Z79899,152245,585640,1032658,0.021491980651641315,1.7832917085075943,0.259963458780138,0.14743022375268483,0.009440121413408453,0.10384685956101178,2.241485715538368,0.0031921054153653066,2.2044011042068283,2.279194200807816,252.85471713543993,5.226346176164583,Long term (current) use of anticoagulants,FAC025,Other specified status,Factors/status,Other long term (current) drug therapy,FAC025,Other specified status,Factors/status,True,True,True,False,False,False,False,True,True,False
E876,N179,152241,663288,899456,0.021491415983359227,1.8076575613245989,0.22952473133842313,0.16925897431336273,0.0096023190420055,0.10793383636901162,2.261839867574023,0.0031685710763194033,2.224692120982741,2.2996079045253937,257.5856949778457,5.226346176164583,Hypokalemia,END011,Fluid and electrolyte disorders,Endocrine/metabolic,"Acute kidney failure, unspecified",GEN002,Acute and unspecified renal failure,Genitourinary,False,False,False,False,False,False,False,False,False,False
I10,Z8673,151827,1922540,381176,0.021432972816163066,1.4676235622652225,0.07897208900725082,0.3983120658173652,0.0068291102404750125,0.07055521915860902,1.8438265321563556,0.003422584531477141,1.811138109827301,1.8771049332112537,178.76638066456036,5.226346176164583,Essential (primary) hypertension,CIR007,Essential hypertension,Circulatory,"Prsnl hx of TIA (TIA), and cereb infrc w/o resid deficits",XXX000,Unacceptable PDX,Factors/status,False,False,False,False,False,False,False,False,False,False
I2510,I480,151759,1067226,375871,0.02142337345536756,2.6799447291450442,0.14219949663894996,0.4037528833030481,0.013429412526851677,0.11752074205204215,4.2846019540042075,0.0035094720566805114,4.206731325922978,4.363914042033306,414.60015391318643,5.226346176164583,Athscl heart disease of native coronary artery w/o ang pctrs,CIR011,Coronary atherosclerosis and other heart disease,Circulatory,Paroxysmal atrial fibrillation,CIR017,Cardiac dysrhythmias,Circulatory,False,False,True,False,False,False,False,False,False,False
F419,Z79899,151038,723719,1032658,0.021321591997521105,1.431615314357965,0.20869702191043762,0.14626139535063884,0.006428211224290709,0.09408480078039591,1.6388976794398926,0.00311188166410287,1.612458605459475,1.6657702681974185,158.7540666665048,5.226346176164583,"Anxiety disorder, unspecified",MBD005,Anxiety and fear-related disorders,Mental/behavioural,Other long term (current) drug therapy,FAC025,Other specified status,Factors/status,False,False,False,False,False,False,False,False,False,False
E871,N179,150850,511228,899456,0.021295052588262947,2.323899576418096,0.2950738222476077,0.16771248399032304,0.012131553096135268,0.11973799722820626,3.2565183378673344,0.00330324984217414,3.200780553292725,3.3132267296352707,357.42335171649546,5.226346176164583,Hypo-osmolality and hyponatremia,END011,Fluid and electrolyte disorders,Endocrine/metabolic,"Acute kidney failure, unspecified",GEN002,Acute and unspecified renal failure,Genitourinary,False,False,False,False,False,False,False,False,False,False
E785,E860,150602,1768237,483351,0.021260043154773457,1.2482289234819768,0.08517070958248243,0.3115789560795364,0.004227876414502892,0.07168158188583837,1.3941492062140033,0.003234831612357723,1.3707773550525284,1.4179195490960341,102.72075366394583,5.226346176164583,"Hyperlipidemia, unspecified",END010,Disorders of lipid metabolism,Endocrine/metabolic,Dehydration,END011,Fluid and electrolyte disorders,Endocrine/metabolic,False,False,True,False,False,False,False,False,False,False
F17210,Z79899,148806,789519,1032658,0.021006507096115717,1.2929089463280115,0.18847678143274577,0.1440999827629283,0.004759031080286247,0.08892588672804776,1.4217078986892513,0.003097924319614797,1.398874618627648,1.4449138773983454,113.57891870442306,5.226346176164583,"Nicotine dependence, cigarettes, uncomplicated",XXX000,Unacceptable PDX,Mental/behavioural,Other long term (current) drug therapy,FAC025,Other specified status,Factors/status,False,False,False,False,False,False,False,False,False,False
E039,Z79899,148715,734506,1032658,0.020993660892698204,1.3888953099979215,0.20246941481757808,0.1440118606547376,0.00587829493129279,0.09188735635166756,1.5696656670405638,0.0031217952180801175,1.5442634468605196,1.5954857387156927,144.42415797876973,5.226346176164583,"Hypothyroidism, unspecified",END001,Thyroid disorders,Endocrine/metabolic,Other long term (current) drug therapy,FAC025,Other specified status,Factors/status,False,False,False,False,False,False,False,False,False,False
E1165,Z794,148471,356093,550187,0.020959216127490805,5.36827147671404,0.41694444990494056,0.2698555218498438,0.017054939635810826,0.19592139971945438,11.261025896247334,0.003768173113855763,11.041423262094513,11.48499620255456,642.5786860611422,5.226346176164583,Type 2 diabetes mellitus with hyperglycemia,END003,Diabetes mellitus with complication,Endocrine/metabolic,Long term (current) use of insulin,FAC025,Other specified status,Factors/status,False,False,False,False,False,False,False,False,False,False
I480,Z7901,148183,375871,585640,0.02091856001118043,4.768649792168146,0.39423898092696696,0.2530274571409057,0.01653187595534217,0.1821934078256251,9.328750963000061,0.0036858877953874904,9.150764311474113,9.510199538256435,605.8516310472669,5.226346176164583,Paroxysmal atrial fibrillation,CIR017,Cardiac dysrhythmias,Circulatory,Long term (current) use of anticoagulants,FAC025,Other specified status,Factors/status,False,False,False,False,False,False,False,False,False,False
Z23,Z3801,147782,701100,215243,0.020861952015901058,6.9371188285875975,0.21078590785907858,0.6865821420441083,0.017854658565783155,0.19228402169769218,25.002416988917016,0.004853410655723761,24.376191446111836,25.644730296348122,663.239261642839,5.226346176164583,Encounter for immunization,XXX000,Unacceptable PDX,Factors/status,"Single liveborn infant, delivered by cesarean",PNL001,Liveborn,Factors/status,False,False,True,False,True,False,False,False,True,False
E876,K219,147602,663288,1192577,0.020836541943207075,1.321813765222436,0.22253078602356743,0.12376727037331761,0.005072943097873005,0.08640472807758524,1.4723943510791784,0.003139602462047981,1.4484314852910192,1.4967536587719859,123.22894081420006,5.226346176164583,Hypokalemia,END011,Fluid and electrolyte disorders,Endocrine/metabolic,Gastro-esophageal reflux disease without esophagitis,DIG004,Esophageal disorders,Digestive,False,False,False,False,False,False,False,False,False,False
G8929,I10,145295,357606,1922540,0.020510869511512528,1.497052688740255,0.40629911131245,0.07557450040051182,0.006810036090096958,0.06805861392668622,1.905656773488307,0.003515297627773447,1.8709653915735538,1.940991401924121,183.4344571716895,5.226346176164583,Other chronic pain,NVS019,Nervous system pain and pain syndromes,Nervous,Essential (primary) hypertension,CIR007,Essential hypertension,Circulatory,False,False,False,False,False,False,False,False,False,False
K219,Z7901,145222,1192577,585640,0.02050056431536441,1.4729291254429344,0.1217715921068409,0.24797145003756574,0.006582335691024085,0.08892984975459202,1.716071274124982,0.0032085506938876185,1.6875344166206871,1.7450907008902055,168.3119846820155,5.226346176164583,Gastro-esophageal reflux disease without esophagitis,DIG004,Esophageal disorders,Digestive,Long term (current) use of anticoagulants,FAC025,Other specified status,Factors/status,False,False,False,False,False,False,False,False,False,False
F17210,K219,144452,789519,1192577,0.020391865671062374,1.0867787591269291,0.18296203131273597,0.12112593149121607,0.0016282806269046143,0.0786071730977273,1.1208519961929109,0.003101228142446417,1.1028315570607778,1.1391668921026323,36.78836311270453,5.226346176164583,"Nicotine dependence, cigarettes, uncomplicated",XXX000,Unacceptable PDX,Mental/behavioural,Gastro-esophageal reflux disease without esophagitis,DIG004,Esophageal disorders,Digestive,False,False,False,False,False,False,False,False,False,False
N179,Z794,144210,899456,550187,0.020357703239996017,2.064294838870694,0.160330244058631,0.262110882300018,0.010495883670106945,0.11046909339659715,2.7177639363277097,0.003300701236654862,2.671282923472582,2.7650537308124634,302.9081968635884,5.226346176164583,"Acute kidney failure, unspecified",GEN002,Acute and unspecified renal failure,Genitourinary,Long term (current) use of insulin,FAC025,Other specified status,Factors/status,False,False,False,False,False,False,False,False,False,False
I10,M1990,143164,1922540,333307,0.020210042484229872,1.5826344048071515,0.07446607092700282,0.42952593254867133,0.007440168138744171,0.06776407061542124,2.103490097084845,0.003606565412877328,2.0642124155923853,2.1435151514018114,206.17896283117958,5.226346176164583,Essential (primary) hypertension,CIR007,Essential hypertension,Circulatory,"Unspecified osteoarthritis, unspecified site",MUS006,Osteoarthritis,Musculoskeletal,False,False,False,False,False,False,False,False,False,False
I10,Z66,143089,1922540,467310,0.020199454953940713,1.1282163446371347,0.07442706003516182,0.3061971710427767,0.0022955706059104505,0.06368679178604222,1.1996647075580948,0.0032926665351359747,1.179196756939284,1.2204879313745876,55.28713747377185,5.226346176164583,Essential (primary) hypertension,CIR007,Essential hypertension,Circulatory,Do not resuscitate,XXX000,Unacceptable PDX,Factors/status,False,False,False,False,False,False,False,False,False,False
E119,I2510,142761,575343,1067226,0.020153152154809457,1.646997531966944,0.24813198387744353,0.13376829275148844,0.007916854429006952,0.09518618383153044,1.9934101396672472,0.0032522571723179856,1.9598136424146357,2.027582571592022,212.11324123733868,5.226346176164583,Type 2 diabetes mellitus without complications,END002,Diabetes mellitus without complication,Endocrine/metabolic,Athscl heart disease of native coronary artery w/o ang pctrs,CIR011,Coronary atherosclerosis and other heart disease,Circulatory,False,False,False,False,False,False,False,False,False,False
G4733,I2510,142191,470750,1067226,0.020072686924611845,2.0048966047174366,0.30205204460966545,0.13323419781751944,0.010060855452913174,0.10187170660237788,2.6611071371248856,0.0033664826783197524,2.614696028556769,2.7083420473796975,290.7314092143488,5.226346176164583,Obstructive sleep apnea (adult) (pediatric),NVS016,Sleep wake disorders,Nervous,Athscl heart disease of native coronary artery w/o ang pctrs,CIR011,Coronary atherosclerosis and other heart disease,Circulatory,False,False,False,False,False,False,False,False,False,False
Z515,Z66,142176,201047,467310,0.02007056941855401,10.719887250167055,0.7071779235701104,0.3042434358348848,0.018198295116579312,0.2702035991417402,48.708662816445305,0.0052199428576140605,47.397793032299184,50.05578702260251,744.4251788777018,5.226346176164583,Encounter for palliative care,FAC010,Other aftercare encounter,Factors/status,Do not resuscitate,XXX000,Unacceptable PDX,Factors/status,False,False,True,False,False,False,False,False,False,False
I110,Z87891,141897,497458,1189002,0.020031183805878337,1.6994203193536082,0.2852441814183308,0.11934126267239248,0.008244115252115602,0.09186870331608357,2.111154181882803,0.00331592177158796,2.074882755048502,2.1480596765464286,225.34753683551074,5.226346176164583,Hypertensive heart disease with heart failure,CIR019,Heart failure,Circulatory,Personal history of nicotine dependence,XXX000,Unacceptable PDX,Factors/status,False,False,False,False,False,False,False,False,False,False
Z794,Z87891,141430,550187,1189002,0.019965258783944503,1.5314937518446792,0.2570580548068202,0.11894849630194061,0.0069287976427244245,0.08851773014578544,1.8119772374857703,0.0032640339215964224,1.7813289275255366,1.843152861008875,182.1116629686284,5.226346176164583,Long term (current) use of insulin,FAC025,Other specified status,Factors/status,Personal history of nicotine dependence,XXX000,Unacceptable PDX,Factors/status,False,False,True,False,False,False,False,False,False,False
E785,E872,141168,1768237,443108,0.01992827301146771,1.2763000747030429,0.07983545192188604,0.3185859880661148,0.004314176133737427,0.0681912706014993,1.4406632455324895,0.003348089350294984,1.4156734025508821,1.4660942158610681,109.04834265948342,5.226346176164583,"Hyperlipidemia, unspecified",END010,Disorders of lipid metabolism,Endocrine/metabolic,Acidosis,END011,Fluid and electrolyte disorders,Endocrine/metabolic,False,False,True,False,False,False,False,False,False,False
E1122,Z87891,139461,548083,1189002,0.019687300822086435,1.5159694720944348,0.25445233659865385,0.11729248563080634,0.0067006931202262966,0.08729275474079007,1.7840318811661022,0.0032791397363515764,1.7537177887315116,1.8148699713647787,176.53285652626948,5.226346176164583,Type 2 diabetes mellitus w diabetic chronic kidney disease,END003,Diabetes mellitus with complication,Endocrine/metabolic,Personal history of nicotine dependence,XXX000,Unacceptable PDX,Factors/status,False,False,False,False,False,False,False,False,False,False
E039,N179,139426,734506,899456,0.01968235997461816,1.4949790086914898,0.18982281969105766,0.15501147360182155,0.0065167169387032025,0.09329049283523448,1.723033161871129,0.003216727148054935,1.6943081295024414,1.7522451939007488,169.14278983145215,5.226346176164583,"Hypothyroidism, unspecified",END001,Thyroid disorders,Endocrine/metabolic,"Acute kidney failure, unspecified",GEN002,Acute and unspecified renal failure,Genitourinary,False,False,False,False,False,False,False,False,False,False
F17210,F419,139316,789519,723719,0.019666831596860727,1.7271697931215724,0.17645680471274283,0.19250012781203754,0.008280092623550988,0.10140022504916582,2.093474577950917,0.0032560961483601995,2.0581503218367043,2.1294051080854395,226.9052047038818,5.226346176164583,"Nicotine dependence, cigarettes, uncomplicated",XXX000,Unacceptable PDX,Mental/behavioural,"Anxiety disorder, unspecified",MBD005,Anxiety and fear-related disorders,Mental/behavioural,False,False,True,False,False,False,False,False,False,False
Z794,Z79899,138819,550187,1032658,0.019596671562811228,1.7308071109111653,0.2523123956036766,0.1344288234827019,0.008274398018132545,0.09613331061906087,2.1292272932405703,0.003306144338284129,2.0927522923964323,2.166338024214554,228.59230071273495,5.226346176164583,Long term (current) use of insulin,FAC025,Other specified status,Factors/status,Other long term (current) drug therapy,FAC025,Other specified status,Factors/status,True,True,True,False,False,False,False,True,True,False
Z7982,Z955,138597,878735,319474,0.019565332473155318,3.497252452258403,0.15772331817897317,0.4338287309765427,0.0139708457324224,0.1307997644420788,6.236727477775208,0.003776352310354026,6.114842898818142,6.36104153052798,484.71526269680885,5.226346176164583,Long term (current) use of aspirin,FAC025,Other specified status,Factors/status,Presence of coronary angioplasty implant and graft,XXX000,Unacceptable PDX,Factors/status,False,False,True,False,False,False,False,False,False,False
F329,I2510,138444,725159,1067226,0.01954373391136543,1.2672173132639855,0.19091537166331798,0.12972322638316533,0.00412117480741315,0.08370552516685903,1.3795044751750527,0.003191920996271606,1.3566823550416733,1.4027105091740815,100.7933338894022,5.226346176164583,"Major depressive disorder, single episode, unspecified",MBD002,Depressive disorders,Mental/behavioural,Athscl heart disease of native coronary artery w/o ang pctrs,CIR011,Coronary atherosclerosis and other heart disease,Circulatory,False,False,False,False,False,False,False,False,False,False
E785,J9601,138343,1768237,412424,0.019529476037242696,1.3438146857648017,0.07823781540596651,0.33543877174946174,0.0049966120611893775,0.0677382268579134,1.5612707984778882,0.003418892366251767,1.5336212807765135,1.5894188068031878,130.30539026314173,5.226346176164583,"Hyperlipidemia, unspecified",END010,Disorders of lipid metabolism,Endocrine/metabolic,Acute respiratory failure with hypoxia,RSP012,Respiratory failure; insufficiency; arrest,Respiratory,False,False,False,False,False,False,False,False,False,False
E039,Z7982,137585,734506,878735,0.019422471397786925,1.510025958820902,0.1873163731814308,0.15657166267418504,0.006560128678226735,0.09323649956358393,1.7440889126256574,0.003235897941861009,1.7148410315750138,1.7738356379016262,171.8942674309058,5.226346176164583,"Hypothyroidism, unspecified",END001,Thyroid disorders,Endocrine/metabolic,Long term (current) use of aspirin,FAC025,Other specified status,Factors/status,False,False,False,False,False,False,False,False,False,False
D62,I10,137562,413351,1922540,0.019419224555164916,1.2262265126517187,0.33279706593185937,0.07155221737909224,0.0035826524742279438,0.06257571091497223,1.3651999748323191,0.00341471755848414,1.3410520576397458,1.3897827162372842,91.1644709360522,5.226346176164583,Acute posthemorrhagic anemia,BLD004,Acute posthemorrhagic anemia,Blood/immune,Essential (primary) hypertension,CIR007,Essential hypertension,Circulatory,False,False,False,False,False,False,False,False,False,False
D62,E785,137353,413351,1768237,0.019389720637425792,1.331206043648053,0.33229144238189817,0.07767793570658232,0.004824191334170853,0.06719041597468002,1.5378122940567522,0.0034227600280318494,1.5105476835059612,1.565569016837169,125.7350251358429,5.226346176164583,Acute posthemorrhagic anemia,BLD004,Acute posthemorrhagic anemia,Blood/immune,"Hyperlipidemia, unspecified",END010,Disorders of lipid metabolism,Endocrine/metabolic,False,False,False,False,False,False,False,False,False,False
E785,N400,137245,1768237,261384,0.0193744745938094,2.1035055176539132,0.07761685792119495,0.5250703945153491,0.010163909453282367,0.07252522754463173,3.5190312098581624,0.004018384739048531,3.445897033113662,3.5937175536455825,313.10733266287457,5.226346176164583,"Hyperlipidemia, unspecified",END010,Disorders of lipid metabolism,Endocrine/metabolic,Benign prostatic hyperplasia without lower urinry tract symp,GEN012,Hyperplasia of prostate,Genitourinary,False,False,False,False,False,False,False,False,False,False
E119,K219,137238,575343,1192577,0.019373486424315745,1.4168625297126878,0.23853249279125668,0.11507684619106355,0.005699974691145476,0.08415987911806226,1.6186404797539906,0.0032710982518535736,1.5912035746092952,1.6465504756935605,147.22473915576484,5.226346176164583,Type 2 diabetes mellitus without complications,END002,Diabetes mellitus without complication,Endocrine/metabolic,Gastro-esophageal reflux disease without esophagitis,DIG004,Esophageal disorders,Digestive,False,False,False,False,False,False,False,False,False,False
O701,Z370,137161,138661,696749,0.019362616559885543,10.056956192451452,0.9891822502361876,0.19685855308009054,0.01743732065629806,0.19643565547533903,1043.100604966339,0.02599382282270477,910.5967839826372,1194.8854764480354,267.36940368697304,5.226346176164583,Second degree perineal laceration during delivery,PRG026,OB-related trauma to perineum and vulva,Pregnancy/childbirth,Single live birth,XXX000,Unacceptable PDX,Factors/status,False,False,False,True,True,False,False,False,True,True
G4733,Z87891,136984,470750,1189002,0.019337629988403125,1.7336583970171235,0.2909909718534254,0.11520922588860237,0.008183396823625783,0.08995723577064924,2.1695073755582546,0.0033803222837582836,2.1315158461490085,2.208176055132469,229.1202024226796,5.226346176164583,Obstructive sleep apnea (adult) (pediatric),NVS016,Sleep wake disorders,Nervous,Personal history of nicotine dependence,XXX000,Unacceptable PDX,Factors/status,False,False,False,False,False,False,False,False,False,False
N179,Z66,136095,899456,467310,0.019212132462708954,2.2936321617021864,0.15130812402163085,0.29123066058933045,0.010835840577940934,0.11058601364621413,3.1505861855867354,0.003442064475623998,3.094415717735743,3.2077762712739855,333.4012289177808,5.226346176164583,"Acute kidney failure, unspecified",GEN002,Acute and unspecified renal failure,Genitourinary,Do not resuscitate,XXX000,Unacceptable PDX,Factors/status,False,False,False,False,False,False,False,False,False,False
E1165,I10,135935,356093,1922540,0.019189545731425412,1.406562608883254,0.38174016338428446,0.07070594109875478,0.005546679349060085,0.06344104488826703,1.7076272137886153,0.003558190075482062,1.6761650563894153,1.7396799260048597,150.3867981437102,5.226346176164583,Type 2 diabetes mellitus with hyperglycemia,END003,Diabetes mellitus with complication,Endocrine/metabolic,Essential (primary) hypertension,CIR007,Essential hypertension,Circulatory,False,False,False,False,False,False,False,False,False,False
E119,Z87891,135455,575343,1189002,0.019121785537574792,1.4026593774652547,0.23543347185939517,0.1139232734680009,0.005489263027277412,0.08315785596326333,1.5943656971923676,0.00328455425531992,1.5672300433684094,1.6219711886841075,142.02108988571294,5.226346176164583,Type 2 diabetes mellitus without complications,END002,Diabetes mellitus without complication,Endocrine/metabolic,Personal history of nicotine dependence,XXX000,Unacceptable PDX,Factors/status,False,False,False,False,False,False,False,False,False,False
E1122,Z7982,134966,548083,878735,0.019052754840089472,1.9851197860952898,0.24625102402373364,0.15359124195576596,0.009454968865890884,0.1044748160005945,2.544128802428892,0.003368533911571115,2.499731059165926,2.589315094363771,277.20910597758234,5.226346176164583,Type 2 diabetes mellitus w diabetic chronic kidney disease,END003,Diabetes mellitus with complication,Endocrine/metabolic,Long term (current) use of aspirin,FAC025,Other specified status,Factors/status,False,False,False,False,False,False,False,False,False,False
N183,Z87891,134924,472288,1189002,0.01904682582312754,1.7020264675473482,0.28568161799579916,0.11347668044292608,0.007856150362848494,0.08839557484902048,2.1085952544782796,0.0033918048778451234,2.0715460719433043,2.146307054149847,219.94837452927268,5.226346176164583,"Chronic kidney disease, stage 3 (moderate)",GEN003,Chronic kidney disease,Genitourinary,Personal history of nicotine dependence,XXX000,Unacceptable PDX,Factors/status,False,False,False,False,False,False,False,False,False,False
E6601,G4733,133910,431917,470750,0.018903682413618107,4.66540103098598,0.3100364190342126,0.28446096654275094,0.01485179442198215,0.17419028379578982,8.424416390775303,0.0037350248471245775,8.261561967909186,8.590481049568968,570.5809974343647,5.226346176164583,Morbid (severe) obesity due to excess calories,END009,Obesity,Endocrine/metabolic,Obstructive sleep apnea (adult) (pediatric),NVS016,Sleep wake disorders,Nervous,False,False,False,False,False,False,False,False,False,False
I2510,Z8673,133837,1067226,381176,0.01889337721746999,2.3305629897712925,0.12540642750457728,0.35111601989632085,0.010786590445178513,0.10181086519114688,3.3445683039870073,0.0035720400999445867,3.2827087172922447,3.4075935769474714,337.9966613942276,5.226346176164583,Athscl heart disease of native coronary artery w/o ang pctrs,CIR011,Coronary atherosclerosis and other heart disease,Circulatory,"Prsnl hx of TIA (TIA), and cereb infrc w/o resid deficits",XXX000,Unacceptable PDX,Factors/status,False,False,False,False,False,False,False,False,False,False
A419,N179,133189,413374,899456,0.018801900955771653,2.5375340309725725,0.32219975131479,0.14807728226839334,0.011392384186230887,0.11290638423045656,3.662708661804909,0.0035428184676470154,3.5955139718349964,3.7311591183760697,366.43225078618923,5.226346176164583,"Sepsis, unspecified organism",INF002,Septicemia,Infectious,"Acute kidney failure, unspecified",GEN002,Acute and unspecified renal failure,Genitourinary,False,False,False,False,False,False,False,False,False,False
E669,K219,132987,534192,1192577,0.01877338520752618,1.4787405340609487,0.24894981579656753,0.11151229648064653,0.006077861702824303,0.08344114816204475,1.7174341388391177,0.0033373494542596085,1.6877381398355502,1.7476526432811803,162.0541704372992,5.226346176164583,"Obesity, unspecified",END009,Obesity,Endocrine/metabolic,Gastro-esophageal reflux disease without esophagitis,DIG004,Esophageal disorders,Digestive,False,False,False,False,False,False,False,False,False,False
N179,N390,132509,899456,454737,0.018705907347816603,2.294942235243404,0.14732126974526824,0.2913970053019658,0.010554980034461965,0.10846421824301537,3.143201658813488,0.003482021462438332,3.0865182246058462,3.2009260756040145,328.9014526081416,5.226346176164583,"Acute kidney failure, unspecified",GEN002,Acute and unspecified renal failure,Genitourinary,"Urinary tract infection, site not specified",GEN004,Urinary tract infections,Genitourinary,False,False,True,False,False,False,False,False,False,False
I252,Z7982,131808,342792,878735,0.018606949231380593,3.099700727919837,0.38451305748092135,0.149997439501101,0.012604128035197747,0.12095595286491288,5.013458488054594,0.0037191528493991234,4.916949970820645,5.111861247441497,433.4659152755797,5.226346176164583,Old myocardial infarction,CIR011,Coronary atherosclerosis and other heart disease,Circulatory,Long term (current) use of aspirin,FAC025,Other specified status,Factors/status,False,False,False,False,False,False,False,False,False,False
E1122,K219,131488,548083,1192577,0.018561775768813512,1.425016707427156,0.23990526982227145,0.11025535458087822,0.005536120931175512,0.08171158831995586,1.6284567556158756,0.0033362742728666613,1.6003082490704625,1.6571003782873208,146.16088209938857,5.226346176164583,Type 2 diabetes mellitus w diabetic chronic kidney disease,END003,Diabetes mellitus with complication,Endocrine/metabolic,Gastro-esophageal reflux disease without esophagitis,DIG004,Esophageal disorders,Digestive,False,False,False,False,False,False,False,False,False,False
I10,Z9049,131395,1922540,332401,0.018548647231254954,1.4564907498795274,0.06834448177931278,0.3952906278861977,0.005813484146429874,0.06187527842580288,1.810272364625817,0.003653146383759275,1.7760374019720855,1.8451672416859688,162.4564825240331,5.226346176164583,Essential (primary) hypertension,CIR007,Essential hypertension,Circulatory,Acquired absence of other specified parts of digestive tract,XXX000,Unacceptable PDX,Factors/status,False,False,False,False,False,False,False,False,False,False
E7800,E785,130718,326467,1768237,0.018453077124511472,1.6040659863166373,0.40040187829091456,0.07392561065060849,0.006949138208080326,0.06655750091904931,2.087875335920046,0.003683014472100555,2.0480707543763526,2.1284535258503063,199.87620705682176,5.226346176164583,"Pure hypercholesterolemia, unspecified",END010,Disorders of lipid metabolism,Endocrine/metabolic,"Hyperlipidemia, unspecified",END010,Disorders of lipid metabolism,Endocrine/metabolic,True,True,True,False,False,False,False,False,True,False
E8342,E876,130681,256619,663288,0.018447853942902156,5.438612270734023,0.5092413266359856,0.19701999734655232,0.015055839027227291,0.16558121501319015,12.26351706568712,0.004198690060839189,11.997339955545126,12.5355996727331,597.002571341887,5.226346176164583,Hypomagnesemia,END016,Other specified and unspecified nutritional and metabolic disorders,Endocrine/metabolic,Hypokalemia,END011,Fluid and electrolyte disorders,Endocrine/metabolic,False,False,True,False,False,False,False,False,False,False
E785,G8929,130021,1768237,357606,0.01835468367635755,1.456581631082952,0.07353143272084002,0.3635872999893738,0.00575347871490884,0.06514659122907754,1.7743732508536472,0.0035905361998251244,1.7413869219822602,1.8079844252884616,159.7107592149805,5.226346176164583,"Hyperlipidemia, unspecified",END010,Disorders of lipid metabolism,Endocrine/metabolic,Other chronic pain,NVS019,Nervous system pain and pain syndromes,Nervous,False,False,False,False,False,False,False,False,False,False
O76,Z370,129494,133063,696749,0.01828028863019239,9.89424315310246,0.9731781186355335,0.18585459039051366,0.01643272046885603,0.184907427768528,408.2472177673986,0.0170233118287427,373.49446908524794,446.2336248861058,353.1553071039346,5.226346176164583,Abnlt in fetal heart rate and rhythm comp labor and delivery,PRG023,Complications specified during childbirth,Pregnancy/childbirth,Single live birth,XXX000,Unacceptable PDX,Factors/status,False,False,False,True,True,False,False,False,True,True
E876,Z87891,128969,663288,1189002,0.018206175918168272,1.1584230879262634,0.19443891642845942,0.10846827843855603,0.0024898317707464264,0.0748374794945341,1.2205917950473475,0.0032795163303744605,1.19984925900508,1.2416929201358937,60.78207850174384,5.226346176164583,Hypokalemia,END011,Fluid and electrolyte disorders,Endocrine/metabolic,Personal history of nicotine dependence,XXX000,Unacceptable PDX,Factors/status,False,False,False,False,False,False,False,False,False,False
K219,Z794,128770,1192577,550187,0.018178083671134368,1.3902232248142243,0.1079762564597506,0.23404769651045917,0.005102425498639438,0.0797834440524562,1.5711336409080732,0.003355821635359882,1.54381826011946,1.5989323234213135,134.6309405450382,5.226346176164583,Gastro-esophageal reflux disease without esophagitis,DIG004,Esophageal disorders,Digestive,Long term (current) use of insulin,FAC025,Other specified status,Factors/status,False,False,False,False,False,False,False,False,False,False
F17210,I2510,128637,789519,1067226,0.018159308450754925,1.0814676123732703,0.16293084776933803,0.12053398249293026,0.0013679517397531954,0.07443805595483616,1.1106665361861827,0.00324639134054506,1.0919810822088272,1.1296717266461829,32.331381878140974,5.226346176164583,"Nicotine dependence, cigarettes, uncomplicated",XXX000,Unacceptable PDX,Mental/behavioural,Athscl heart disease of native coronary artery w/o ang pctrs,CIR011,Coronary atherosclerosis and other heart disease,Circulatory,False,False,False,False,False,False,False,False,False,False
I2510,Z66,128383,1067226,467310,0.018123452014842306,1.8235288798788032,0.12029598229428444,0.2747276968179581,0.008184781881991524,0.09130087550927957,2.2907516462312216,0.003461345956214617,2.2496840886252722,2.3325688843350885,239.4675377702791,5.226346176164583,Athscl heart disease of native coronary artery w/o ang pctrs,CIR011,Coronary atherosclerosis and other heart disease,Circulatory,Do not resuscitate,XXX000,Unacceptable PDX,Factors/status,False,False,False,False,False,False,False,False,False,False
D631,E1122,127854,228467,548083,0.0180487746345361,7.232877449722719,0.5596169249826014,0.23327488719774195,0.01555339506257501,0.19709386214806318,19.45938748580427,0.004505048766760089,19.006569001177258,19.922994060591442,658.8895602228099,5.226346176164583,Anemia in chronic kidney disease,XXX000,Unacceptable PDX,Blood/immune,Type 2 diabetes mellitus w diabetic chronic kidney disease,END003,Diabetes mellitus with complication,Endocrine/metabolic,False,False,False,False,False,False,False,False,False,False
K219,N183,127743,1192577,472288,0.018033105089708144,1.606609639788557,0.1071150961321575,0.2704769123924385,0.006808782364941318,0.08310530979323698,1.9312722516941303,0.003442377409273599,1.896837313707186,1.9663323170684346,191.19896085108437,5.226346176164583,Gastro-esophageal reflux disease without esophagitis,DIG004,Esophageal disorders,Digestive,"Chronic kidney disease, stage 3 (moderate)",GEN003,Chronic kidney disease,Genitourinary,False,False,False,False,False,False,False,False,False,False
E6601,Z6841,127439,431917,187728,0.017990190300269417,11.133702212305634,0.29505437387275796,0.6788491860564221,0.016374358481057873,0.2589139506629338,45.76111074910355,0.005279158001705875,44.515788006118584,47.041271216043505,724.2508405516078,5.226346176164583,Morbid (severe) obesity due to excess calories,END009,Obesity,Endocrine/metabolic,"Body mass index [BMI]40.0-44.9, adult",XXX000,Unacceptable PDX,Factors/status,False,False,False,False,False,False,False,False,False,False
I110,Z7982,127340,497458,878735,0.017976214760287726,2.0635599906942836,0.25598140948582593,0.1449128576874712,0.009264951292614253,0.10196556360116042,2.671741845501507,0.00347232437896849,2.6236935241430923,2.7206700871570586,283.0180965383522,5.226346176164583,Hypertensive heart disease with heart failure,CIR019,Heart failure,Circulatory,Long term (current) use of aspirin,FAC025,Other specified status,Factors/status,False,False,False,False,False,False,False,False,False,False
Z370,Z3A40,126721,696749,127580,0.01788883234363453,10.098485288978893,0.18187467796868026,0.993266969744474,0.016117395159569142,0.18165072648249447,1651.77237907187,0.03425301941052519,1381.0315825808482,1975.589860998,216.31973726805026,5.226346176164583,Single live birth,XXX000,Unacceptable PDX,Factors/status,40 weeks gestation of pregnancy,XXX000,Unacceptable PDX,Factors/status,True,False,True,False,True,False,False,False,True,False
E785,Z7902,126719,1768237,217007,0.017888550009493485,2.3393441522103036,0.07166403598612629,0.5839396885814744,0.010241727291001345,0.06818256413015698,4.467605737141605,0.0044460794232534595,4.364989944648536,4.572633906525002,336.66799293358747,5.226346176164583,"Hyperlipidemia, unspecified",END010,Disorders of lipid metabolism,Endocrine/metabolic,Long term (current) use of antithrombotics/antiplatelets,XXX000,Unacceptable PDX,Factors/status,False,False,False,False,False,False,False,False,False,False
A419,E785,126673,413374,1768237,0.017882056324249468,1.227628670400305,0.3064367860581459,0.07163802137383167,0.00331571655440808,0.06164322232592905,1.3535305003936386,0.003491459025518611,1.3290558338203269,1.3784558698558975,86.70196673290641,5.226346176164583,"Sepsis, unspecified organism",INF002,Septicemia,Infectious,"Hyperlipidemia, unspecified",END010,Disorders of lipid metabolism,Endocrine/metabolic,False,False,False,False,False,False,False,False,False,False
A419,I10,126337,413374,1922540,0.017834624188554034,1.1261042973505768,0.30562396280365967,0.06571358723355561,0.001997170916673136,0.05717700718282277,1.1943840257446696,0.003487271431450057,1.1728127284666987,1.2163520793461016,50.93684169767571,5.226346176164583,"Sepsis, unspecified organism",INF002,Septicemia,Infectious,Essential (primary) hypertension,CIR007,Essential hypertension,Circulatory,False,False,False,False,False,False,False,False,False,False
I110,K219,125790,497458,1192577,0.01775740580097843,1.5019997692609794,0.2528655685505108,0.10547746602525455,0.005934896793726382,0.0804157916438921,1.7511311286336921,0.0034291198983268725,1.7200273135776694,1.7827974041247339,163.38359548987634,5.226346176164583,Hypertensive heart disease with heart failure,CIR019,Heart failure,Circulatory,Gastro-esophageal reflux disease without esophagitis,DIG004,Esophageal disorders,Digestive,False,False,False,False,False,False,False,False,False,False
E876,Z79899,125604,663288,1032658,0.017731148725861314,1.2990067676861208,0.18936570539494157,0.12163175029874362,0.004081374785541325,0.0799851242595562,1.4199361091584914,0.003332441851848625,1.395419912218022,1.4448830322962591,105.21170140030323,5.226346176164583,Hypokalemia,END011,Fluid and electrolyte disorders,Endocrine/metabolic,Other long term (current) drug therapy,FAC025,Other specified status,Factors/status,False,False,False,False,False,False,False,False,False,False
K219,M1990,124713,1192577,333307,0.017605368866026098,2.2225291208255693,0.10457437968365985,0.374168559316186,0.009684046845513494,0.08900626690104206,3.1815898238755267,0.003731593693256104,3.1201416956001577,3.2442481127259333,310.1572978237228,5.226346176164583,Gastro-esophageal reflux disease without esophagitis,DIG004,Esophageal disorders,Digestive,"Unspecified osteoarthritis, unspecified site",MUS006,Osteoarthritis,Musculoskeletal,False,False,False,False,False,False,False,False,False,False
F17210,F329,124657,789519,725159,0.01759746351007686,1.5423659935962812,0.15788980379192902,0.17190298955125705,0.006188068085683805,0.08967994008723609,1.77775856885945,0.0033714911727632914,1.7467078014393045,1.8093613176451022,170.65248293593046,5.226346176164583,"Nicotine dependence, cigarettes, uncomplicated",XXX000,Unacceptable PDX,Mental/behavioural,"Major depressive disorder, single episode, unspecified",MBD002,Depressive disorders,Mental/behavioural,False,False,True,False,False,False,False,False,False,False
I2510,Z7902,124202,1067226,217007,0.01753323249298929,3.7989628503638864,0.11637834910318902,0.5723409843922086,0.012917964278057983,0.10706782835975935,8.406828050443043,0.004478372505854591,8.212346673816345,8.605915054103875,475.4057944084859,5.226346176164583,Athscl heart disease of native coronary artery w/o ang pctrs,CIR011,Coronary atherosclerosis and other heart disease,Circulatory,Long term (current) use of antithrombotics/antiplatelets,XXX000,Unacceptable PDX,Factors/status,False,False,False,False,False,False,False,False,False,False
Z7982,Z7984,124045,878735,381206,0.017511069262917317,2.6231807023656346,0.1411631492998458,0.3254014889587257,0.010835559166672138,0.10920453985223999,3.8016360076902243,0.0036665157591268312,3.729480775933409,3.8751872454282137,364.223581774313,5.226346176164583,Long term (current) use of aspirin,FAC025,Other specified status,Factors/status,Long term (current) use of oral hypoglycemic drugs,XXX000,Unacceptable PDX,Factors/status,False,True,True,False,False,False,False,True,True,False
E039,F329,124040,734506,725159,0.017510363427564707,1.64968021556011,0.1688754074166855,0.17105214166824104,0.006895964792966624,0.09287037903603182,1.9429930726040838,0.003396690355036698,1.908804873305281,1.9777936094904742,195.55200375999496,5.226346176164583,"Hypothyroidism, unspecified",END001,Thyroid disorders,Endocrine/metabolic,"Major depressive disorder, single episode, unspecified",MBD002,Depressive disorders,Mental/behavioural,False,False,False,False,False,False,False,False,False,False
Z66,Z87891,123233,467310,1189002,0.017396441601653347,1.5711077067744026,0.2637071751086003,0.1036440645179739,0.006323717862445488,0.08038268086641327,1.8653444983420682,0.003484170543102416,1.8316849340880177,1.8996226003395307,178.9366352578522,5.226346176164583,Do not resuscitate,XXX000,Unacceptable PDX,Factors/status,Personal history of nicotine dependence,XXX000,Unacceptable PDX,Factors/status,True,False,True,False,False,False,False,False,True,False
E1122,N186,122954,548083,216385,0.017357055988977674,7.344052555660225,0.22433463544755083,0.5682186842895764,0.014993639352532145,0.19166222405122882,19.942070011496966,0.0046199098492638105,19.46633032091379,20.42943635432866,647.8116822200311,5.226346176164583,Type 2 diabetes mellitus w diabetic chronic kidney disease,END003,Diabetes mellitus with complication,Endocrine/metabolic,End stage renal disease,GEN003,Chronic kidney disease,Genitourinary,False,False,False,False,False,False,False,False,False,False
I252,Z955,122942,342792,319474,0.017355361984131408,7.952445000092294,0.3586489766388947,0.38482630824417635,0.015172968772492725,0.22795573718210205,18.621533737361187,0.004233609177714247,18.214032832609224,19.038151622899324,690.7389218347932,5.226346176164583,Old myocardial infarction,CIR011,Coronary atherosclerosis and other heart disease,Circulatory,Presence of coronary angioplasty implant and graft,XXX000,Unacceptable PDX,Factors/status,False,False,False,False,False,False,False,False,False,False
I110,Z7901,122821,497458,585640,0.01733828076859823,2.9864281818923817,0.2468972254944136,0.20972098900348338,0.011532589249302547,0.12790163671523946,4.337637401841794,0.003624240335128087,4.256249135541319,4.420581979739747,404.86548538383386,5.226346176164583,Hypertensive heart disease with heart failure,CIR019,Heart failure,Circulatory,Long term (current) use of anticoagulants,FAC025,Other specified status,Factors/status,False,False,False,False,False,False,False,False,False,False
E669,Z87891,122674,534192,1189002,0.01731752920923148,1.368167151289241,0.22964402312277232,0.10317392233150155,0.00466006320230904,0.07664633993951965,1.5329033553176923,0.0034207963241500486,1.5057412310298215,1.5605554582158485,124.87254854698986,5.226346176164583,"Obesity, unspecified",END009,Obesity,Endocrine/metabolic,Personal history of nicotine dependence,XXX000,Unacceptable PDX,Factors/status,False,False,False,False,False,False,False,False,False,False
N179,Z7901,122635,899456,585640,0.017312023693481116,1.6491888042742344,0.13634352319624307,0.2094033877467386,0.006814727296238294,0.09000991588016097,1.9507738168636013,0.0034316363994620425,1.9160987219478869,1.9860764171336285,194.72521130891457,5.226346176164583,"Acute kidney failure, unspecified",GEN002,Acute and unspecified renal failure,Genitourinary,Long term (current) use of anticoagulants,FAC025,Other specified status,Factors/status,False,False,False,False,False,False,False,False,False,False
E871,E876,122524,511228,663288,0.01729635414865316,2.5595934600500345,0.23966605897955512,0.18472217196753146,0.010538892692912818,0.11646856630088442,3.5159533324889463,0.003570616583906378,3.450949561900726,3.5821815458326722,352.1270562914442,5.226346176164583,Hypo-osmolality and hyponatremia,END011,Fluid and electrolyte disorders,Endocrine/metabolic,Hypokalemia,END011,Fluid and electrolyte disorders,Endocrine/metabolic,True,True,True,False,False,False,False,False,True,False
E119,Z7982,122482,575343,878735,0.017290425131691232,1.7161455111008357,0.2128851832732822,0.1393844560646839,0.007215274149534628,0.09198135170126676,2.057197267866507,0.00344510761389668,2.020488233235138,2.094573246853899,209.3822857447085,5.226346176164583,Type 2 diabetes mellitus without complications,END002,Diabetes mellitus without complication,Endocrine/metabolic,Long term (current) use of aspirin,FAC025,Other specified status,Factors/status,False,False,False,False,False,False,False,False,False,False
Z7902,Z7982,122407,217007,878735,0.01727983760140207,4.547169926760506,0.5640693618178215,0.13929910610138438,0.01347970743698735,0.12576040109520362,10.453910613078184,0.004497336216065611,10.211060482439013,10.702536459770835,521.8591666263874,5.226346176164583,Long term (current) use of antithrombotics/antiplatelets,XXX000,Unacceptable PDX,Factors/status,Long term (current) use of aspirin,FAC025,Other specified status,Factors/status,False,True,True,False,False,False,False,True,True,False
F419,I2510,122059,723719,1067226,0.01723071146086037,1.119463746535096,0.1686552377372986,0.1143703395531968,0.0018387780336351113,0.07313800942664747,1.1622600525553841,0.0033312881974297422,1.1421997009603209,1.1826727223184343,45.137623003223055,5.226346176164583,"Anxiety disorder, unspecified",MBD005,Anxiety and fear-related disorders,Mental/behavioural,Athscl heart disease of native coronary artery w/o ang pctrs,CIR011,Coronary atherosclerosis and other heart disease,Circulatory,False,False,False,False,False,False,False,False,False,False
Z7901,Z7982,122016,585640,878735,0.01722464127682792,1.6795569120051306,0.20834642442456117,0.13885414829271622,0.00696917380578857,0.0908966975302434,1.996818456183662,0.0034421209439128965,1.9612174461334937,2.033065713756812,200.9096000109042,5.226346176164583,Long term (current) use of anticoagulants,FAC025,Other specified status,Factors/status,Long term (current) use of aspirin,FAC025,Other specified status,Factors/status,True,True,True,False,False,False,False,True,True,False
F17210,J449,121635,789519,530930,0.017170856622958988,2.055537032902091,0.15406215683219784,0.22909799785282428,0.008817391641247384,0.10146277904662442,2.618592080826801,0.003511651363004357,2.5709711166457034,2.6670951071263156,274.126529115975,5.226346176164583,"Nicotine dependence, cigarettes, uncomplicated",XXX000,Unacceptable PDX,Mental/behavioural,"Chronic obstructive pulmonary disease, unspecified",RSP008,Chronic obstructive pulmonary disease and bronchiectasis,Respiratory,False,False,False,False,False,False,False,False,False,False
J9601,N179,121470,412424,899456,0.01714756405632284,2.3195929272939035,0.2945269916396718,0.13504829585883021,0.00975507554915722,0.10204047345032384,3.162563590931756,0.003622770463019291,3.103247392295261,3.2230135733037724,317.8183584660236,5.226346176164583,Acute respiratory failure with hypoxia,RSP012,Respiratory failure; insufficiency; arrest,Respiratory,"Acute kidney failure, unspecified",GEN002,Acute and unspecified renal failure,Genitourinary,False,False,False,False,False,False,False,False,False,False
O6981X0,Z370,121348,122527,696749,0.01713034167371914,10.069109557013514,0.9903776310527476,0.17416314913979067,0.015429064954390248,0.17386893777008516,1141.7895414666345,0.02929081958860134,979.7212778402115,1330.6675954579125,240.36036487482198,5.226346176164583,"Labor and del comp by cord around neck, w/o comprsn, unsp",PRG024,"Malposition, disproportion or other labor complications",Pregnancy/childbirth,Single live birth,XXX000,Unacceptable PDX,Factors/status,False,False,False,True,True,False,False,False,True,True
E785,Z9049,121057,1768237,332401,0.0170892620561972,1.4589946831664955,0.06846197653368864,0.364189638418657,0.0053762227604624725,0.06115283991915461,1.7749630887452046,0.00371418398680135,1.7408404543669056,1.8097545691248669,154.4833615343252,5.226346176164583,"Hyperlipidemia, unspecified",END010,Disorders of lipid metabolism,Endocrine/metabolic,Acquired absence of other specified parts of digestive tract,XXX000,Unacceptable PDX,Factors/status,False,False,False,False,False,False,False,False,False,False
I2510,I4891,120846,1067226,353708,0.01705947580431703,2.2677626478031705,0.11323374805336452,0.3416546982256551,0.009536873815593518,0.09295216939161041,3.1715810184527453,0.0037146866268499487,3.110601044144408,3.233756439304652,310.72074807234316,5.226346176164583,Athscl heart disease of native coronary artery w/o ang pctrs,CIR011,Coronary atherosclerosis and other heart disease,Circulatory,Unspecified atrial fibrillation,CIR017,Cardiac dysrhythmias,Circulatory,False,False,True,False,False,False,False,False,False,False
Z370,Z3A38,120733,696749,123721,0.01704352392534803,9.921396681546627,0.1732804783358139,0.9758488857995005,0.01532566862005132,0.17254054023154414,447.75159843142563,0.01856856038330404,406.34107222225344,493.382302708107,328.7405423385714,5.226346176164583,Single live birth,XXX000,Unacceptable PDX,Factors/status,38 weeks gestation of pregnancy,XXX000,Unacceptable PDX,Factors/status,True,False,True,False,True,False,False,False,True,False
E119,Z79899,120649,575343,1032658,0.017031665891424172,1.4384904294642622,0.20969925766021313,0.11683345308901882,0.005191708153389525,0.08111664219364347,1.6282435364668635,0.0034297106629827224,1.5993175285733716,1.657692713723353,142.1408091587861,5.226346176164583,Type 2 diabetes mellitus without complications,END002,Diabetes mellitus without complication,Endocrine/metabolic,Other long term (current) drug therapy,FAC025,Other specified status,Factors/status,False,False,False,False,False,False,False,False,False,False
O700,Z370,120048,121445,696749,0.016946824482040372,10.049987773980002,0.9884968504261188,0.17229734093626256,0.01526057123843776,0.17195257152515375,951.1731830434468,0.02694037997320097,826.2491813456966,1094.9849567989706,254.5508325805893,5.226346176164583,First degree perineal laceration during delivery,PRG026,OB-related trauma to perineum and vulva,Pregnancy/childbirth,Single live birth,XXX000,Unacceptable PDX,Factors/status,False,False,False,True,True,False,False,False,True,True
E876,I2510,120038,663288,1067226,0.016945412811335152,1.2012317736095326,0.1809741771296933,0.11247664505924705,0.002838715682922899,0.07453572732533735,1.2768374214971578,0.003377853196765272,1.2544941529618823,1.2995786366052897,72.34957881965971,5.226346176164583,Hypokalemia,END011,Fluid and electrolyte disorders,Endocrine/metabolic,Athscl heart disease of native coronary artery w/o ang pctrs,CIR011,Coronary atherosclerosis and other heart disease,Circulatory,False,False,False,False,False,False,False,False,False,False
I4891,Z7901,119938,353708,585640,0.01693129610428294,4.101547879223911,0.33908760898820495,0.20479816952393962,0.012803270148509712,0.14637116950000612,6.901436667156021,0.0038629304929337282,6.763500561395104,7.042185867866776,500.06843408000714,5.226346176164583,Unspecified atrial fibrillation,CIR017,Cardiac dysrhythmias,Circulatory,Long term (current) use of anticoagulants,FAC025,Other specified status,Factors/status,False,False,False,False,False,False,False,False,False,False
E875,N179,119678,261041,899456,0.016894592665947186,3.610707206808573,0.4584643791588295,0.13305598050377118,0.012215566730504484,0.11498444974582517,6.56083650553328,0.00410823295992867,6.421469998963437,6.7032277125465765,457.88983469587953,5.226346176164583,Hyperkalemia,END011,Fluid and electrolyte disorders,Endocrine/metabolic,"Acute kidney failure, unspecified",GEN002,Acute and unspecified renal failure,Genitourinary,False,False,False,False,False,False,False,False,False,False
O99824,Z370,119462,121549,696749,0.016864100578714406,9.992372940993866,0.9828299698064156,0.17145629200759527,0.015176403304173225,0.17094425587691534,632.9534743284363,0.022120162765862702,563.8505821224603,710.5252940528619,291.6071182408542,5.226346176164583,Streptococcus B carrier state complicating childbirth,PRG023,Complications specified during childbirth,Pregnancy/childbirth,Single live birth,XXX000,Unacceptable PDX,Factors/status,False,False,False,True,True,True,False,False,True,True
Z7982,Z8673,119184,878735,381176,0.016824856133109255,2.5205834566410648,0.1356313336785265,0.31267446009192607,0.010149871383534608,0.10448073903747347,3.559468556410794,0.003700281788254836,3.491293501110478,3.628974877089894,343.1120450996768,5.226346176164583,Long term (current) use of aspirin,FAC025,Other specified status,Factors/status,"Prsnl hx of TIA (TIA), and cereb infrc w/o resid deficits",XXX000,Unacceptable PDX,Factors/status,False,False,True,False,False,False,False,False,False,False
D631,N186,118784,228467,216385,0.0167683893049004,17.020562656790293,0.5199175373248653,0.5489474778750838,0.01578320511075681,0.36429211084804397,74.9830841020154,0.005284834064893505,72.94036361435028,77.08301169400465,816.9154394969029,5.226346176164583,Anemia in chronic kidney disease,XXX000,Unacceptable PDX,Blood/immune,End stage renal disease,GEN003,Chronic kidney disease,Genitourinary,False,False,False,True,False,False,False,False,True,False
E872,I10,118636,443108,1922540,0.01674749657846313,0.9865023350275917,0.26773608239977614,0.06170794885932152,-0.00022914502066163564,0.05279722582700938,0.9803574082079176,0.0035031608550771557,0.962571622220881,0.9984718286319916,-5.662906264635983,5.226346176164583,Acidosis,END011,Fluid and electrolyte disorders,Endocrine/metabolic,Essential (primary) hypertension,CIR007,Essential hypertension,Circulatory,False,False,False,False,False,False,False,False,False,False
I10,Z880,118598,1922540,326527,0.016742132229783286,1.3382876809280582,0.061688183340788745,0.3632103930149727,0.0042320176495062155,0.05566755489049594,1.5661675769534331,0.0037413042851696804,1.5358412093432408,1.5970927620499864,119.9131551984842,5.226346176164583,Essential (primary) hypertension,CIR007,Essential hypertension,Circulatory,Allergy status to penicillin,XXX000,Unacceptable PDX,Factors/status,False,False,False,False,False,False,False,False,False,False
D649,K219,118435,536954,1192577,0.01671912199728818,1.310156424250323,0.22056824234478187,0.09931014936561748,0.0039579572326648,0.07351206880285222,1.4418055580480955,0.003456369380517336,1.415994349818766,1.4680872614247702,105.86142499129988,5.226346176164583,"Anemia, unspecified",BLD003,Aplastic anemia,Blood/immune,Gastro-esophageal reflux disease without esophagitis,DIG004,Esophageal disorders,Digestive,False,False,False,False,False,False,False,False,False,False
E785,Z8249,117969,1768237,293364,0.01665333814242487,1.6109690736282616,0.06671560429964987,0.4021250051131018,0.006315872069958414,0.0606951315886958,2.0949538496588143,0.003870229426131583,2.0530045731242845,2.1377602805440006,191.08208917427754,5.226346176164583,"Hyperlipidemia, unspecified",END010,Disorders of lipid metabolism,Endocrine/metabolic,Family hx of ischem heart dis and oth dis of the circ sys,XXX000,Unacceptable PDX,Factors/status,False,False,False,False,False,False,False,False,False,False
I10,Z955,117701,1922540,319474,0.01661550536752494,1.3574875226287277,0.061221613074370365,0.3684212173760619,0.00437560990583437,0.05540661851619794,1.6029372477101669,0.0037693262094585078,1.5716687020413813,1.6348278850112226,125.17826790799629,5.226346176164583,Essential (primary) hypertension,CIR007,Essential hypertension,Circulatory,Presence of coronary angioplasty implant and graft,XXX000,Unacceptable PDX,Factors/status,False,False,False,False,False,False,False,False,False,False
F329,Z7982,116525,725159,878735,0.016449492892590917,1.2953721126214104,0.16068889719358098,0.13260539297968102,0.0037508306840132507,0.07834303390752395,1.4057272442960977,0.003422790299610072,1.3808042143854276,1.4311001261216572,99.4962444846465,5.226346176164583,"Major depressive disorder, single episode, unspecified",MBD002,Depressive disorders,Mental/behavioural,Long term (current) use of aspirin,FAC025,Other specified status,Factors/status,False,False,False,False,False,False,False,False,False,False
I10,Z8249,116438,1922540,293364,0.016437211357455492,1.462443618613316,0.06056466965576789,0.3969062325302355,0.005197659180366302,0.05546076954806603,1.8162220247430574,0.0038722856381034365,1.7798349366576014,1.8533530133734848,154.11015322703935,5.226346176164583,Essential (primary) hypertension,CIR007,Essential hypertension,Circulatory,Family hx of ischem heart dis and oth dis of the circ sys,XXX000,Unacceptable PDX,Factors/status,False,False,False,False,False,False,False,False,False,False
G8929,K219,116410,357606,1192577,0.016433258679480874,1.9335956512712682,0.32552585806725837,0.09761214579855221,0.007934450426226577,0.08119137408780888,2.5339160756445738,0.0037205511754125065,2.485120311885342,2.5836699525983495,249.90006001677395,5.226346176164583,Other chronic pain,NVS019,Nervous system pain and pain syndromes,Nervous,Gastro-esophageal reflux disease without esophagitis,DIG004,Esophageal disorders,Digestive,False,False,False,False,False,False,False,False,False,False
D649,N179,116379,536954,899456,0.016428882500294686,1.7069634170794934,0.21673923650815527,0.12938820798349224,0.006804257663048045,0.08816383857651827,2.0367360607792535,0.003524313152110869,1.999564237888176,2.0745989064396246,201.8403375717593,5.226346176164583,"Anemia, unspecified",BLD003,Aplastic anemia,Blood/immune,"Acute kidney failure, unspecified",GEN002,Acute and unspecified renal failure,Genitourinary,False,False,False,False,False,False,False,False,False,False
I10,I4891,115440,1922540,353708,0.016296326621074407,1.202548632214119,0.06004556472167029,0.3263709048141405,0.002744835908328932,0.05342445973913462,1.3198934617033244,0.003689975332817862,1.294683073147039,1.3455947531719452,75.21758209104816,5.226346176164583,Essential (primary) hypertension,CIR007,Essential hypertension,Circulatory,Unspecified atrial fibrillation,CIR017,Cardiac dysrhythmias,Circulatory,False,False,True,False,False,False,False,False,False,False
J449,Z7982,115226,530930,878735,0.016266116867982672,1.7495320109475012,0.2170267266871339,0.1311271316153334,0.006968706608439398,0.08901616839418466,2.101765424176761,0.003544938075862849,2.063184362229391,2.141067942901449,209.53191673341556,5.226346176164583,"Chronic obstructive pulmonary disease, unspecified",RSP008,Chronic obstructive pulmonary disease and bronchiectasis,Respiratory,Long term (current) use of aspirin,FAC025,Other specified status,Factors/status,False,False,False,False,False,False,False,False,False,False
Z7984,Z79899,114491,381206,1032658,0.01616235907114891,2.0602584535091277,0.3003389243611066,0.11087020097650917,0.008317537930568015,0.08811249733525324,2.7043558142432462,0.003707504545889838,2.652458737815944,2.7572682906476724,268.33783352589097,5.226346176164583,Long term (current) use of oral hypoglycemic drugs,XXX000,Unacceptable PDX,Factors/status,Other long term (current) drug therapy,FAC025,Other specified status,Factors/status,False,True,True,False,False,False,False,True,True,False
I252,Z87891,114213,342792,1189002,0.016123114625543757,1.9850382228923906,0.33318455506546246,0.0960578703820515,0.008000795145946614,0.08056894103405732,2.6342107916635182,0.0037732316415560515,2.5827724437227397,2.686673582793362,256.6986920863288,5.226346176164583,Old myocardial infarction,CIR011,Coronary atherosclerosis and other heart disease,Circulatory,Personal history of nicotine dependence,XXX000,Unacceptable PDX,Factors/status,False,False,False,False,False,False,False,False,False,False
Z79899,Z888,114178,1032658,280441,0.016118173778075482,2.7928718461360145,0.11056709965932573,0.407137330133611,0.010346991043581147,0.09523396453978202,4.400027774196763,0.004003928958885224,4.308909838497115,4.493072526311085,370.039246059513,5.226346176164583,Other long term (current) drug therapy,FAC025,Other specified status,Factors/status,Allergy status to other drug/meds/biol subst,XXX000,Unacceptable PDX,Factors/status,False,False,True,False,False,False,False,False,False,False
E1122,E1165,114141,548083,356093,0.016112950596466166,4.142843260117661,0.20825495408542136,0.3205370507142797,0.012223604660649,0.14447587765099015,6.842143486048663,0.0039188567269360175,6.70343281629639,6.983724423980002,490.73012658965547,5.226346176164583,Type 2 diabetes mellitus w diabetic chronic kidney disease,END003,Diabetes mellitus with complication,Endocrine/metabolic,Type 2 diabetes mellitus with hyperglycemia,END003,Diabetes mellitus with complication,Endocrine/metabolic,True,True,True,True,False,False,False,True,True,False
Z87891,Z955,113865,1189002,319474,0.016073988485002057,2.123433885726907,0.0957651879475392,0.35641398048041467,0.008504179698843635,0.08164642326785032,2.930459691868359,0.003840802687809818,2.8722219754592695,2.9898782472381993,279.93088672788645,5.226346176164583,Personal history of nicotine dependence,XXX000,Unacceptable PDX,Factors/status,Presence of coronary angioplasty implant and graft,XXX000,Unacceptable PDX,Factors/status,True,False,True,False,False,False,False,False,True,False
N183,Z7982,113492,472288,878735,0.016021333167697303,1.9371667729161297,0.24030252727149537,0.1291538404638486,0.007750835556601351,0.09170840972872599,2.41656520689308,0.0036160852881270394,2.3713236051625044,2.4626699563284613,244.00619057842366,5.226346176164583,"Chronic kidney disease, stage 3 (moderate)",GEN003,Chronic kidney disease,Genitourinary,Long term (current) use of aspirin,FAC025,Other specified status,Factors/status,False,False,False,False,False,False,False,False,False,False
E6601,K219,112830,431917,1192577,0.015927880567011655,1.5516882035282278,0.261230745721979,0.09461024319603682,0.00566300871273394,0.0746396024513384,1.8248057913321416,0.0036197230675187506,1.7906087392825367,1.859655938803001,166.16563047619675,5.226346176164583,Morbid (severe) obesity due to excess calories,END009,Obesity,Endocrine/metabolic,Gastro-esophageal reflux disease without esophagitis,DIG004,Esophageal disorders,Digestive,False,False,False,False,False,False,False,False,False,False
Z8673,Z87891,112603,381176,1189002,0.01589583564200313,1.7599828075079222,0.29540946964132053,0.09470379360169284,0.0068640226184934795,0.07725365761624617,2.191456044836296,0.003702817327609887,2.1494542621938133,2.2342785705744452,211.88357786711245,5.226346176164583,"Prsnl hx of TIA (TIA), and cereb infrc w/o resid deficits",XXX000,Unacceptable PDX,Factors/status,Personal history of nicotine dependence,XXX000,Unacceptable PDX,Factors/status,True,False,True,False,False,False,False,False,True,False
E860,E876,112286,483351,663288,0.01585108568064762,2.481003900343391,0.23230737083403158,0.1692869462435624,0.0094621051238441,0.1085567499683377,3.3223047657501144,0.003685228637588722,3.258928524969213,3.3869134815192656,325.8030550352312,5.226346176164583,Dehydration,END011,Fluid and electrolyte disorders,Endocrine/metabolic,Hypokalemia,END011,Fluid and electrolyte disorders,Endocrine/metabolic,True,False,True,False,False,False,False,False,True,False
D649,I2510,112067,536954,1067226,0.01582017009220327,1.3853224258338834,0.20870875345001622,0.10500774906158583,0.004400323132979715,0.07510624195352497,1.5440917774918987,0.003535893109513919,1.5158193074568342,1.5728915746021308,122.86454306207835,5.226346176164583,"Anemia, unspecified",BLD003,Aplastic anemia,Blood/immune,Athscl heart disease of native coronary artery w/o ang pctrs,CIR011,Coronary atherosclerosis and other heart disease,Circulatory,False,False,False,False,False,False,False,False,False,False
D649,Z87891,111622,536954,1189002,0.015757350745820926,1.2385020513990572,0.20788000461864517,0.0938787319113004,0.0030344402524383352,0.0691443034712767,1.33229202812073,0.0035243267818754523,1.3079766963360033,1.3570593827598834,81.40584178937964,5.226346176164583,"Anemia, unspecified",BLD003,Aplastic anemia,Blood/immune,Personal history of nicotine dependence,XXX000,Unacceptable PDX,Factors/status,False,False,False,False,False,False,False,False,False,False
I130,Z87891,111548,398706,1189002,0.01574690438260229,1.6668366045243188,0.2797750723590816,0.09381649484189261,0.006299725013094662,0.07556633427270756,2.021732395739355,0.0036815145212668846,1.983204352016949,2.0610089302320476,191.21336109159054,5.226346176164583,Hyp hrt & chr kdny dis w hrt fail and stg 1-4/unsp chr kdny,CIR019,Heart failure,Circulatory,Personal history of nicotine dependence,XXX000,Unacceptable PDX,Factors/status,False,False,False,False,False,False,False,False,False,False
E785,J441,111541,1768237,287758,0.015745916213108634,1.5528633897429582,0.06308034499900184,0.3876208480737286,0.005605992561669458,0.0573636609557233,1.9635990439217086,0.003929155919176463,1.9236874812882057,2.0043386687260902,171.73638567194703,5.226346176164583,"Hyperlipidemia, unspecified",END010,Disorders of lipid metabolism,Endocrine/metabolic,Chronic obstructive pulmonary disease w (acute) exacerbation,RSP008,Chronic obstructive pulmonary disease and bronchiectasis,Respiratory,False,False,False,False,False,False,False,False,False,False
J449,N179,111464,530930,899456,0.01573504634867843,1.6534232217328637,0.20994104684233325,0.12392379393766899,0.0062183986193769265,0.08451144191999224,1.9440513904563674,0.003577423445739954,1.9080414321671237,1.9807409551074708,185.82484047293931,5.226346176164583,"Chronic obstructive pulmonary disease, unspecified",RSP008,Chronic obstructive pulmonary disease and bronchiectasis,Respiratory,"Acute kidney failure, unspecified",GEN002,Acute and unspecified renal failure,Genitourinary,False,False,False,False,False,False,False,False,False,False
I480,Z87891,110629,375871,1189002,0.015617171844792452,1.7535339547165198,0.294327043054665,0.09304357772316615,0.00671105867670318,0.0760732036714609,2.1773748282754486,0.003730183832351817,2.1353374959996,2.2202397287030204,208.60096416674386,5.226346176164583,Paroxysmal atrial fibrillation,CIR017,Cardiac dysrhythmias,Circulatory,Personal history of nicotine dependence,XXX000,Unacceptable PDX,Factors/status,False,False,False,False,False,False,False,False,False,False
I10,I252,110511,1922540,342792,0.015600514130470842,1.1878621496786679,0.05748176890987964,0.3223850031505986,0.002467244302241208,0.05128546640300981,1.2941512630490137,0.0037561552312001846,1.2689935645305712,1.3198077109799318,68.64867639529321,5.226346176164583,Essential (primary) hypertension,CIR007,Essential hypertension,Circulatory,Old myocardial infarction,CIR011,Coronary atherosclerosis and other heart disease,Circulatory,False,False,True,False,False,False,False,False,False,False
F329,N179,110377,725159,899456,0.015581597743020877,1.1987593814642965,0.15221075653753177,0.12271528568379109,0.002583494884390648,0.07289276850798884,1.2672426109420396,0.00348328229508195,1.2443813869353522,1.290523831236498,67.99430752601921,5.226346176164583,"Major depressive disorder, single episode, unspecified",MBD002,Depressive disorders,Mental/behavioural,"Acute kidney failure, unspecified",GEN002,Acute and unspecified renal failure,Genitourinary,False,False,False,False,False,False,False,False,False,False
E119,Z794,109717,575343,550187,0.015488427476476272,2.45529321496315,0.19069841816099267,0.19941765254358973,0.00918024913668123,0.10800905284732525,3.2461338403236284,0.0037009538161854936,3.1839489507655223,3.3095332469952785,318.1516871349534,5.226346176164583,Type 2 diabetes mellitus without complications,END002,Diabetes mellitus without complication,Endocrine/metabolic,Long term (current) use of insulin,FAC025,Other specified status,Factors/status,False,False,False,False,False,False,False,False,False,False
E039,F419,109359,734506,723719,0.01543788966522935,1.4573229548490823,0.14888782392519598,0.15110699042031506,0.004844568799829224,0.08107476947302401,1.6329751382790787,0.003542012712780029,1.6030239346980169,1.6634859558350394,138.45336792105564,5.226346176164583,"Hypothyroidism, unspecified",END001,Thyroid disorders,Endocrine/metabolic,"Anxiety disorder, unspecified",MBD005,Anxiety and fear-related disorders,Mental/behavioural,False,False,False,False,False,False,False,False,False,False
E871,K219,109271,511228,1192577,0.015425466963023403,1.2696103486806047,0.21374220504354222,0.0916259495194021,0.003275702289906375,0.06852848543837886,1.3774953165637458,0.003569960170903588,1.3520324981122593,1.4034376760946063,89.71160650354447,5.226346176164583,Hypo-osmolality and hyponatremia,END011,Fluid and electrolyte disorders,Endocrine/metabolic,Gastro-esophageal reflux disease without esophagitis,DIG004,Esophageal disorders,Digestive,False,False,False,False,False,False,False,False,False,False
E669,I2510,109222,534192,1067226,0.015418549776567819,1.3571346705970901,0.20446206607362147,0.10234195943502127,0.004057444566733178,0.07319547834198725,1.5001083001754552,0.003568109166431713,1.4723932408131064,1.5283450438909827,113.65608133127525,5.226346176164583,"Obesity, unspecified",END009,Obesity,Endocrine/metabolic,Athscl heart disease of native coronary artery w/o ang pctrs,CIR011,Coronary atherosclerosis and other heart disease,Circulatory,False,False,False,False,False,False,False,False,False,False
F17210,Z7982,108193,789519,878735,0.01527328886100055,1.1047022796265715,0.13703660076578272,0.12312358105686015,0.001447582928571894,0.06935177534724604,1.1383685101782743,0.0034913103668385375,1.1177852915234268,1.1593307541194682,37.11961765648312,5.226346176164583,"Nicotine dependence, cigarettes, uncomplicated",XXX000,Unacceptable PDX,Mental/behavioural,Long term (current) use of aspirin,FAC025,Other specified status,Factors/status,False,False,False,False,False,False,False,False,False,False
J440,J441,107763,178444,287758,0.015212587020676035,14.866437678188124,0.6039037457129408,0.3744917604375899,0.014189303073978046,0.3006452980841928,56.96659207552741,0.00539740110668113,55.38209272194633,58.596424461467954,748.9650874874662,5.226346176164583,Chr obstructive pulmon disease with (acute) lower resp infct,RSP008,Chronic obstructive pulmonary disease and bronchiectasis,Respiratory,Chronic obstructive pulmonary disease w (acute) exacerbation,RSP008,Chronic obstructive pulmonary disease and bronchiectasis,Respiratory,True,True,True,False,False,False,False,False,True,False
K219,Z66,107607,1192577,467310,0.015190564957674584,1.3677780107121,0.09023065177342847,0.23026898632599346,0.004084548602165266,0.0693219006880202,1.5251932230559015,0.0036298162519543776,1.4965319971240383,1.5544033619902906,116.2926926257164,5.226346176164583,Gastro-esophageal reflux disease without esophagitis,DIG004,Esophageal disorders,Digestive,Do not resuscitate,XXX000,Unacceptable PDX,Factors/status,False,False,False,False,False,False,False,False,False,False
I10,I480,107469,1922540,375871,0.01517108390194253,1.0535025752908855,0.0558994871368086,0.2859199033711034,0.0007704699331028218,0.04905150387367625,1.079364261345026,0.003712955034189934,1.0586209098068853,1.100514072484568,20.569120877982623,5.226346176164583,Essential (primary) hypertension,CIR007,Essential hypertension,Circulatory,Paroxysmal atrial fibrillation,CIR017,Cardiac dysrhythmias,Circulatory,False,False,True,False,False,False,False,False,False,False
Z7984,Z87891,107464,381206,1189002,0.01517037806658992,1.679528147300286,0.28190532153218995,0.09038168144376545,0.00613785420506658,0.07346740099429565,2.0403240383421064,0.003749797031180704,2.0007275715706725,2.0807041601213787,190.17259644638506,5.226346176164583,Long term (current) use of oral hypoglycemic drugs,XXX000,Unacceptable PDX,Factors/status,Personal history of nicotine dependence,XXX000,Unacceptable PDX,Factors/status,True,False,True,False,False,False,False,False,True,False
I110,Z79899,106965,497458,1032658,0.015099935698399377,1.4750113418686417,0.21502317783611882,0.10358221211669304,0.004862769874799822,0.07516068217638185,1.6750560760711006,0.003628580990349542,1.643589258381174,1.7071253317548762,142.16208604409772,5.226346176164583,Hypertensive heart disease with heart failure,CIR019,Heart failure,Circulatory,Other long term (current) drug therapy,FAC025,Other specified status,Factors/status,False,False,False,False,False,False,False,False,False,False
J449,Z79899,106878,530930,1032658,0.015087654163263952,1.3808965238093767,0.20130337332605053,0.10349796350776345,0.004161669556073571,0.07336944209897646,1.5319584238316315,0.003601735489318034,1.503390688263388,1.5610690093203037,118.42816712223525,5.226346176164583,"Chronic obstructive pulmonary disease, unspecified",RSP008,Chronic obstructive pulmonary disease and bronchiectasis,Respiratory,Other long term (current) drug therapy,FAC025,Other specified status,Factors/status,False,False,False,False,False,False,False,False,False,False
E785,J189,106781,1768237,312229,0.015073960957423306,1.3700829738392015,0.06038839816155866,0.34199577873932274,0.0040717360956811395,0.05410235169239266,1.5985830675977346,0.0038768401544598103,1.5665189767073477,1.6313034581818462,121.00515766547477,5.226346176164583,"Hyperlipidemia, unspecified",END010,Disorders of lipid metabolism,Endocrine/metabolic,"Pneumonia, unspecified organism",RSP002,Pneumonia (except that caused by tuberculosis),Respiratory,False,False,False,False,False,False,False,False,False,False
E785,Z880,106737,1768237,326527,0.015067749606320333,1.3095497973466894,0.06036351461936381,0.3268856786728203,0.003561696429228888,0.05368991467419708,1.4894234092784264,0.003836231510323688,1.4598586231026514,1.5195869360224914,103.84906915888732,5.226346176164583,"Hyperlipidemia, unspecified",END010,Disorders of lipid metabolism,Endocrine/metabolic,Allergy status to penicillin,XXX000,Unacceptable PDX,Factors/status,False,False,False,False,False,False,False,False,False,False
I2510,I255,106560,1067226,139434,0.015042763034837916,5.072659669939528,0.09984764239252042,0.7642325401265114,0.012077304278757549,0.0968639214616853,20.189922770612622,0.00640399238270298,19.52535985608587,20.877104672477863,469.2672051427991,5.226346176164583,Athscl heart disease of native coronary artery w/o ang pctrs,CIR011,Coronary atherosclerosis and other heart disease,Circulatory,Ischemic cardiomyopathy,CIR011,Coronary atherosclerosis and other heart disease,Circulatory,True,True,True,False,False,False,False,False,True,False
O34211,Z370,106429,111389,696749,0.015024270148599517,9.714219669681023,0.9554713661133505,0.15275084714868625,0.013477643588826358,0.15167113433061283,231.95944947376086,0.014589008051776958,214.93063822992383,250.33744208497478,373.3333034232507,5.226346176164583,Matern care for low transverse scar from prev cesarean del,PRG016,Previous C-section,Pregnancy/childbirth,Single live birth,XXX000,Unacceptable PDX,Factors/status,False,False,False,True,True,False,False,False,True,True
E871,I2510,106097,511228,1067226,0.01497740268118617,1.3775224084384023,0.2075336249188229,0.09941380738475263,0.0041046919438233066,0.07205928996839761,1.528981437185357,0.0036210877863182486,1.5003174635385226,1.5581930438533311,117.25807586990058,5.226346176164583,Hypo-osmolality and hyponatremia,END011,Fluid and electrolyte disorders,Endocrine/metabolic,Athscl heart disease of native coronary artery w/o ang pctrs,CIR011,Coronary atherosclerosis and other heart disease,Circulatory,False,False,False,False,False,False,False,False,False,False
E876,F17210,106040,663288,789519,0.014969356158166408,1.4344043398380049,0.15987022228654824,0.13430962396091797,0.004533417181673225,0.07873670798289534,1.5972949919927657,0.0035864046497669335,1.5676344702455556,1.6275167074155519,130.57967916251732,5.226346176164583,Hypokalemia,END011,Fluid and electrolyte disorders,Endocrine/metabolic,"Nicotine dependence, cigarettes, uncomplicated",XXX000,Unacceptable PDX,Mental/behavioural,False,False,False,False,False,False,False,False,False,False
E1122,Z79899,105675,548083,1032658,0.014917830177425833,1.3226228108169575,0.19280838851049933,0.10233300860497861,0.0036388547541822327,0.07164086217159096,1.445253781794992,0.0036028248314228083,1.4182948268792495,1.4727251726559096,102.22116003847746,5.226346176164583,Type 2 diabetes mellitus w diabetic chronic kidney disease,END003,Diabetes mellitus with complication,Endocrine/metabolic,Other long term (current) drug therapy,FAC025,Other specified status,Factors/status,False,False,False,False,False,False,False,False,False,False
I10,Z888,105601,1922540,280441,0.014907383814207194,1.3874512641219126,0.05492785585735537,0.37655335703409987,0.004162946009653569,0.05034900685617294,1.6575892274212012,0.003992490651706951,1.6233600982351934,1.692540090057542,126.57869942526803,5.226346176164583,Essential (primary) hypertension,CIR007,Essential hypertension,Circulatory,Allergy status to other drug/meds/biol subst,XXX000,Unacceptable PDX,Factors/status,False,False,False,False,False,False,False,False,False,False
I10,J45909,104913,1922540,318748,0.014810260869687971,1.212754935278222,0.054569995942867246,0.329140888727145,0.0025981803917055814,0.049107951553449186,1.3354461688634787,0.0038678736573997123,1.3087213583216464,1.36271671474764,74.78668398332091,5.226346176164583,Essential (primary) hypertension,CIR007,Essential hypertension,Circulatory,"Unspecified asthma, uncomplicated",RSP009,Asthma,Respiratory,False,False,False,False,False,False,False,False,False,False
I129,I2510,104883,385977,1067226,0.014806025857572307,1.8036566833906558,0.27173380797301394,0.09827627887626426,0.006597132228359693,0.0777879138483446,2.2237957312382175,0.003782247186502428,2.180268842804457,2.2681915904977443,211.30705776116412,5.226346176164583,Hypertensive chronic kidney disease w stg 1-4/unsp chr kdny,GEN003,Chronic kidney disease,Circulatory,Athscl heart disease of native coronary artery w/o ang pctrs,CIR011,Coronary atherosclerosis and other heart disease,Circulatory,False,False,True,False,False,False,False,False,False,False
I129,K219,104867,385977,1192577,0.014803767184443954,1.6138292629057862,0.2716923547257997,0.08793310620614014,0.005630698183458696,0.07115961530501388,1.9240774996034051,0.003767064436004809,1.8865667618859783,1.962334065919391,173.72854725721334,5.226346176164583,Hypertensive chronic kidney disease w stg 1-4/unsp chr kdny,GEN003,Chronic kidney disease,Circulatory,Gastro-esophageal reflux disease without esophagitis,DIG004,Esophageal disorders,Digestive,False,False,False,False,False,False,False,False,False,False
F419,Z7982,104409,723719,878735,0.014739112666144819,1.162991752053963,0.14426731922196323,0.1188173909085219,0.0020656670977527557,0.06969683821247025,1.2161573274773723,0.0035584888642192962,1.1937483870572674,1.2389869265691005,54.99417415404648,5.226346176164583,"Anxiety disorder, unspecified",MBD005,Anxiety and fear-related disorders,Mental/behavioural,Long term (current) use of aspirin,FAC025,Other specified status,Factors/status,False,False,False,False,False,False,False,False,False,False
E039,Z7901,104182,734506,585640,0.014707067741136295,1.7156678310002202,0.14183954930252443,0.1778942695171095,0.006134856107044983,0.08567852337733683,2.0144203615921366,0.00366503316168711,1.976201880249213,2.0533779639382113,191.0846263537805,5.226346176164583,"Hypothyroidism, unspecified",END001,Thyroid disorders,Endocrine/metabolic,Long term (current) use of anticoagulants,FAC025,Other specified status,Factors/status,False,False,False,False,False,False,False,False,False,False
E1165,I2510,104042,356093,1067226,0.014687304351263199,1.9393467025522295,0.29217648198644736,0.09748825459649596,0.007113978585460554,0.07886289232663042,2.470448463385305,0.0038458545774612495,2.4212887286360467,2.520606294516889,235.16221949290102,5.226346176164583,Type 2 diabetes mellitus with hyperglycemia,END003,Diabetes mellitus with complication,Endocrine/metabolic,Athscl heart disease of native coronary artery w/o ang pctrs,CIR011,Coronary atherosclerosis and other heart disease,Circulatory,False,False,False,False,False,False,False,False,False,False
D631,E785,103526,228467,1768237,0.01461446214287378,1.8153153457311164,0.45313327526513675,0.05854758157418943,0.006563815638264511,0.05468371172705366,2.5836025214903304,0.004296099155355475,2.5262395413643923,2.6422680350597725,220.94107161202012,5.226346176164583,Anemia in chronic kidney disease,XXX000,Unacceptable PDX,Blood/immune,"Hyperlipidemia, unspecified",END010,Disorders of lipid metabolism,Endocrine/metabolic,False,False,False,False,False,False,False,False,False,False
I110,I509,103086,497458,205309,0.014552348631844044,7.149931460650271,0.2072255346179979,0.502101710105256,0.0125170356065468,0.1719013942412716,16.580429244013487,0.004708818774504363,16.1773662723445,16.993534626566646,596.3752637587121,5.226346176164583,Hypertensive heart disease with heart failure,CIR019,Heart failure,Circulatory,"Heart failure, unspecified",CIR019,Heart failure,Circulatory,True,False,True,False,False,False,False,True,True,False
I10,K5900,103063,1922540,289704,0.014549101789222035,1.310809262304553,0.053607727277455865,0.3557527683428603,0.003449773910165821,0.048863990335585236,1.509768242102204,0.003976336229874281,1.478716449073817,1.5414720964848025,103.60194238623575,5.226346176164583,Essential (primary) hypertension,CIR007,Essential hypertension,Circulatory,"Constipation, unspecified",DIG025,Other specified and unspecified gastrointestinal disorders,Digestive,False,False,False,False,False,False,False,False,False,False
I10,N400,102855,1922540,261384,0.014519739038553433,1.4498985714483874,0.053499537070750156,0.39350151501239555,0.004505425400014685,0.04942411808546473,1.7837283876527985,0.00409631393423541,1.7459468550293595,1.8223274962541456,141.27476135474092,5.226346176164583,Essential (primary) hypertension,CIR007,Essential hypertension,Circulatory,Benign prostatic hyperplasia without lower urinry tract symp,GEN012,Hyperplasia of prostate,Genitourinary,False,False,False,False,False,False,False,False,False,False
I2510,J9601,102839,1067226,412424,0.014517480365425078,1.6550995302613134,0.09636103318322455,0.24935260799565495,0.0057461164081572015,0.07469362170987884,1.9657814219643186,0.0037637968520758637,1.9274905644117142,2.004832952383076,179.57659859071708,5.226346176164583,Athscl heart disease of native coronary artery w/o ang pctrs,CIR011,Coronary atherosclerosis and other heart disease,Circulatory,Acute respiratory failure with hypoxia,RSP012,Respiratory failure; insufficiency; arrest,Respiratory,False,False,False,False,False,False,False,False,False,False
K219,Z8673,102828,1192577,381176,0.014515927527649335,1.6023818195585757,0.08622336335515443,0.2697651478582072,0.005456958341610902,0.06990703128983462,1.9027587728882114,0.003796492153798517,1.8653767371698755,1.940889942315895,169.44716141382844,5.226346176164583,Gastro-esophageal reflux disease without esophagitis,DIG004,Esophageal disorders,Digestive,"Prsnl hx of TIA (TIA), and cereb infrc w/o resid deficits",XXX000,Unacceptable PDX,Factors/status,False,False,False,False,False,False,False,False,False,False
E119,I110,102727,575343,497458,0.014501669653526601,2.542540912172228,0.17854914372817607,0.20650386565297976,0.008798056553693704,0.10589604504398634,3.3665294363077947,0.0038140930779348406,3.3000862420391193,3.434310382908027,318.262388476597,5.226346176164583,Type 2 diabetes mellitus without complications,END002,Diabetes mellitus without complication,Endocrine/metabolic,Hypertensive heart disease with heart failure,CIR019,Heart failure,Circulatory,False,False,False,False,False,False,False,False,False,False
E7800,I2510,102689,326467,1067226,0.01449630530484676,2.0878285728053316,0.3145463400588727,0.09622048188481165,0.007553060302040493,0.07954196888623118,2.755987291717409,0.0039263459958256966,2.700009519179708,2.8131256197998304,258.1982696088331,5.226346176164583,"Pure hypercholesterolemia, unspecified",END010,Disorders of lipid metabolism,Endocrine/metabolic,Athscl heart disease of native coronary artery w/o ang pctrs,CIR011,Coronary atherosclerosis and other heart disease,Circulatory,False,False,False,False,False,False,False,False,False,False
I129,Z87891,102643,385977,1189002,0.014489811619602742,1.5843528999991234,0.26593035336302423,0.08632702047599583,0.005344240819302657,0.0697143858467089,1.8712638743178975,0.003790853121384892,1.8345546609540726,1.908707634530869,165.29632014875816,5.226346176164583,Hypertensive chronic kidney disease w stg 1-4/unsp chr kdny,GEN003,Chronic kidney disease,Circulatory,Personal history of nicotine dependence,XXX000,Unacceptable PDX,Factors/status,False,False,False,False,False,False,False,False,False,False
E871,Z87891,102238,511228,1189002,0.01443263895604128,1.191466196846834,0.19998513383461,0.08598639867720996,0.0023192957539960504,0.06397904369984331,1.2618474203392198,0.0036508282159459066,1.2379989940037814,1.2861552553183093,63.705230702053974,5.226346176164583,Hypo-osmolality and hyponatremia,END011,Fluid and electrolyte disorders,Endocrine/metabolic,Personal history of nicotine dependence,XXX000,Unacceptable PDX,Factors/status,False,False,False,False,False,False,False,False,False,False
A419,E872,102221,413374,443108,0.014430239115842404,3.953247223038464,0.24728454135964043,0.2306909376495121,0.0107800148061289,0.13552470563902946,6.099987431179832,0.004010989156633036,5.973445477714602,6.229210059650223,450.8331087668058,5.226346176164583,"Sepsis, unspecified organism",INF002,Septicemia,Infectious,Acidosis,END011,Fluid and electrolyte disorders,Endocrine/metabolic,False,False,False,False,False,False,False,False,False,False
I2510,Z7984,102175,1067226,381206,0.014423745430598387,1.7790785327725254,0.09573885943558347,0.2680309334060849,0.006316320623375097,0.07589561279904208,2.1770550826682697,0.003818561429508515,2.134038000957816,2.220939285450632,203.73459963713995,5.226346176164583,Athscl heart disease of native coronary artery w/o ang pctrs,CIR011,Coronary atherosclerosis and other heart disease,Circulatory,Long term (current) use of oral hypoglycemic drugs,XXX000,Unacceptable PDX,Factors/status,False,False,False,False,False,False,False,False,False,False
K219,Z9049,102122,1192577,332401,0.014416263575860714,1.8248919619993331,0.08563136803745167,0.3072253091898039,0.006516473409616351,0.07177254760847197,2.3022235574136922,0.0039023591710198864,2.2557451009418132,2.349659678346466,213.68494889071044,5.226346176164583,Gastro-esophageal reflux disease without esophagitis,DIG004,Esophageal disorders,Digestive,Acquired absence of other specified parts of digestive tract,XXX000,Unacceptable PDX,Factors/status,False,False,False,False,False,False,False,False,False,False
E785,E875,101672,1768237,261041,0.014352738394125757,1.5603382897978753,0.05749907959170632,0.3894867089844124,0.0051542597770401,0.05274521868058099,1.9738112393688,0.0041114724005918936,1.9318504673824315,2.016683420605222,165.38267724261738,5.226346176164583,"Hyperlipidemia, unspecified",END010,Disorders of lipid metabolism,Endocrine/metabolic,Hyperkalemia,END011,Fluid and electrolyte disorders,Endocrine/metabolic,False,False,True,False,False,False,False,False,False,False
Z7982,Z951,101663,878735,260258,0.014351467890491057,3.1489626257648275,0.11569244425224898,0.3906239193415764,0.009793945431168334,0.09800449230235316,4.987868030446282,0.004194518793650902,4.879713761923479,5.098419436664122,383.1210799416933,5.226346176164583,Long term (current) use of aspirin,FAC025,Other specified status,Factors/status,Presence of aortocoronary bypass graft,XXX000,Unacceptable PDX,Factors/status,False,False,True,False,False,False,False,False,False,False
E860,K219,101650,483351,1192577,0.014349632718574269,1.24917973394212,0.21030265790284908,0.08523558646527646,0.0028623884664679914,0.06456928191844134,1.34494374087692,0.0036817975387521042,1.319311270087926,1.3710742166277794,80.49116789162721,5.226346176164583,Dehydration,END011,Fluid and electrolyte disorders,Endocrine/metabolic,Gastro-esophageal reflux disease without esophagitis,DIG004,Esophageal disorders,Digestive,False,False,False,False,False,False,False,False,False,False
K219,N390,101606,1192577,454737,0.014343421367471295,1.3272087324276598,0.08519869157295504,0.2234390427873694,0.003536212963081828,0.0657342784018715,1.4606031213085795,0.003710913360771806,1.4325483616525525,1.4892073001398514,102.09062038763484,5.226346176164583,Gastro-esophageal reflux disease without esophagitis,DIG004,Esophageal disorders,Digestive,"Urinary tract infection, site not specified",GEN004,Urinary tract infections,Genitourinary,False,False,False,False,False,False,False,False,False,False
G4733,Z7982,101590,470750,878735,0.014341162694342942,1.7396797350882185,0.21580456718003185,0.11560937028797078,0.00609759785588967,0.08140909291246459,2.0665416304702866,0.003743047173661583,2.0265078482399637,2.1073662824330195,193.92662354752795,5.226346176164583,Obstructive sleep apnea (adult) (pediatric),NVS016,Sleep wake disorders,Nervous,Long term (current) use of aspirin,FAC025,Other specified status,Factors/status,False,False,False,False,False,False,False,False,False,False
E785,I5032,101188,1768237,212041,0.014284413531993046,1.911768458648721,0.057225360627562935,0.4772095962573276,0.006812581120818328,0.05384946969011596,2.849904111057994,0.004437956354568608,2.7845632873933965,2.9167781816976186,235.98369717936032,5.226346176164583,"Hyperlipidemia, unspecified",END010,Disorders of lipid metabolism,Endocrine/metabolic,Chronic diastolic (congestive) heart failure,CIR019,Heart failure,Circulatory,False,False,False,False,False,False,False,False,False,False
Z79899,Z8249,101168,1032658,293364,0.014281590190582604,2.365627878539312,0.09796854331250036,0.3448548560832277,0.008244465619916418,0.08259596653968555,3.31086375218233,0.004041254168988638,3.241668331452173,3.3815361920768376,296.24692177364216,5.226346176164583,Other long term (current) drug therapy,FAC025,Other specified status,Factors/status,Family hx of ischem heart dis and oth dis of the circ sys,XXX000,Unacceptable PDX,Factors/status,False,False,True,False,False,False,False,False,False,False
E785,F0390,101095,1768237,231200,0.014271284994434488,1.7517332384041007,0.05717276586792382,0.4372621107266436,0.006124333916748593,0.05325436617848628,2.4168574018756335,0.004286068455689997,2.363320506702662,2.471607081830285,205.89220893721279,5.226346176164583,"Hyperlipidemia, unspecified",END010,Disorders of lipid metabolism,Endocrine/metabolic,Unspecified dementia without behavioral disturbance,NVS011,Neurocognitive disorders,Mental/behavioural,False,False,False,False,False,False,False,False,False,False
E785,Z888,100986,1768237,280441,0.014255897783747576,1.4425995323704381,0.05711112254748656,0.3600971327302356,0.004373808219831875,0.05184906032370621,1.7335646519260872,0.004033511504731279,1.6974026904944872,1.7704970183192816,136.40218464832247,5.226346176164583,"Hyperlipidemia, unspecified",END010,Disorders of lipid metabolism,Endocrine/metabolic,Allergy status to other drug/meds/biol subst,XXX000,Unacceptable PDX,Factors/status,False,False,False,False,False,False,False,False,False,False
I129,N189,100703,385977,209394,0.014215947502789815,8.826394748746536,0.260904147138301,0.4809259100069725,0.012605329814881775,0.20357694453653763,21.400040741004666,0.004773641536593354,20.87274253013422,21.940659836889896,641.7308049479994,5.226346176164583,Hypertensive chronic kidney disease w stg 1-4/unsp chr kdny,GEN003,Chronic kidney disease,Circulatory,"Chronic kidney disease, unspecified",GEN003,Chronic kidney disease,Genitourinary,True,False,False,True,False,False,False,False,True,False
E7800,K219,100671,326467,1192577,0.014211430156533107,1.8316616920716706,0.3083650108586779,0.0844146751111249,0.00645266650599265,0.07097639337466238,2.3133266024676518,0.0039312088315959825,2.26628226011392,2.3613475090324907,213.3406318966186,5.226346176164583,"Pure hypercholesterolemia, unspecified",END010,Disorders of lipid metabolism,Endocrine/metabolic,Gastro-esophageal reflux disease without esophagitis,DIG004,Esophageal disorders,Digestive,False,False,False,False,False,False,False,False,False,False
I480,K219,100543,375871,1192577,0.014193360771506274,1.58888764659702,0.26749336873555024,0.08430734451528077,0.005260469385570506,0.06849421454385672,1.8779580041979211,0.003830372910139559,1.8407372371585058,1.9159313965827884,164.52315044467562,5.226346176164583,Paroxysmal atrial fibrillation,CIR017,Cardiac dysrhythmias,Circulatory,Gastro-esophageal reflux disease without esophagitis,DIG004,Esophageal disorders,Digestive,False,False,False,False,False,False,False,False,False,False
F17210,N179,100484,789519,899456,0.014185031914345468,1.0023537127904274,0.1272724278959721,0.11171641525544329,3.3309091015853304e-05,0.06325751924310556,1.0030398760932198,0.0035828296612100095,0.9844326012865288,1.0219988567203795,0.8471697789962392,5.226346176164583,"Nicotine dependence, cigarettes, uncomplicated",XXX000,Unacceptable PDX,Mental/behavioural,"Acute kidney failure, unspecified",GEN002,Acute and unspecified renal failure,Genitourinary,False,False,False,False,False,False,False,False,False,False
I10,J9601,100449,1922540,412424,0.014180091066877194,0.8974141246235018,0.05224806766049081,0.24355760091556264,-0.0016209651877547061,0.044953379144915116,0.8569101940363166,0.003730370846002999,0.8403654969431795,0.8737806148804874,-41.39592639435982,5.226346176164583,Essential (primary) hypertension,CIR007,Essential hypertension,Circulatory,Acute respiratory failure with hypoxia,RSP012,Respiratory failure; insufficiency; arrest,Respiratory,False,False,False,False,False,False,False,False,False,False
E785,K5900,99914,1768237,289704,0.014104566684147855,1.3816497989756815,0.05650486897401197,0.3448830530472482,0.0038960705119596446,0.051027896959541415,1.617460252997307,0.004008992565459172,1.5839231741022273,1.6517074267247656,119.94464098678333,5.226346176164583,"Hyperlipidemia, unspecified",END010,Disorders of lipid metabolism,Endocrine/metabolic,"Constipation, unspecified",DIG025,Other specified and unspecified gastrointestinal disorders,Digestive,False,False,False,False,False,False,False,False,False,False
I130,K219,99848,398706,1192577,0.014095249657493395,1.48753354170297,0.25043014150777765,0.08372457292065837,0.004619665233792428,0.06694760415304724,1.7098546784015514,0.0038019985155063607,1.6762142417704355,1.7441702548498406,141.0859003033907,5.226346176164583,Hyp hrt & chr kdny dis w hrt fail and stg 1-4/unsp chr kdny,CIR019,Heart failure,Circulatory,Gastro-esophageal reflux disease without esophagitis,DIG004,Esophageal disorders,Digestive,False,False,False,False,False,False,False,False,False,False
E1165,N179,99380,356093,899456,0.01402918346848904,2.1979723780724125,0.2790843964919277,0.11048900668848727,0.007646399222222753,0.0859562918569863,2.8681543466830384,0.003921263963174396,2.8099729450542235,2.9275404131117235,268.7064038584665,5.226346176164583,Type 2 diabetes mellitus with hyperglycemia,END003,Diabetes mellitus with complication,Endocrine/metabolic,"Acute kidney failure, unspecified",GEN002,Acute and unspecified renal failure,Genitourinary,False,False,False,False,False,False,False,False,False,False
I252,K219,99371,342792,1192577,0.01402791296485434,1.721904855502988,0.2898871618940932,0.08332459874708299,0.005881171918144981,0.06919995710300432,2.109019482954714,0.003906807928417819,2.066393482549149,2.152524781483274,191.00584239937325,5.226346176164583,Old myocardial infarction,CIR011,Coronary atherosclerosis and other heart disease,Circulatory,Gastro-esophageal reflux disease without esophagitis,DIG004,Esophageal disorders,Digestive,False,False,False,False,False,False,False,False,False,False
J441,Z87891,99338,287758,1189002,0.01402325445152711,2.056705067359354,0.3452136865004622,0.08354737838960742,0.007204943613438956,0.0721187842215385,2.7609440060720964,0.004057933542542045,2.7030059998226847,2.82012389360789,250.26842894008448,5.226346176164583,Chronic obstructive pulmonary disease w (acute) exacerbation,RSP008,Chronic obstructive pulmonary disease and bronchiectasis,Respiratory,Personal history of nicotine dependence,XXX000,Unacceptable PDX,Factors/status,False,False,False,False,False,False,False,False,False,False
I2510,N390,99037,1067226,454737,0.01398076316329995,1.445597486907357,0.0927985262727857,0.21778962345267705,0.0043094934703719855,0.06960094903037825,1.627941277986923,0.0037573988335063125,1.5962844817776152,1.6602258775468723,129.69509452965235,5.226346176164583,Athscl heart disease of native coronary artery w/o ang pctrs,CIR011,Coronary atherosclerosis and other heart disease,Circulatory,"Urinary tract infection, site not specified",GEN004,Urinary tract infections,Genitourinary,False,False,False,False,False,False,False,False,False,False
Z7901,Z86718,98888,585640,217420,0.013959729269792153,5.501485436775293,0.16885458643535278,0.4548247631312667,0.011422281987558743,0.14043159909794767,10.93442333933976,0.004556323635509183,10.677118489925371,11.197928905323383,524.9662027479576,5.226346176164583,Long term (current) use of anticoagulants,FAC025,Other specified status,Factors/status,Personal history of other venous thrombosis and embolism,XXX000,Unacceptable PDX,Factors/status,False,False,True,False,False,False,False,False,False,False
N179,N189,98675,899456,209394,0.01392966068377094,3.7113300350657465,0.10970519958730611,0.4712408187436125,0.010176380713474745,0.09768109485980152,6.759577564020566,0.004536461926451858,6.601198854314659,6.921756161631944,421.24466788314743,5.226346176164583,"Acute kidney failure, unspecified",GEN002,Acute and unspecified renal failure,Genitourinary,"Chronic kidney disease, unspecified",GEN003,Chronic kidney disease,Genitourinary,False,False,True,False,False,False,False,True,True,False
I120,N186,98595,106928,216385,0.01391836731812917,30.185814117962117,0.9220690558132575,0.4556461861959008,0.013457277639920126,0.4387498998745094,688.9468706289784,0.011780301004281075,647.8092113618198,732.6968839354125,554.7535801353667,5.226346176164583,Hyp chr kidney disease w stage 5 chr kidney disease or ESRD,GEN003,Chronic kidney disease,Circulatory,End stage renal disease,GEN003,Chronic kidney disease,Genitourinary,True,False,False,True,False,False,False,False,True,False
E669,Z79899,98589,534192,1032658,0.013917520315706037,1.26602174606427,0.18455723784706624,0.09547110466388678,0.0029244071571272352,0.06714678112406446,1.360667417341741,0.003699647944311474,1.3346107636479794,1.3872327955417105,83.24449570653246,5.226346176164583,"Obesity, unspecified",END009,Obesity,Endocrine/metabolic,Other long term (current) drug therapy,FAC025,Other specified status,Factors/status,False,False,False,False,False,False,False,False,False,False
E876,F329,98436,663288,725159,0.01389592175391615,1.4497234822506682,0.1484061222274487,0.1357440230349482,0.004310699520816225,0.07630632607008778,1.6110470199257645,0.0037010006043352414,1.5801844491708619,1.6425123673211417,128.85279997109282,5.226346176164583,Hypokalemia,END011,Fluid and electrolyte disorders,Endocrine/metabolic,"Major depressive disorder, single episode, unspecified",MBD002,Depressive disorders,Mental/behavioural,False,False,False,False,False,False,False,False,False,False
I130,Z7901,98013,398706,585640,0.013836208083085291,2.9734920160567193,0.2458277527802441,0.16736049450174167,0.009183023205382439,0.11058259141880084,4.1427457087247825,0.003967420259432077,4.057729866185178,4.229542767294304,358.25768124671794,5.226346176164583,Hyp hrt & chr kdny dis w hrt fail and stg 1-4/unsp chr kdny,CIR019,Heart failure,Circulatory,Long term (current) use of anticoagulants,FAC025,Other specified status,Factors/status,False,False,False,False,False,False,False,False,False,False
I132,N186,97899,107646,216385,0.013820115037045768,29.772808559880037,0.9094532077364695,0.4524296970677265,0.013355929234445039,0.43292855500327243,581.2930935644418,0.011017738727610197,548.7662501332712,615.7478900053666,577.7279032464163,5.226346176164583,Hyp hrt & chr kdny dis w hrt fail and w stg 5 chr kdny/ESRD,GEN003,Chronic kidney disease,Circulatory,End stage renal disease,GEN003,Chronic kidney disease,Genitourinary,True,False,False,True,False,False,False,False,True,False
E8342,I10,97586,256619,1922540,0.013775929743972343,1.4011670691278426,0.3802758174570082,0.05075889188261363,0.003944175881424617,0.04688089247890898,1.681949521150764,0.0041573034531231,1.6457991025440357,1.7188939933958867,125.06990547042287,5.226346176164583,Hypomagnesemia,END016,Other specified and unspecified nutritional and metabolic disorders,Endocrine/metabolic,Essential (primary) hypertension,CIR007,Essential hypertension,Circulatory,False,False,False,False,False,False,False,False,False,False
E039,E1122,97509,734506,548083,0.013765059879542138,1.7158116833442318,0.13275453161716855,0.1779091852876298,0.00574258281334504,0.08228052114625173,2.0040141271253966,0.003770171459497587,1.9649130824061065,2.043893268195019,184.38212694819399,5.226346176164583,"Hypothyroidism, unspecified",END001,Thyroid disorders,Endocrine/metabolic,Type 2 diabetes mellitus w diabetic chronic kidney disease,END003,Diabetes mellitus with complication,Endocrine/metabolic,False,False,True,False,False,False,False,False,False,False
I130,Z7982,97252,398706,878735,0.013728779942417953,1.9663211160091607,0.24391907821803535,0.11067272841072678,0.006746817621694956,0.08240375058571127,2.4371223248898404,0.0038792740894040066,2.3882085851868244,2.4870378840932865,229.6352223946063,5.226346176164583,Hyp hrt & chr kdny dis w hrt fail and stg 1-4/unsp chr kdny,CIR019,Heart failure,Circulatory,Long term (current) use of aspirin,FAC025,Other specified status,Factors/status,False,False,False,False,False,False,False,False,False,False
I10,Z90710,96862,1922540,214920,0.013673724784914323,1.6606106290556577,0.05038230674004182,0.4506886283268193,0.005439570103699146,0.04746745806866418,2.266422897229345,0.004420443168946167,2.214662465568968,2.3193930582852036,185.0951909388762,5.226346176164583,Essential (primary) hypertension,CIR007,Essential hypertension,Circulatory,Acquired absence of both cervix and uterus,XXX000,Unacceptable PDX,Factors/status,False,False,False,False,False,False,False,False,False,False
E669,Z7982,96351,534192,878735,0.013601588411877514,1.4540104223793575,0.1803677329499506,0.10964739085162194,0.004247055457691575,0.07318301412147875,1.622140820161265,0.0037568782972996918,1.5906011463491654,1.654305887100018,128.76296022527544,5.226346176164583,"Obesity, unspecified",END009,Obesity,Endocrine/metabolic,Long term (current) use of aspirin,FAC025,Other specified status,Factors/status,False,False,False,False,False,False,False,False,False,False
E860,E871,96179,483351,511228,0.01357730767574771,2.757208453169226,0.19898376128320827,0.18813327908487015,0.008653012720775587,0.10705587711487088,3.7020842112413286,0.0039434852794824,3.6265650830552016,3.779175940109197,331.9134898770034,5.226346176164583,Dehydration,END011,Fluid and electrolyte disorders,Endocrine/metabolic,Hypo-osmolality and hyponatremia,END011,Fluid and electrolyte disorders,Endocrine/metabolic,True,False,True,False,False,False,False,False,True,False
Z87891,Z951,96127,1189002,260258,0.013569966988080558,2.200519964817567,0.08084679420219647,0.36935271922476925,0.007403257662539141,0.07104031902259424,3.071076317114263,0.004193452392775141,3.0045014823613894,3.1391263412282973,267.56666988354425,5.226346176164583,Personal history of nicotine dependence,XXX000,Unacceptable PDX,Factors/status,Presence of aortocoronary bypass graft,XXX000,Unacceptable PDX,Factors/status,True,False,True,False,False,False,False,False,True,False
I2510,N400,95642,1067226,261384,0.013501500958877326,2.428733426248434,0.08961738188537385,0.36590609983778655,0.007942430204977197,0.07757054522096275,3.474997470852321,0.00420585552114506,3.3994460581797585,3.5522279853135657,296.1570469888826,5.226346176164583,Athscl heart disease of native coronary artery w/o ang pctrs,CIR011,Coronary atherosclerosis and other heart disease,Circulatory,Benign prostatic hyperplasia without lower urinry tract symp,GEN012,Hyperplasia of prostate,Genitourinary,False,False,False,False,False,False,False,False,False,False
E1122,Z992,95622,548083,168131,0.013498677617466884,7.350726986222222,0.17446627609321946,0.5687350934687833,0.01166230447467869,0.15408190888699821,18.83788124786356,0.005158870094387174,18.336759511114998,19.352698043157755,569.0916322381936,5.226346176164583,Type 2 diabetes mellitus w diabetic chronic kidney disease,END003,Diabetes mellitus with complication,Endocrine/metabolic,Dependence on renal dialysis,XXX000,Unacceptable PDX,Factors/status,False,False,False,False,False,False,False,False,False,False
E6601,Z87891,95407,431917,1189002,0.013468326697304626,1.3160244395231901,0.2208919769307529,0.08024124433768824,0.0032342259520446465,0.06254096985143348,1.4410155162770972,0.003814099891052684,1.4125749976257043,1.4700286509683604,95.78880866002362,5.226346176164583,Morbid (severe) obesity due to excess calories,END009,Obesity,Endocrine/metabolic,Personal history of nicotine dependence,XXX000,Unacceptable PDX,Factors/status,False,False,False,False,False,False,False,False,False,False
I4891,Z87891,95395,353708,1189002,0.01346663269245836,1.6068108003199584,0.2696998654257184,0.08023115183994645,0.005085662954280848,0.06591170546840183,1.9033913184227018,0.003930109403592834,1.8646942288652824,1.942891469799606,163.77080978154007,5.226346176164583,Unspecified atrial fibrillation,CIR017,Cardiac dysrhythmias,Circulatory,Personal history of nicotine dependence,XXX000,Unacceptable PDX,Factors/status,False,False,False,False,False,False,False,False,False,False
E876,F419,95266,663288,723719,0.013448422140361007,1.4058287268874774,0.14362690113495194,0.1316339629054923,0.0038822339673991544,0.07375007838258599,1.5457345390561303,0.0037444920330221075,1.5157785715359156,1.5762825191611138,116.30395347031225,5.226346176164583,Hypokalemia,END011,Fluid and electrolyte disorders,Endocrine/metabolic,"Anxiety disorder, unspecified",MBD005,Anxiety and fear-related disorders,Mental/behavioural,False,False,False,False,False,False,False,False,False,False
A419,J9601,95253,413374,412424,0.013446586968444219,3.9578394490938305,0.230428135296366,0.23095891606696023,0.010049130567952053,0.13038621850810012,5.997778562484902,0.004117283430631969,5.870094969929391,6.128239469528746,435.09007608243394,5.226346176164583,"Sepsis, unspecified organism",INF002,Septicemia,Infectious,Acute respiratory failure with hypoxia,RSP012,Respiratory failure; insufficiency; arrest,Respiratory,False,False,False,False,False,False,False,False,False,False
N183,Z79899,95016,472288,1032658,0.013413130372730475,1.3800661894841715,0.2011823294261129,0.0920111014488824,0.0036939368478576488,0.06739057967416823,1.5240050171542916,0.003797083458840083,1.4940594474856013,1.5545507886049736,110.96457423765375,5.226346176164583,"Chronic kidney disease, stage 3 (moderate)",GEN003,Chronic kidney disease,Genitourinary,Other long term (current) drug therapy,FAC025,Other specified status,Factors/status,False,False,False,False,False,False,False,False,False,False
E876,Z7982,94763,663288,878735,0.013377415103888377,1.151715823825212,0.14286855785118982,0.10784024762869351,0.0017622103570631101,0.06547752304354436,1.1984042265369184,0.003710052668942507,1.1753909797975737,1.221868054856851,48.78390598231267,5.226346176164583,Hypokalemia,END011,Fluid and electrolyte disorders,Endocrine/metabolic,Long term (current) use of aspirin,FAC025,Other specified status,Factors/status,False,False,False,False,False,False,False,False,False,False
G4733,Z79899,94652,470750,1032658,0.01336174555906042,1.3792708256540687,0.2010663834306957,0.09165861301611956,0.003674202467061719,0.06718835625189884,1.5226296902416665,0.0038034378978650317,1.4926615718705643,1.5531994775614637,110.54180735666579,5.226346176164583,Obstructive sleep apnea (adult) (pediatric),NVS016,Sleep wake disorders,Nervous,Other long term (current) drug therapy,FAC025,Other specified status,Factors/status,False,False,False,False,False,False,False,False,False,False
D631,Z992,94315,228467,168131,0.013314172256294464,17.393063864595433,0.4128167306438129,0.5609613931993505,0.012548684797618698,0.31200894525990547,64.5889253582146,0.005634845210030222,62.71453947386425,66.51933210268646,739.690764635278,5.226346176164583,Anemia in chronic kidney disease,XXX000,Unacceptable PDX,Blood/immune,Dependence on renal dialysis,XXX000,Unacceptable PDX,Factors/status,True,False,False,False,False,False,False,False,True,False
I2510,M1990,93772,1067226,333307,0.013237518537000947,1.8674068379567903,0.0878651756984931,0.28133822571983186,0.006148801569741321,0.07175910514623561,2.3232484918098457,0.004004899760616335,2.275125977813181,2.3723888731140534,210.48377454341343,5.226346176164583,Athscl heart disease of native coronary artery w/o ang pctrs,CIR011,Coronary atherosclerosis and other heart disease,Circulatory,"Unspecified osteoarthritis, unspecified site",MUS006,Osteoarthritis,Musculoskeletal,False,False,False,False,False,False,False,False,False,False
E7800,Z87891,93654,326467,1189002,0.013220860822679337,1.7091140921461867,0.2868712611075545,0.07876689862590643,0.005485355695530394,0.06586932899146514,2.0793964981368944,0.0040077917698000745,2.036294224493674,2.1234111183216253,182.66360842469913,5.226346176164583,"Pure hypercholesterolemia, unspecified",END010,Disorders of lipid metabolism,Endocrine/metabolic,Personal history of nicotine dependence,XXX000,Unacceptable PDX,Factors/status,False,False,False,False,False,False,False,False,False,False
E039,N183,93631,734506,472288,0.013217613980057328,1.9119828855784458,0.12747479258168076,0.19824979673419607,0.006304574077998525,0.08411256931824,2.303683525107495,0.003879294656142181,2.257447697499029,2.3508663300288837,215.11884207698242,5.226346176164583,"Hypothyroidism, unspecified",END001,Thyroid disorders,Endocrine/metabolic,"Chronic kidney disease, stage 3 (moderate)",GEN003,Chronic kidney disease,Genitourinary,False,False,False,False,False,False,False,False,False,False
E872,I2510,93551,443108,1067226,0.013206320614415557,1.4013578276618688,0.21112460167724348,0.0876580967854981,0.0037823745288893644,0.06603057772432334,1.5576605660215916,0.0038410356512201395,1.5267029514887722,1.5892459214627705,115.38165712514372,5.226346176164583,Acidosis,END011,Fluid and electrolyte disorders,Endocrine/metabolic,Athscl heart disease of native coronary artery w/o ang pctrs,CIR011,Coronary atherosclerosis and other heart disease,Circulatory,False,False,False,False,False,False,False,False,False,False
D649,Z79899,93528,536954,1032658,0.013203073771793548,1.1948534703193243,0.17418251842802177,0.09057015972374204,0.002153121539353672,0.06336224767696147,1.2594554700596705,0.0037669926453294616,1.2349022946735202,1.2844968285386398,61.237035123808994,5.226346176164583,"Anemia, unspecified",BLD003,Aplastic anemia,Blood/immune,Other long term (current) drug therapy,FAC025,Other specified status,Factors/status,False,False,False,False,False,False,False,False,False,False
E872,E876,93528,443108,663288,0.013203073771793548,2.254221117258245,0.21107269559565614,0.14100662155805624,0.007346029105362543,0.09233977181626826,2.8507569674564173,0.003933489826491969,2.7927500241523333,2.9099687466542914,266.32446195112954,5.226346176164583,Acidosis,END011,Fluid and electrolyte disorders,Endocrine/metabolic,Hypokalemia,END011,Fluid and electrolyte disorders,Endocrine/metabolic,True,True,True,False,False,False,False,False,True,False
E785,N189,93518,1768237,209394,0.013201662101088328,1.7891926312724953,0.05288770679496018,0.4466126059008377,0.005823103822710473,0.049635027198474825,2.5057500466893248,0.004484683144673982,2.4477019455074096,2.5651747787380046,204.8278729895622,5.226346176164583,"Hyperlipidemia, unspecified",END010,Disorders of lipid metabolism,Endocrine/metabolic,"Chronic kidney disease, unspecified",GEN003,Chronic kidney disease,Genitourinary,False,False,False,False,False,False,False,False,False,False
E039,E876,93365,734506,663288,0.013180063539298442,1.357541800971661,0.12711264441679168,0.14076087612017707,0.003471291750566187,0.07157537895891612,1.476715934677314,0.0037680184421224503,1.4479194882739892,1.506085089254108,103.45508260147348,5.226346176164583,"Hypothyroidism, unspecified",END001,Thyroid disorders,Endocrine/metabolic,Hypokalemia,END011,Fluid and electrolyte disorders,Endocrine/metabolic,False,False,True,False,False,False,False,False,False,False
I110,I5032,93324,497458,212041,0.013174275689407034,6.267346116144725,0.1876017673853873,0.4401224291528525,0.011072225564000681,0.15145697245100823,12.580566653302641,0.0046655865312366035,12.277512338675288,12.891101466835702,542.7298962922514,5.226346176164583,Hypertensive heart disease with heart failure,CIR019,Heart failure,Circulatory,Chronic diastolic (congestive) heart failure,CIR019,Heart failure,Circulatory,True,False,True,False,False,False,False,True,True,False
O9902,Z370,93087,96992,696749,0.01314081909369329,9.757607912308766,0.9597389475420653,0.1336019140321694,0.011794093624522023,0.1328573018922321,252.03199605813774,0.01638917202150037,231.34279264783402,274.5714543774177,337.3908114871363,5.226346176164583,Anemia complicating childbirth,PRG023,Complications specified during childbirth,Pregnancy/childbirth,Single live birth,XXX000,Unacceptable PDX,Factors/status,False,False,False,True,True,True,False,False,True,True
N183,Z7901,93049,472288,585640,0.01313545474501345,2.383091209597422,0.1970174977979538,0.15888429752066116,0.007623515171692445,0.09643592616276238,3.047816399001235,0.003946812788942512,2.9855918130886097,3.1113378464188464,282.36084634775597,5.226346176164583,"Chronic kidney disease, stage 3 (moderate)",GEN003,Chronic kidney disease,Genitourinary,Long term (current) use of anticoagulants,FAC025,Other specified status,Factors/status,False,False,False,False,False,False,False,False,False,False
Z79899,Z9049,92673,1032658,332401,0.01308237592649713,1.91249797625589,0.0897421992566755,0.2787988002442833,0.006241910687360728,0.07283402992488129,2.3899948732189302,0.004024658736002323,2.3402481272845987,2.4407990876764503,216.4882237220159,5.226346176164583,Other long term (current) drug therapy,FAC025,Other specified status,Factors/status,Acquired absence of other specified parts of digestive tract,XXX000,Unacceptable PDX,Factors/status,False,False,True,False,False,False,False,False,False,False
F419,N179,92326,723719,899456,0.013033390953025952,1.0047099893491156,0.1275716127391985,0.1026464885441867,6.109935525910361e-05,0.060310324532334675,1.0060203785163777,0.0037194040029898327,0.9866533032357044,1.0257676112482015,1.613787704181449,5.226346176164583,"Anxiety disorder, unspecified",MBD005,Anxiety and fear-related disorders,Mental/behavioural,"Acute kidney failure, unspecified",GEN002,Acute and unspecified renal failure,Genitourinary,False,False,False,False,False,False,False,False,False,False
E872,J9601,92241,443108,412424,0.013021391752031571,3.5755024433142397,0.20816821181292144,0.22365575233255097,0.00937955624542186,0.12084643995540365,5.189633621613632,0.004119782766972783,5.07908786145683,5.302585397461044,399.696584671605,5.226346176164583,Acidosis,END011,Fluid and electrolyte disorders,Endocrine/metabolic,Acute respiratory failure with hypoxia,RSP012,Respiratory failure; insufficiency; arrest,Respiratory,False,False,False,False,False,False,False,False,False,False
I480,N179,92143,375871,899456,0.013007557379120403,1.9306795787543736,0.2451452759058294,0.10244303223281628,0.00627026263469028,0.0778771518208495,2.3736532977118814,0.003973069775614704,2.3248734468396814,2.4234566339072705,217.5723792786263,5.226346176164583,Paroxysmal atrial fibrillation,CIR017,Cardiac dysrhythmias,Circulatory,"Acute kidney failure, unspecified",GEN002,Acute and unspecified renal failure,Genitourinary,False,False,False,False,False,False,False,False,False,False
Z87891,Z9981,91422,1189002,216526,0.012905775921273947,2.5155020604039975,0.07688969404593096,0.42222181169928785,0.007775278862885038,0.06956973029572956,3.841465822761966,0.004473919770018156,3.7526856799107513,3.9323463050599075,300.8221174322578,5.226346176164583,Personal history of nicotine dependence,XXX000,Unacceptable PDX,Factors/status,Dependence on supplemental oxygen,XXX000,Unacceptable PDX,Factors/status,True,False,True,False,False,False,False,False,True,False
M1990,Z87891,91401,333307,1189002,0.012902811412792984,1.63376852535529,0.2742246637484361,0.0768720321748828,0.005005235218523325,0.06387622404794718,1.9459523606239435,0.004020266900710647,1.905491911022333,1.9872719311551654,165.59883192841352,5.226346176164583,"Unspecified osteoarthritis, unspecified site",MUS006,Osteoarthritis,Musculoskeletal,Personal history of nicotine dependence,XXX000,Unacceptable PDX,Factors/status,False,False,False,False,False,False,False,False,False,False
G4733,N179,91395,470750,899456,0.012901964410369851,1.5290397750939382,0.19414763674986724,0.10161141845737869,0.004464012291317092,0.0714687315013712,1.730755918412993,0.003871343769030105,1.6960894495040073,1.7661309372554563,141.6971193630486,5.226346176164583,Obstructive sleep apnea (adult) (pediatric),NVS016,Sleep wake disorders,Nervous,"Acute kidney failure, unspecified",GEN002,Acute and unspecified renal failure,Genitourinary,False,False,False,False,False,False,False,False,False,False
E039,Z66,91222,734506,467310,0.012877542507169522,1.8826334243950393,0.12419503720868175,0.19520660803321135,0.006037367282240878,0.08213802703778339,2.25225065411655,0.003917026000226542,2.2066119240023947,2.2988333171732296,207.28226132031048,5.226346176164583,"Hypothyroidism, unspecified",END001,Thyroid disorders,Endocrine/metabolic,Do not resuscitate,XXX000,Unacceptable PDX,Factors/status,False,False,False,False,False,False,False,False,False,False
I110,J449,91217,497458,530930,0.012876836671816912,2.4465195878326718,0.183366233933317,0.17180607613056334,0.00761350800857728,0.09733229047847192,3.1387842739949696,0.003982624434419359,3.0741270570760593,3.2048014072810567,287.20648152926134,5.226346176164583,Hypertensive heart disease with heart failure,CIR019,Heart failure,Circulatory,"Chronic obstructive pulmonary disease, unspecified",RSP008,Chronic obstructive pulmonary disease and bronchiectasis,Respiratory,False,False,False,False,False,False,False,False,False,False
E860,Z87891,91188,483351,1189002,0.01287274282677177,1.123981289072954,0.1886579318135268,0.07669289033996579,0.001419934001645284,0.05767140051797251,1.1655075188228505,0.0038221569266100952,1.142456439139183,1.1890236948168713,40.07073324568048,5.226346176164583,Dehydration,END011,Fluid and electrolyte disorders,Endocrine/metabolic,Personal history of nicotine dependence,XXX000,Unacceptable PDX,Factors/status,False,False,False,False,False,False,False,False,False,False
E871,Z79899,91068,511228,1032658,0.012855802778309115,1.2219719881153743,0.17813578286009374,0.08818795767814708,0.0023352647436063797,0.06268369472294534,1.296210267450709,0.0038210482432586086,1.2705815477793896,1.322355940381061,67.89886221172502,5.226346176164583,Hypo-osmolality and hyponatremia,END011,Fluid and electrolyte disorders,Endocrine/metabolic,Other long term (current) drug therapy,FAC025,Other specified status,Factors/status,False,False,False,False,False,False,False,False,False,False
Z79899,Z8673,90976,1032658,381176,0.01284281540782108,1.6372363315929555,0.08809886719514108,0.23867189959493776,0.004998611635891824,0.06877230965077129,1.9178758313725548,0.003958946146488276,1.878601116145779,1.9579716380183056,164.4928250279689,5.226346176164583,Other long term (current) drug therapy,FAC025,Other specified status,Factors/status,"Prsnl hx of TIA (TIA), and cereb infrc w/o resid deficits",XXX000,Unacceptable PDX,Factors/status,False,False,True,False,False,False,False,False,False,False
D62,I2510,90531,413351,1067226,0.012779996061438733,1.4537459755957038,0.21901725168198455,0.08482833064411849,0.003988916824777835,0.06512806051022772,1.6348523748481416,0.003917022747720531,1.6017243902460834,1.6686655356081437,125.49135946327351,5.226346176164583,Acute posthemorrhagic anemia,BLD004,Acute posthemorrhagic anemia,Blood/immune,Athscl heart disease of native coronary artery w/o ang pctrs,CIR011,Coronary atherosclerosis and other heart disease,Circulatory,False,False,False,False,False,False,False,False,False,False
E785,I509,90510,1768237,205309,0.012777031552957768,1.7660976024940498,0.051186577364912056,0.44084769786029837,0.005542419187868609,0.04806599555186412,2.4440222222955845,0.004532946593193455,2.386801978897722,2.50261424109981,197.1444215120878,5.226346176164583,"Hyperlipidemia, unspecified",END010,Disorders of lipid metabolism,Endocrine/metabolic,"Heart failure, unspecified",CIR019,Heart failure,Circulatory,False,False,False,False,False,False,False,False,False,False
K219,Z955,90441,1192577,319474,0.012767291025091741,1.6815508487313435,0.07583661264639516,0.283093459874669,0.005174721918588597,0.0636187139932893,2.028701833405956,0.004062878670542693,1.9860784913138596,2.0722399174375306,174.1120409742973,5.226346176164583,Gastro-esophageal reflux disease without esophagitis,DIG004,Esophageal disorders,Digestive,Presence of coronary angioplasty implant and graft,XXX000,Unacceptable PDX,Factors/status,False,False,False,False,False,False,False,False,False,False
K219,Z7984,90289,1192577,381206,0.012745833630372377,1.4068742593150387,0.07570915756383026,0.2368509414857059,0.0036861514690270485,0.06086239647750513,1.5768279473044367,0.003949512706010936,1.5446134426840414,1.6097143186063325,115.30921272145589,5.226346176164583,Gastro-esophageal reflux disease without esophagitis,DIG004,Esophageal disorders,Digestive,Long term (current) use of oral hypoglycemic drugs,XXX000,Unacceptable PDX,Factors/status,False,False,False,False,False,False,False,False,False,False
I110,N179,90205,497458,899456,0.012733975596448519,1.4281073876901431,0.18133189133554994,0.10028839654190978,0.0038172962863269096,0.0690322022730386,1.5812272919766532,0.0038665331661943965,1.5495947912553625,1.6135055196373538,118.50443094382616,5.226346176164583,Hypertensive heart disease with heart failure,CIR019,Heart failure,Circulatory,"Acute kidney failure, unspecified",GEN002,Acute and unspecified renal failure,Genitourinary,False,False,False,False,False,False,False,False,False,False
F329,J449,90143,725159,530930,0.012725223238076146,1.6585482026877671,0.1243079104030978,0.16978321059273352,0.005052715910610937,0.07731318603091396,1.9058327531761363,0.0038866222335618124,1.867510425463521,1.9449414758567738,165.93304290453867,5.226346176164583,"Major depressive disorder, single episode, unspecified",MBD002,Depressive disorders,Mental/behavioural,"Chronic obstructive pulmonary disease, unspecified",RSP008,Chronic obstructive pulmonary disease and bronchiectasis,Respiratory,False,False,False,False,False,False,False,False,False,False
Z8249,Z833,90017,293364,165845,0.01270743618719036,13.106355130996246,0.30684405721220054,0.5427778950224608,0.011737873249197206,0.24382164293917527,39.19915129152837,0.0054187843485830845,38.10458640516222,40.325157859946316,677.025483915965,5.226346176164583,Family hx of ischem heart dis and oth dis of the circ sys,XXX000,Unacceptable PDX,Factors/status,Family history of diabetes mellitus,XXX000,Unacceptable PDX,Factors/status,True,False,True,False,False,False,False,False,True,False
N183,Z794,89847,472288,550187,0.012683437785201597,2.4493618125579255,0.19023773629649704,0.163302658914151,0.007505175545554777,0.09633744644166806,3.1392077561833363,0.004009940745805989,3.0741029116729828,3.2056914227112037,285.28363226661384,5.226346176164583,"Chronic kidney disease, stage 3 (moderate)",GEN003,Chronic kidney disease,Genitourinary,Long term (current) use of insulin,FAC025,Other specified status,Factors/status,False,False,False,False,False,False,False,False,False,False
E039,J449,89775,734506,530930,0.012673273756124004,1.6307575502399463,0.12222500565005595,0.16909008720546964,0.004901870978157846,0.07636129802723744,1.8648261642362014,0.003889210976657325,1.8273036706512442,1.9031191578466586,160.22988800732858,5.226346176164583,"Hypothyroidism, unspecified",END001,Thyroid disorders,Endocrine/metabolic,"Chronic obstructive pulmonary disease, unspecified",RSP008,Chronic obstructive pulmonary disease and bronchiectasis,Respiratory,False,False,False,False,False,False,False,False,False,False
N400,Z87891,89774,261384,1189002,0.012673132589053481,2.046235377293135,0.3434563707036391,0.07550365768938992,0.006479743143398333,0.0659806028463662,2.723701989001423,0.004248602876317672,2.663889601454245,2.784857345755035,235.84034787196154,5.226346176164583,Benign prostatic hyperplasia without lower urinry tract symp,GEN012,Hyperplasia of prostate,Genitourinary,Personal history of nicotine dependence,XXX000,Unacceptable PDX,Factors/status,False,False,False,False,False,False,False,False,False,False
J9601,Z87891,89643,412424,1189002,0.012654639702815083,1.2949603308405782,0.21735640990824975,0.07539348125570856,0.0028824178042486867,0.05929620851669849,1.4076130900592192,0.0039169449929844485,1.3790903504662948,1.4367257450798099,87.28624644803357,5.226346176164583,Acute respiratory failure with hypoxia,RSP012,Respiratory failure; insufficiency; arrest,Respiratory,Personal history of nicotine dependence,XXX000,Unacceptable PDX,Factors/status,False,False,False,False,False,False,False,False,False,False
I10,J441,89449,1922540,287758,0.01262725329113379,1.145352838731341,0.04652647019047718,0.310848004225773,0.001602481828463417,0.04217603422025802,1.2212110429760623,0.0041193609229190605,1.1952003381923868,1.247787809148548,48.51311363640532,5.226346176164583,Essential (primary) hypertension,CIR007,Essential hypertension,Circulatory,Chronic obstructive pulmonary disease w (acute) exacerbation,RSP008,Chronic obstructive pulmonary disease and bronchiectasis,Respiratory,False,False,False,False,False,False,False,False,False,False
Z66,Z7982,89305,467310,878735,0.012606925232978603,1.5405626807080977,0.19110440606877663,0.1016290462995101,0.004423600146079827,0.07106083995098429,1.743877947466543,0.00390913439362279,1.7086111528568373,1.779872670604611,142.25945766770232,5.226346176164583,Do not resuscitate,XXX000,Unacceptable PDX,Factors/status,Long term (current) use of aspirin,FAC025,Other specified status,Factors/status,False,False,True,False,False,False,False,False,False,False
E871,E872,89133,511228,443108,0.012582644496848799,2.7872819253730876,0.17435077890882347,0.20115412044016356,0.008068338146168265,0.10301975374565275,3.7097943152110737,0.004071132591946849,3.6316942908825647,3.78957388999498,322.01762159056074,5.226346176164583,Hypo-osmolality and hyponatremia,END011,Fluid and electrolyte disorders,Endocrine/metabolic,Acidosis,END011,Fluid and electrolyte disorders,Endocrine/metabolic,True,True,True,False,False,False,False,False,True,False
E785,N186,89081,1768237,216385,0.012575303809181648,1.6492407449240594,0.05037842777862922,0.41167825865933405,0.004950398926201275,0.04699502674961924,2.16209463609099,0.004457481016836777,2.1123079225240833,2.213054813441923,172.98503074304475,5.226346176164583,"Hyperlipidemia, unspecified",END010,Disorders of lipid metabolism,Endocrine/metabolic,End stage renal disease,GEN003,Chronic kidney disease,Genitourinary,False,False,False,False,False,False,False,False,False,False
E785,E8342,88859,1768237,256619,0.012543964719525735,1.3871989038507533,0.05025287899755519,0.3462682030558922,0.0035013071131041237,0.04589831492507478,1.6236332894647152,0.004243149221272087,1.5880236291853882,1.6600414566943824,114.22327709608442,5.226346176164583,"Hyperlipidemia, unspecified",END010,Disorders of lipid metabolism,Endocrine/metabolic,Hypomagnesemia,END016,Other specified and unspecified nutritional and metabolic disorders,Endocrine/metabolic,False,False,True,False,False,False,False,False,False,False
E1122,N189,88775,548083,209394,0.012532106685601877,5.479572957544627,0.1619736426782075,0.4239615270733641,0.010245047678869086,0.13275719229193272,10.279566209959448,0.004678458145313817,10.031266044932229,10.534012455817978,498.0611110085326,5.226346176164583,Type 2 diabetes mellitus w diabetic chronic kidney disease,END003,Diabetes mellitus with complication,Endocrine/metabolic,"Chronic kidney disease, unspecified",GEN003,Chronic kidney disease,Genitourinary,False,False,False,False,False,False,False,False,False,False
D62,K219,88652,413351,1192577,0.012514743135927655,1.2739421688326478,0.21447147823520446,0.0743364998654175,0.002691107933243928,0.058428394043008654,1.376746930629767,0.0039300473025007335,1.3487572757764938,1.405317431861314,81.35358053393489,5.226346176164583,Acute posthemorrhagic anemia,BLD004,Acute posthemorrhagic anemia,Blood/immune,Gastro-esophageal reflux disease without esophagitis,DIG004,Esophageal disorders,Digestive,False,False,False,False,False,False,False,False,False,False
E1122,Z7901,88541,548083,585640,0.012499073591099698,1.954042281098286,0.16154670004360652,0.1511867358786968,0.006102552025520018,0.08471347573915357,2.3405386604158296,0.003955690401262904,2.292647566294014,2.389430151166374,214.9766572646353,5.226346176164583,Type 2 diabetes mellitus w diabetic chronic kidney disease,END003,Diabetes mellitus with complication,Endocrine/metabolic,Long term (current) use of anticoagulants,FAC025,Other specified status,Factors/status,False,False,False,False,False,False,False,False,False,False
Z87891,Z9049,88419,1189002,332401,0.012481851208495999,1.5847738253437118,0.0743640464860446,0.26600100481045486,0.004605742322239698,0.061702712661132295,1.8607069036609054,0.004061274599534179,1.8216284326889407,1.9006237052529367,152.89694307425455,5.226346176164583,Personal history of nicotine dependence,XXX000,Unacceptable PDX,Factors/status,Acquired absence of other specified parts of digestive tract,XXX000,Unacceptable PDX,Factors/status,True,False,True,False,False,False,False,False,True,False
E669,G4733,88414,534192,470750,0.012481145373143388,2.4905767431509087,0.1655097792553988,0.1878151885289432,0.007469797938270497,0.09646622907319798,3.199278936599572,0.00404119681850004,3.132416522412884,3.2675685500105285,287.7675857751336,5.226346176164583,"Obesity, unspecified",END009,Obesity,Endocrine/metabolic,Obstructive sleep apnea (adult) (pediatric),NVS016,Sleep wake disorders,Nervous,False,False,False,False,False,False,False,False,False,False
E7800,Z7982,88386,326467,878735,0.01247719269516877,2.1824930250059005,0.27073486753638193,0.10058322474921336,0.006760247645534516,0.07914105815102936,2.8028275478958444,0.00411667816093545,2.7431682856091784,2.8637842980527446,250.35446199109012,5.226346176164583,"Pure hypercholesterolemia, unspecified",END010,Disorders of lipid metabolism,Endocrine/metabolic,Long term (current) use of aspirin,FAC025,Other specified status,Factors/status,False,False,False,False,False,False,False,False,False,False
E1122,G4733,88057,548083,470750,0.01243074872896699,2.417652192587997,0.16066362211562848,0.18705682421667552,0.007289087423392517,0.09460600617119479,3.077665475556095,0.004038017171368636,3.0133947630678564,3.1433069757467527,278.3968713842482,5.226346176164583,Type 2 diabetes mellitus w diabetic chronic kidney disease,END003,Diabetes mellitus with complication,Endocrine/metabolic,Obstructive sleep apnea (adult) (pediatric),NVS016,Sleep wake disorders,Nervous,False,False,False,False,False,False,False,False,False,False
I129,Z7982,88004,385977,878735,0.012423266874229316,1.838017571887396,0.22800322298997092,0.10014850893614116,0.0056642091458136415,0.0747883077195022,2.2063394830527345,0.00401907925922772,2.1604784466564353,2.253174023564568,196.8945494047798,5.226346176164583,Hypertensive chronic kidney disease w stg 1-4/unsp chr kdny,GEN003,Chronic kidney disease,Circulatory,Long term (current) use of aspirin,FAC025,Other specified status,Factors/status,False,False,False,False,False,False,False,False,False,False
J449,Z7901,87823,530930,585640,0.01239771563446481,2.0008146945689913,0.1654135196730266,0.1499607267263165,0.006201381876962352,0.08536890022522545,2.410736946536701,0.003977082115605275,2.361145493300824,2.4613699756691183,221.25077182874213,5.226346176164583,"Chronic obstructive pulmonary disease, unspecified",RSP008,Chronic obstructive pulmonary disease and bronchiectasis,Respiratory,Long term (current) use of anticoagulants,FAC025,Other specified status,Factors/status,False,False,False,False,False,False,False,False,False,False
D62,Z87891,87775,413351,1189002,0.01239093961507975,1.2651320499315104,0.21234979472651572,0.07382241577390114,0.002596752821890414,0.05795343653479715,1.3634467239458419,0.003943578469287732,1.3356330086743409,1.3918396423009594,78.61282638112323,5.226346176164583,Acute posthemorrhagic anemia,BLD004,Acute posthemorrhagic anemia,Blood/immune,Personal history of nicotine dependence,XXX000,Unacceptable PDX,Factors/status,False,False,False,False,False,False,False,False,False,False
E1122,E875,87754,548083,261041,0.012387975106598784,4.344886770326712,0.16011078614005542,0.3361694140000996,0.00953681332461585,0.12164908438110816,6.999334436908696,0.0044153950216330035,6.839664503295477,7.162731817633944,440.68878425596006,5.226346176164583,Type 2 diabetes mellitus w diabetic chronic kidney disease,END003,Diabetes mellitus with complication,Endocrine/metabolic,Hyperkalemia,END011,Fluid and electrolyte disorders,Endocrine/metabolic,False,False,True,False,False,False,False,False,False,False
Z66,Z79899,87601,467310,1032658,0.012366376544808898,1.2859203611559136,0.1874580043226124,0.08483060219356263,0.0027496250581983545,0.06202424723885506,1.3845067381314256,0.003909396460991429,1.3565057218497887,1.4130857519107327,83.22101216829516,5.226346176164583,Do not resuscitate,XXX000,Unacceptable PDX,Factors/status,Other long term (current) drug therapy,FAC025,Other specified status,Factors/status,False,False,True,False,False,False,False,False,False,False
E785,Z90710,87589,1768237,214920,0.012364682539962634,1.6326716810415502,0.04953464948420376,0.4075423413363112,0.004791400854771231,0.046207258193850076,2.12353365420449,0.004478633931245567,2.0744055439288,2.1738252646580136,168.14982663609004,5.226346176164583,"Hyperlipidemia, unspecified",END010,Disorders of lipid metabolism,Endocrine/metabolic,Acquired absence of both cervix and uterus,XXX000,Unacceptable PDX,Factors/status,False,False,False,False,False,False,False,False,False,False
A419,J189,87467,413374,312229,0.012347460157358934,4.800587978553989,0.21159289166711018,0.2801373350969961,0.009775387691961023,0.13706639337069215,7.696557852891181,0.004370978937294043,7.522728824704631,7.874403579239315,466.8915650466023,5.226346176164583,"Sepsis, unspecified organism",INF002,Septicemia,Infectious,"Pneumonia, unspecified organism",RSP002,Pneumonia (except that caused by tuberculosis),Respiratory,False,False,False,False,False,False,False,False,False,False
F0390,I10,87375,231200,1922540,0.012334472786870897,1.3924851493926378,0.3779195501730104,0.04544768899476734,0.0034765881679571214,0.0422843979645416,1.660966129439647,0.004375150349585052,1.6234173268204164,1.6993834164312227,115.97302908767125,5.226346176164583,Unspecified dementia without behavioral disturbance,NVS011,Neurocognitive disorders,Mental/behavioural,Essential (primary) hypertension,CIR007,Essential hypertension,Circulatory,False,False,False,False,False,False,False,False,False,False
J45909,K219,87311,318748,1192577,0.012325438094357481,1.6270528585306194,0.2739185814499228,0.07321204416989427,0.004750122990281206,0.0613133016950676,1.9318399618593605,0.004105546257127666,1.890830009056502,1.9737393739054283,160.3861838700704,5.226346176164583,"Unspecified asthma, uncomplicated",RSP009,Asthma,Respiratory,Gastro-esophageal reflux disease without esophagitis,DIG004,Esophageal disorders,Digestive,False,False,False,False,False,False,False,False,False,False
I10,J189,87264,1922540,312229,0.012318803242042941,1.0298004833778245,0.045389952874842654,0.2794871712749296,0.00035648292768814156,0.040635062549330504,1.043330178338196,0.0040806859150735566,1.0213145935540155,1.065820333814354,10.39474559061104,5.226346176164583,Essential (primary) hypertension,CIR007,Essential hypertension,Circulatory,"Pneumonia, unspecified organism",RSP002,Pneumonia (except that caused by tuberculosis),Respiratory,False,False,False,False,False,False,False,False,False,False
E860,Z79899,87100,483351,1032658,0.012295651842477313,1.2361341861591792,0.18020030991970637,0.0843454464111061,0.0023487933378343717,0.060955596192619685,1.31457686933673,0.0039037230977999075,1.2880283434154738,1.3416726069961398,70.06512363454667,5.226346176164583,Dehydration,END011,Fluid and electrolyte disorders,Endocrine/metabolic,Other long term (current) drug therapy,FAC025,Other specified status,Factors/status,False,False,False,False,False,False,False,False,False,False
E1151,E785,86789,147745,1768237,0.012251748883544931,2.3533039065837813,0.5874242783173711,0.049082221444297344,0.0070455581959467375,0.04744660623564599,4.449429072249055,0.005358386587095461,4.326552373731637,4.575795543161281,278.5868031939398,5.226346176164583,Type 2 diabetes w diabetic peripheral angiopath w/o gangrene,END003,Diabetes mellitus with complication,Endocrine/metabolic,"Hyperlipidemia, unspecified",END010,Disorders of lipid metabolism,Endocrine/metabolic,False,False,True,False,False,False,False,False,False,False
E039,E119,86611,734506,575343,0.012226621144991992,1.4518356929858762,0.1179173485308493,0.15053802688135598,0.0038051301980057926,0.07080470031179542,1.6030203991381735,0.003912289698086323,1.570576294932511,1.6361347158646184,120.61724349761865,5.226346176164583,"Hypothyroidism, unspecified",END001,Thyroid disorders,Endocrine/metabolic,Type 2 diabetes mellitus without complications,END002,Diabetes mellitus without complication,Endocrine/metabolic,False,False,True,False,False,False,False,False,False,False
E785,Z9981,86468,1768237,216526,0.012206434253907328,1.5998213366233847,0.048900684693284895,0.39934234225912824,0.0045765608583752514,0.04555034912908689,2.0499545404840167,0.004476740968583736,2.0025485001912924,2.0984828170951224,160.34379084432004,5.226346176164583,"Hyperlipidemia, unspecified",END010,Disorders of lipid metabolism,Endocrine/metabolic,Dependence on supplemental oxygen,XXX000,Unacceptable PDX,Factors/status,False,False,False,False,False,False,False,False,False,False
E860,E872,86334,483351,443108,0.012187517866457363,2.855461100157057,0.17861554025956292,0.19483737598960074,0.007919374320118376,0.10276327927391757,3.805586458402695,0.004130942817426343,3.724305422167831,3.888641411140778,323.5266540503394,5.226346176164583,Dehydration,END011,Fluid and electrolyte disorders,Endocrine/metabolic,Acidosis,END011,Fluid and electrolyte disorders,Endocrine/metabolic,True,False,True,False,False,False,False,False,True,False
I2510,J441,86215,1067226,287758,0.01217071898506523,1.988683299785944,0.08078420128445146,0.2996093940046845,0.00605073045477725,0.06795169175791653,2.5356826645845914,0.004213297338457355,2.480456823033691,2.592138075441711,220.83959942508244,5.226346176164583,Athscl heart disease of native coronary artery w/o ang pctrs,CIR011,Coronary atherosclerosis and other heart disease,Circulatory,Chronic obstructive pulmonary disease w (acute) exacerbation,RSP008,Chronic obstructive pulmonary disease and bronchiectasis,Respiratory,False,False,False,False,False,False,False,False,False,False
I10,Z7902,86143,1922540,217007,0.012160554955987637,1.4626400544396172,0.04480687007812581,0.39695954508379916,0.0038464417747738743,0.04195131596120393,1.803169777265754,0.004471394010050989,1.761519961018785,1.8458043721310722,131.84839050784507,5.226346176164583,Essential (primary) hypertension,CIR007,Essential hypertension,Circulatory,Long term (current) use of antithrombotics/antiplatelets,XXX000,Unacceptable PDX,Factors/status,False,False,False,False,False,False,False,False,False,False
E872,Z87891,85653,443108,1189002,0.012091383091431793,1.1516406878299206,0.1933005046173845,0.07203772575655887,0.0015921160724659753,0.05538660305459512,1.2025742073090946,0.003944543085350793,1.1780362818436985,1.227623245883166,46.76446117137333,5.226346176164583,Acidosis,END011,Fluid and electrolyte disorders,Endocrine/metabolic,Personal history of nicotine dependence,XXX000,Unacceptable PDX,Factors/status,False,False,False,False,False,False,False,False,False,False
E872,K219,85505,443108,1192577,0.012070490364994519,1.1462044458503917,0.19296650026630077,0.07169767654415606,0.0015396549554012647,0.05515811067101885,1.195159839374271,0.003946586358266436,1.170760697933228,1.2200674691034084,45.17319958398043,5.226346176164583,Acidosis,END011,Fluid and electrolyte disorders,Endocrine/metabolic,Gastro-esophageal reflux disease without esophagitis,DIG004,Esophageal disorders,Digestive,False,False,False,False,False,False,False,False,False,False
E860,I2510,85491,483351,1067226,0.01206851402600721,1.1739996736930587,0.17687146607744683,0.08010580701744523,0.0017886866151160252,0.05835220594558954,1.2298013602505429,0.003925187113296549,1.204829753972563,1.255290534357543,52.69880253873966,5.226346176164583,Dehydration,END011,Fluid and electrolyte disorders,Endocrine/metabolic,Athscl heart disease of native coronary artery w/o ang pctrs,CIR011,Coronary atherosclerosis and other heart disease,Circulatory,False,False,False,False,False,False,False,False,False,False
A419,N390,85464,413374,454737,0.012064702515103111,3.220671004393741,0.20674740065896743,0.1879416014091662,0.008318681111909781,0.10919865533248067,4.447364182750459,0.0041972727073366365,4.350867289137535,4.5460012589656404,355.54316010887777,5.226346176164583,"Sepsis, unspecified organism",INF002,Septicemia,Infectious,"Urinary tract infection, site not specified",GEN004,Urinary tract infections,Genitourinary,False,False,False,False,False,False,False,False,False,False
J9601,Z66,85431,412424,467310,0.012060044001775882,3.140024834311683,0.2071436191880201,0.1828144058547859,0.008219296033800167,0.10755467372023018,4.302975375350274,0.00418820621302493,4.20981084031583,4.3982016729953,348.43239729495986,5.226346176164583,Acute respiratory failure with hypoxia,RSP012,Respiratory failure; insufficiency; arrest,Respiratory,Do not resuscitate,XXX000,Unacceptable PDX,Factors/status,False,False,False,False,False,False,False,False,False,False
E785,M109,85205,1768237,164892,0.01202814024383788,2.070101399073253,0.04818641392528264,0.5167321640831575,0.006217729097203873,0.04610849796853117,3.3264020041657414,0.005007045693940151,3.2404839518598645,3.41459808401988,240.03999845237377,5.226346176164583,"Hyperlipidemia, unspecified",END010,Disorders of lipid metabolism,Endocrine/metabolic,"Gout, unspecified",MUS033,Gout,Musculoskeletal,False,False,False,False,False,False,False,False,False,False
I480,Z7982,85115,375871,878735,0.012015435207490889,1.8254752831922796,0.22644737157162964,0.0968608283498438,0.0054333492608222315,0.07277952545167085,2.1815780719458497,0.004076416911603804,2.1355916659507272,2.2285547185239754,191.35640883908994,5.226346176164583,Paroxysmal atrial fibrillation,CIR017,Cardiac dysrhythmias,Circulatory,Long term (current) use of aspirin,FAC025,Other specified status,Factors/status,False,False,False,False,False,False,False,False,False,False
N390,Z87891,84914,454737,1189002,0.011987060626315943,1.1125076847545032,0.18673211108838736,0.07141619610395945,0.0012122490986444506,0.05447308068577294,1.1489846202028073,0.003945537339562109,1.1255343148219075,1.1729235084862593,35.19890991990971,5.226346176164583,"Urinary tract infection, site not specified",GEN004,Urinary tract infections,Genitourinary,Personal history of nicotine dependence,XXX000,Unacceptable PDX,Factors/status,False,False,False,False,False,False,False,False,False,False
E785,I5033,84705,1768237,176166,0.011957556708576816,1.9262518867940948,0.04790364640034113,0.48082490378393106,0.005749875983872606,0.045547717962809015,2.8738486409296065,0.004850214473400093,2.801915306730988,2.9476287135205315,217.6506064026751,5.226346176164583,"Hyperlipidemia, unspecified",END010,Disorders of lipid metabolism,Endocrine/metabolic,Acute on chronic diastolic (congestive) heart failure,CIR019,Heart failure,Circulatory,False,False,False,False,False,False,False,False,False,False
F329,G4733,84631,725159,470750,0.01194711034535818,1.7561940444204462,0.11670681878043299,0.17977907594264472,0.005144268493505306,0.07615646129951281,2.0437605086212907,0.0040167707542301066,2.001302989163749,2.087118761734979,177.95177798745414,5.226346176164583,"Major depressive disorder, single episode, unspecified",MBD002,Depressive disorders,Mental/behavioural,Obstructive sleep apnea (adult) (pediatric),NVS016,Sleep wake disorders,Nervous,False,False,False,False,False,False,False,False,False,False
D649,E876,84254,536954,663288,0.011893890359771338,1.675783476006206,0.15691102031086462,0.1270247614912376,0.004796380132425422,0.07549722756875522,1.918197075512585,0.003996541816305054,1.8785466336637475,1.9586844183521326,162.98734046850032,5.226346176164583,"Anemia, unspecified",BLD003,Aplastic anemia,Blood/immune,Hypokalemia,END011,Fluid and electrolyte disorders,Endocrine/metabolic,False,False,False,False,False,False,False,False,False,False
Z79899,Z880,84253,1032658,326527,0.011893749192700816,1.770012605475013,0.0815884833119968,0.25802766693106544,0.005174164735555706,0.06608430881019536,2.1299926272595475,0.004150065588857453,2.0842911864481253,2.1766961457584926,182.19435383502326,5.226346176164583,Other long term (current) drug therapy,FAC025,Other specified status,Factors/status,Allergy status to penicillin,XXX000,Unacceptable PDX,Factors/status,False,False,True,False,False,False,False,False,False,False
J189,J440,84243,312229,178444,0.011892337521995594,10.710881978274976,0.26981158060269866,0.4720976889108068,0.010782033296244905,0.2072755456044091,26.192397406438094,0.005198257235965432,25.490384471509078,26.913743990938322,628.1853792725562,5.226346176164583,"Pneumonia, unspecified organism",RSP002,Pneumonia (except that caused by tuberculosis),Respiratory,Chr obstructive pulmon disease with (acute) lower resp infct,RSP008,Chronic obstructive pulmonary disease and bronchiectasis,Respiratory,False,False,True,False,False,False,False,False,False,False
G4733,Z7901,83953,470750,585640,0.011851399071544177,2.1571570113181098,0.17833882103027085,0.14335257154565945,0.006357409060913243,0.08633258504149884,2.6439932317911854,0.0040808810305689655,2.588198995194477,2.700990234034272,238.25501279405964,5.226346176164583,Obstructive sleep apnea (adult) (pediatric),NVS016,Sleep wake disorders,Nervous,Long term (current) use of anticoagulants,FAC025,Other specified status,Factors/status,False,False,False,False,False,False,False,False,False,False
E1122,J449,83876,548083,530930,0.011840529207113972,2.0418353163632204,0.15303521546918988,0.15797939464712862,0.006041565347382363,0.08428588224535918,2.460877557247091,0.004059261364471928,2.4092196823327625,2.5136430671605163,221.84282707217122,5.226346176164583,Type 2 diabetes mellitus w diabetic chronic kidney disease,END003,Diabetes mellitus with complication,Endocrine/metabolic,"Chronic obstructive pulmonary disease, unspecified",RSP008,Chronic obstructive pulmonary disease and bronchiectasis,Respiratory,False,False,False,False,False,False,False,False,False,False
I2510,I5032,83828,1067226,212041,0.011833753187728911,2.624094442859555,0.07854756162237427,0.3953386373390052,0.007324101021843711,0.07012319323696148,3.9149230576811402,0.004573326582167376,3.822458829309116,4.0096239703211225,298.4251510401436,5.226346176164583,Athscl heart disease of native coronary artery w/o ang pctrs,CIR011,Coronary atherosclerosis and other heart disease,Circulatory,Chronic diastolic (congestive) heart failure,CIR019,Heart failure,Circulatory,False,False,True,False,False,False,False,False,False,False
A419,R6521,83749,413374,122730,0.011822600989157663,11.69371045414894,0.20259861529752718,0.6823840951682555,0.010811578778926436,0.18513998960993025,43.22265166431292,0.0063857737746558394,41.80393348277293,44.68951749873972,589.8055325509941,5.226346176164583,"Sepsis, unspecified organism",INF002,Septicemia,Infectious,Severe sepsis with septic shock,XXX000,Unacceptable PDX,Symptoms/signs,False,False,False,False,False,False,False,False,False,False
E039,I110,83310,734506,497458,0.011760628645198449,1.6151466643049726,0.11342317149213213,0.1674714247232932,0.004479166902367024,0.07252836798548562,1.833426058696516,0.0040152215654083775,1.7953526084335354,1.8723069200541858,150.97208706600773,5.226346176164583,"Hypothyroidism, unspecified",END001,Thyroid disorders,Endocrine/metabolic,Hypertensive heart disease with heart failure,CIR019,Heart failure,Circulatory,False,False,False,False,False,False,False,False,False,False
E785,I2720,83274,1768237,187008,0.011755546630659653,1.783919958124156,0.04709436574395853,0.4452964579055442,0.005165819004639395,0.04448466349104767,2.4830698384301044,0.004736436221458592,2.42235783405708,2.5453034790466136,192.0210872138694,5.226346176164583,"Hyperlipidemia, unspecified",END010,Disorders of lipid metabolism,Endocrine/metabolic,"Pulmonary hypertension, unspecified",CIR014,Pulmonary heart disease,Circulatory,False,False,False,False,False,False,False,False,False,False
I4891,N179,83254,353708,899456,0.01175272328924921,1.8537318015733963,0.2353749420425888,0.09256039205920023,0.005412688943787896,0.0711627390141122,2.2304332491202548,0.0041355920732088595,2.1827418434967822,2.2791666791027323,193.97364017480888,5.226346176164583,Unspecified atrial fibrillation,CIR017,Cardiac dysrhythmias,Circulatory,"Acute kidney failure, unspecified",GEN002,Acute and unspecified renal failure,Genitourinary,False,False,False,False,False,False,False,False,False,False
E785,I959,83183,1768237,229059,0.01174270042724214,1.4548336663811718,0.047042902054419175,0.3631509785688403,0.003671193217451253,0.04345772689491164,1.7494543494862942,0.004434367635311157,1.7093760120517216,1.7904723708290264,126.12935710794132,5.226346176164583,"Hyperlipidemia, unspecified",END010,Disorders of lipid metabolism,Endocrine/metabolic,"Hypotension, unspecified",CIR031,Hypotension,Circulatory,False,False,False,False,False,False,False,False,False,False
I4891,K219,82999,353708,1192577,0.011716725686266067,1.3938246653347601,0.23465400839110226,0.06959634472239529,0.003310556691221043,0.0567209691065178,1.553067763819052,0.004101393016836531,1.5201315507265574,1.5867175955009087,107.33723287360782,5.226346176164583,Unspecified atrial fibrillation,CIR017,Cardiac dysrhythmias,Circulatory,Gastro-esophageal reflux disease without esophagitis,DIG004,Esophageal disorders,Digestive,False,False,False,False,False,False,False,False,False,False
F419,J449,82981,723719,530930,0.011714184678996669,1.5298118535724925,0.11465914256776456,0.15629367336560376,0.004056913197120564,0.07082296350160626,1.709290703710127,0.0040016391606979606,1.673913904575554,1.745415162514404,133.96472539983296,5.226346176164583,"Anxiety disorder, unspecified",MBD005,Anxiety and fear-related disorders,Mental/behavioural,"Chronic obstructive pulmonary disease, unspecified",RSP008,Chronic obstructive pulmonary disease and bronchiectasis,Respiratory,False,False,False,False,False,False,False,False,False,False
F17210,J441,82887,789519,287758,0.01170091497436759,2.584419602768015,0.10498417390841766,0.28804412040673066,0.00717343230017821,0.08335461941491769,3.486498591452236,0.004304072008542096,3.40894682082884,3.56581462460096,290.16660529835696,5.226346176164583,"Nicotine dependence, cigarettes, uncomplicated",XXX000,Unacceptable PDX,Mental/behavioural,Chronic obstructive pulmonary disease w (acute) exacerbation,RSP008,Chronic obstructive pulmonary disease and bronchiectasis,Respiratory,False,False,False,False,False,False,False,False,False,False
E785,J45909,82838,1768237,318748,0.011693997787912004,1.041137909830845,0.046847792462209534,0.25988555222307275,0.00046205850542833937,0.041333295411963296,1.0583190426639795,0.004135307980342044,1.0356914688993488,1.0814409789968547,13.706800281904428,5.226346176164583,"Hyperlipidemia, unspecified",END010,Disorders of lipid metabolism,Endocrine/metabolic,"Unspecified asthma, uncomplicated",RSP009,Asthma,Respiratory,False,False,False,False,False,False,False,False,False,False
A419,E876,82727,413374,663288,0.01167832824308405,2.137315205474145,0.20012627789846482,0.12472259410693394,0.006214310482309586,0.08323180087229044,2.6244873406376543,0.0041229752894260474,2.5685395837207334,2.6816537478428066,234.02652464111887,5.226346176164583,"Sepsis, unspecified organism",INF002,Septicemia,Infectious,Hypokalemia,END011,Fluid and electrolyte disorders,Endocrine/metabolic,False,False,False,False,False,False,False,False,False,False
O480,Z370,82629,83234,696749,0.01166449387017288,10.093039530531412,0.9927313357522166,0.11859220465332566,0.01050879703227902,0.11848931819420266,1419.1457498519007,0.04080949405224605,1146.5650536481392,1756.5289059828324,177.84612511166114,5.226346176164583,Post-term pregnancy,PRG022,Prolonged pregnancy,Pregnancy/childbirth,Single live birth,XXX000,Unacceptable PDX,Factors/status,False,False,False,True,True,False,False,False,True,True
E039,N390,82620,734506,454737,0.01166322336653818,1.752250320690608,0.11248376459824698,0.1816874369140844,0.005007083413919197,0.0746595724108391,2.035786608867271,0.0040610551742250095,1.9930334084995116,2.0794569218804537,175.04866437250575,5.226346176164583,"Hypothyroidism, unspecified",END001,Thyroid disorders,Endocrine/metabolic,"Urinary tract infection, site not specified",GEN004,Urinary tract infections,Genitourinary,False,False,False,False,False,False,False,False,False,False
G8929,Z87891,82580,357606,1189002,0.011657576683717296,1.37579616371606,0.23092453706034016,0.06945320529317865,0.0031842453929613393,0.056406025021379376,1.5251097176958723,0.004102092929161988,1.4927609558726829,1.558159490881515,102.89049048620338,5.226346176164583,Other chronic pain,NVS019,Nervous system pain and pain syndromes,Nervous,Personal history of nicotine dependence,XXX000,Unacceptable PDX,Factors/status,False,False,False,False,False,False,False,False,False,False
E785,I255,82394,1768237,139434,0.01163131960860018,2.367298509090537,0.04659669490006147,0.590917566734082,0.006717989260131084,0.04514054579113198,4.505695882288242,0.005518285756670773,4.377605460351226,4.637534279309033,272.7916629159508,5.226346176164583,"Hyperlipidemia, unspecified",END010,Disorders of lipid metabolism,Endocrine/metabolic,Ischemic cardiomyopathy,CIR011,Coronary atherosclerosis and other heart disease,Circulatory,False,False,False,False,False,False,False,False,False,False
A419,K219,82380,413374,1192577,0.01162934326961287,1.183746747173159,0.19928684435886146,0.06907730066905533,0.0018051614525271906,0.05407033869770427,1.2465121306539568,0.004029960593233033,1.2205326802023535,1.273044562485506,54.67779413929069,5.226346176164583,"Sepsis, unspecified organism",INF002,Septicemia,Infectious,Gastro-esophageal reflux disease without esophagitis,DIG004,Esophageal disorders,Digestive,False,False,False,False,False,False,False,False,False,False
D649,Z7982,82376,536954,878735,0.011628778601330781,1.2367225814253942,0.15341351400678643,0.09374384769014549,0.0022258787303444,0.06178294218986839,1.308549996573763,0.003970999485895761,1.2816724586138144,1.3359911746758815,67.72089804785894,5.226346176164583,"Anemia, unspecified",BLD003,Aplastic anemia,Blood/immune,Long term (current) use of aspirin,FAC025,Other specified status,Factors/status,False,False,False,False,False,False,False,False,False,False
E039,Z794,82297,734506,550187,0.011617626402759535,1.4425966831586738,0.11204401325516741,0.14958005187327217,0.003564352373789865,0.06844417313430849,1.5861224548287634,0.003998945677627584,1.5533167068000566,1.6196210539025993,115.35348746222448,5.226346176164583,"Hypothyroidism, unspecified",END001,Thyroid disorders,Endocrine/metabolic,Long term (current) use of insulin,FAC025,Other specified status,Factors/status,False,False,False,False,False,False,False,False,False,False
B9620,N390,82216,134281,454737,0.011606191870047241,9.537797158333584,0.6122683030361704,0.18079901129663958,0.010389328932266434,0.16222508987730908,27.879544328014966,0.005848592883533618,27.040249296045786,28.744890012956162,569.0075045371816,5.226346176164583,Unsp Escherichia coli as the cause of diseases classd elswhr,XXX000,Unacceptable PDX,Infectious,"Urinary tract infection, site not specified",GEN004,Urinary tract infections,Genitourinary,False,False,False,False,False,True,False,False,True,False
J441,J9621,81995,287758,184506,0.01157499394746185,10.939968406425141,0.28494429346881756,0.4444028920468711,0.010516947569497564,0.21009867552893005,26.019846338494165,0.00519231553560489,25.323244505813268,26.73561057010001,627.6312649346842,5.226346176164583,Chronic obstructive pulmonary disease w (acute) exacerbation,RSP008,Chronic obstructive pulmonary disease and bronchiectasis,Respiratory,Acute and chronic respiratory failure with hypoxia,RSP012,Respiratory failure; insufficiency; arrest,Respiratory,False,False,True,False,False,False,False,False,False,False
N390,Z79899,81900,454737,1032658,0.01156158307576225,1.2354742357685642,0.1801041041305194,0.07930989737163707,0.0022035707910544114,0.058271285205568145,1.311945777013934,0.004014968472214215,1.284703234871953,1.3397660059572032,67.62478038156014,5.226346176164583,"Urinary tract infection, site not specified",GEN004,Urinary tract infections,Genitourinary,Other long term (current) drug therapy,FAC025,Other specified status,Factors/status,False,False,False,False,False,False,False,False,False,False
J9601,K219,81899,412424,1192577,0.011561441908691726,1.1795458779283072,0.19857961709308866,0.06867397241435982,0.0017598376429910668,0.05377118538351338,1.2405596555146217,0.004039276648056253,1.2146451236447307,1.26702707558944,53.3666375617195,5.226346176164583,Acute respiratory failure with hypoxia,RSP012,Respiratory failure; insufficiency; arrest,Respiratory,Gastro-esophageal reflux disease without esophagitis,DIG004,Esophageal disorders,Digestive,False,False,False,False,False,False,False,False,False,False
K219,Z888,81723,1192577,280441,0.011536596504279833,1.730943778790906,0.06852639284507415,0.2914088881440303,0.004871679569578267,0.058738800901318555,2.1074404880019646,0.004283048430717084,2.060790152661941,2.155146852159151,174.05223974419886,5.226346176164583,Gastro-esophageal reflux disease without esophagitis,DIG004,Esophageal disorders,Digestive,Allergy status to other drug/meds/biol subst,XXX000,Unacceptable PDX,Factors/status,False,False,False,False,False,False,False,False,False,False
F419,G8929,81713,723719,357606,0.01153518483357461,2.2365725052955723,0.11290708133958069,0.22850008109483622,0.006377657051102749,0.08174471695017667,2.80682888259883,0.004193380960911755,2.7459834325267223,2.869022545027438,246.1153289402023,5.226346176164583,"Anxiety disorder, unspecified",MBD005,Anxiety and fear-related disorders,Mental/behavioural,Other chronic pain,NVS019,Nervous system pain and pain syndromes,Nervous,False,False,False,False,False,False,False,False,False,False
I130,Z794,81608,398706,550187,0.011520362291169787,2.635337466208717,0.20468214674471916,0.14832775038305157,0.0071488681508981205,0.09409594308675925,3.4143284219554433,0.004207397181489204,3.3400691292523152,3.4902387111916893,291.8623475171396,5.226346176164583,Hyp hrt & chr kdny dis w hrt fail and stg 1-4/unsp chr kdny,CIR019,Heart failure,Circulatory,Long term (current) use of insulin,FAC025,Other specified status,Factors/status,False,False,False,False,False,False,False,False,False,False
I2510,I509,81443,1067226,205309,0.011497069724533637,2.6330310201217104,0.07631279597760925,0.3966849967609798,0.007130592597347269,0.06837675007472135,3.930396320713419,0.004640666028033348,3.836216285877389,4.026888498114082,294.9447897119971,5.226346176164583,Athscl heart disease of native coronary artery w/o ang pctrs,CIR011,Coronary atherosclerosis and other heart disease,Circulatory,"Heart failure, unspecified",CIR019,Heart failure,Circulatory,False,False,True,False,False,False,False,False,False,False
G8929,Z79899,81380,357606,1032658,0.011488176199090743,1.5610721375042254,0.227568888665179,0.07880634246769018,0.0041290183978007,0.062175104898524236,1.7885184188405132,0.0041391488032878985,1.7502435569095551,1.8276302871698382,140.46066130484041,5.226346176164583,Other chronic pain,NVS019,Nervous system pain and pain syndromes,Nervous,Other long term (current) drug therapy,FAC025,Other specified status,Factors/status,False,False,False,False,False,False,False,False,False,False
E876,N390,81339,663288,454737,0.011482388349199336,1.9103062378738551,0.12262998878315302,0.178870424003325,0.005471630429056082,0.07846059462556647,2.2635608873968813,0.004105603967207635,2.2155083479025155,2.3126556466391635,198.9814881621406,5.226346176164583,Hypokalemia,END011,Fluid and electrolyte disorders,Endocrine/metabolic,"Urinary tract infection, site not specified",GEN004,Urinary tract infections,Genitourinary,False,False,False,False,False,False,False,False,False,False
A419,Z87891,81335,413374,1189002,0.011481823680917247,1.1722448303543174,0.19675886727273606,0.06840610865246652,0.0016870919119174165,0.05347324628330203,1.2301884656579578,0.004048334107610779,1.2044335654701093,1.2564940935095834,51.173489206190155,5.226346176164583,"Sepsis, unspecified organism",INF002,Septicemia,Infectious,Personal history of nicotine dependence,XXX000,Unacceptable PDX,Factors/status,False,False,False,False,False,False,False,False,False,False
D631,I2510,81297,228467,1067226,0.011476459332237406,2.361898558943421,0.35583694800562005,0.0761759927138207,0.006617461773353539,0.06694439046241918,3.28855397752076,0.004503330705008504,3.2120584151027356,3.366871291075731,264.3483291878682,5.226346176164583,Anemia in chronic kidney disease,XXX000,Unacceptable PDX,Blood/immune,Athscl heart disease of native coronary artery w/o ang pctrs,CIR011,Coronary atherosclerosis and other heart disease,Circulatory,False,False,False,False,False,False,False,False,False,False
Z7901,Z8673,81288,585640,381176,0.011475188828602706,2.579507266815487,0.13880199439928967,0.21325581883434425,0.007026591619272367,0.09179608098219368,3.331241634530958,0.004216694344068637,3.2586310809055714,3.4054701351920427,285.3764108871957,5.226346176164583,Long term (current) use of anticoagulants,FAC025,Other specified status,Factors/status,"Prsnl hx of TIA (TIA), and cereb infrc w/o resid deficits",XXX000,Unacceptable PDX,Factors/status,False,False,True,False,False,False,False,False,False,False
I110,I480,81254,497458,375871,0.011470389148204954,3.0783366183672336,0.16333841248909456,0.21617523033168295,0.007744224478699477,0.10258371997601237,4.169195137243328,0.004273505120280421,4.077109116447715,4.263361022713585,334.087116862096,5.226346176164583,Hypertensive heart disease with heart failure,CIR019,Heart failure,Circulatory,Paroxysmal atrial fibrillation,CIR017,Cardiac dysrhythmias,Circulatory,False,False,True,False,False,False,False,False,False,False
F329,G8929,81104,725159,357606,0.011449214087626636,2.215495300793984,0.1118430578673091,0.22679708953429192,0.006281424255924673,0.08096950964448052,2.7699971967469597,0.004202791075866285,2.709816897539703,2.8315139952638058,242.42135519049597,5.226346176164583,"Major depressive disorder, single episode, unspecified",MBD002,Depressive disorders,Mental/behavioural,Other chronic pain,NVS019,Nervous system pain and pain syndromes,Nervous,False,False,False,False,False,False,False,False,False,False
Z7901,Z794,80890,585640,550187,0.0114190043345349,1.7783628465887573,0.1381223960112014,0.14702273954128323,0.004997927580463732,0.07667756463182161,2.058772377201494,0.004079250063822845,2.0153448028364283,2.103135748861682,177.02025138624407,5.226346176164583,Long term (current) use of anticoagulants,FAC025,Other specified status,Factors/status,Long term (current) use of insulin,FAC025,Other specified status,Factors/status,True,True,True,False,False,False,False,True,True,False
O99214,Z370,80868,83847,696749,0.011415898658983414,9.805718411476082,0.9644710007513686,0.1160647521560849,0.010251690369499711,0.11557062172729975,281.34356713135253,0.0187022155364669,255.14508105158507,310.2321331846116,301.5459088432127,5.226346176164583,Obesity complicating childbirth,PRG023,Complications specified during childbirth,Pregnancy/childbirth,Single live birth,XXX000,Unacceptable PDX,Factors/status,False,False,False,True,True,True,False,False,True,True
E669,N179,80799,534192,899456,0.011406158131117387,1.1912290626555377,0.15125460508581184,0.08983096449409421,0.0018310407261656458,0.05972506909492486,1.2475508337398384,0.003997237399335861,1.221758665581941,1.2738874923581072,55.333790367051336,5.226346176164583,"Obesity, unspecified",END009,Obesity,Endocrine/metabolic,"Acute kidney failure, unspecified",GEN002,Acute and unspecified renal failure,Genitourinary,False,False,False,False,False,False,False,False,False,False
Z8249,Z87891,80760,293364,1189002,0.011400652615367024,1.6401119924406335,0.27528940156256393,0.06792250980233844,0.00444950984712116,0.05761961635438204,1.9476379271276605,0.00426194532223184,1.9047350494944555,1.9915071632629042,156.41151364290468,5.226346176164583,Family hx of ischem heart dis and oth dis of the circ sys,XXX000,Unacceptable PDX,Factors/status,Personal history of nicotine dependence,XXX000,Unacceptable PDX,Factors/status,True,False,True,False,False,False,False,False,True,False
G4733,J449,80745,470750,530930,0.011398535109309191,2.2885196306656126,0.17152416356877323,0.15208219539298967,0.006417789059954157,0.08767719763066883,2.8342563988737104,0.0041631990219130905,2.773253806796262,2.8966008501892304,250.2353608667702,5.226346176164583,Obstructive sleep apnea (adult) (pediatric),NVS016,Sleep wake disorders,Nervous,"Chronic obstructive pulmonary disease, unspecified",RSP008,Chronic obstructive pulmonary disease and bronchiectasis,Respiratory,False,False,False,False,False,False,False,False,False,False
E1122,E872,80675,548083,443108,0.011388653414372642,2.3531502012658363,0.14719485917278952,0.1820662231329608,0.006548905654860176,0.08860360498881953,2.9399054996647154,0.004178026817032721,2.8764060724822995,3.004806737700984,258.1068731934765,5.226346176164583,Type 2 diabetes mellitus w diabetic chronic kidney disease,END003,Diabetes mellitus with complication,Endocrine/metabolic,Acidosis,END011,Fluid and electrolyte disorders,Endocrine/metabolic,False,False,True,False,False,False,False,False,False,False
I129,Z79899,80517,385977,1032658,0.011366349017230147,1.4309888259690622,0.20860569412167046,0.07797063500210137,0.0034233456820832904,0.06017182341168716,1.5906540316050137,0.004113114837485986,1.5568253415385889,1.6252177946697233,112.84520141687887,5.226346176164583,Hypertensive chronic kidney disease w stg 1-4/unsp chr kdny,GEN003,Chronic kidney disease,Circulatory,Other long term (current) drug therapy,FAC025,Other specified status,Factors/status,False,False,False,False,False,False,False,False,False,False
E785,Z86718,80296,1768237,217420,0.011335151094644757,1.4795189889020386,0.0454102023654069,0.3693128507037071,0.0036737752152742244,0.042142145241767834,1.7964845789556998,0.004531228479857183,1.7544404513797671,1.8395362691777348,129.28761950561253,5.226346176164583,"Hyperlipidemia, unspecified",END010,Disorders of lipid metabolism,Endocrine/metabolic,Personal history of other venous thrombosis and embolism,XXX000,Unacceptable PDX,Factors/status,False,False,False,False,False,False,False,False,False,False
I482,Z7901,80232,150256,585640,0.011326116402131341,6.458797384676676,0.5339686934298796,0.13699883887712588,0.009572521154043478,0.12236755411308231,14.572806382036898,0.0053738865500635846,14.16921174856879,14.987896971035541,498.55113062577385,5.226346176164583,Chronic atrial fibrillation,CIR017,Cardiac dysrhythmias,Circulatory,Long term (current) use of anticoagulants,FAC025,Other specified status,Factors/status,False,False,False,False,False,False,False,False,False,False
J189,J9601,80046,312229,412424,0.011299859327014225,4.403409388119836,0.2563695236509101,0.19408666808915098,0.008733697898213023,0.12417798751797607,6.678976007816972,0.004468063772568465,6.524817839770472,6.836776383409958,425.00841084985456,5.226346176164583,"Pneumonia, unspecified organism",RSP002,Pneumonia (except that caused by tuberculosis),Respiratory,Acute respiratory failure with hypoxia,RSP012,Respiratory failure; insufficiency; arrest,Respiratory,False,False,True,False,False,False,False,False,False,False
D62,N179,79876,413351,899456,0.011275860925025463,1.5218925465779156,0.19324012763970572,0.08880478867226413,0.0038667564186790427,0.0647854583914266,1.709953341928916,0.0041120674576819805,1.673596655813435,1.7470998292313842,130.4614017745322,5.226346176164583,Acute posthemorrhagic anemia,BLD004,Acute posthemorrhagic anemia,Blood/immune,"Acute kidney failure, unspecified",GEN002,Acute and unspecified renal failure,Genitourinary,False,False,False,False,False,False,False,False,False,False
J441,Z9981,79766,287758,216526,0.01126033254726803,9.06874003178149,0.27719820126634187,0.36838993931444725,0.01001866804836233,0.1878978040978239,18.67411145462945,0.004980630068698716,18.194287179429868,19.166589775178558,587.7043888239767,5.226346176164583,Chronic obstructive pulmonary disease w (acute) exacerbation,RSP008,Chronic obstructive pulmonary disease and bronchiectasis,Respiratory,Dependence on supplemental oxygen,XXX000,Unacceptable PDX,Factors/status,False,False,False,False,False,False,False,False,False,False
A419,Z66,79700,413374,467310,0.01125101552061357,2.9226491738774216,0.19280361125760206,0.17055059810404227,0.007401420563690612,0.09950261178750137,3.871660036149358,0.0042758600302797555,3.7860991470678518,3.959154489423468,316.58738952916707,5.226346176164583,"Sepsis, unspecified organism",INF002,Septicemia,Infectious,Do not resuscitate,XXX000,Unacceptable PDX,Factors/status,False,False,False,False,False,False,False,False,False,False
G9341,N179,79594,209825,899456,0.011236051811138223,2.9875127909237458,0.37933516025259145,0.08849126583179166,0.007475046387069725,0.07729921811191168,4.513120309602937,0.004650506371927476,4.4047505226711365,4.624156311263404,324.0483204238566,5.226346176164583,Metabolic encephalopathy,NVS020,Other nervous system disorders (neither hereditary nor degenerative),Nervous,"Acute kidney failure, unspecified",GEN002,Acute and unspecified renal failure,Genitourinary,False,False,False,False,False,False,False,False,False,False
K219,N400,79589,1192577,261384,0.011235345975785613,1.8086486834194353,0.06673699056748537,0.304490710984605,0.005023334721867554,0.057909357873996266,2.2458202291698157,0.0043747900818375705,2.1950539948744954,2.2977605623941577,184.93934509701998,5.226346176164583,Gastro-esophageal reflux disease without esophagitis,DIG004,Esophageal disorders,Digestive,Benign prostatic hyperplasia without lower urinry tract symp,GEN012,Hyperplasia of prostate,Genitourinary,False,False,False,False,False,False,False,False,False,False
K219,Z880,79386,1192577,326527,0.011206689060469621,1.444125676878145,0.06656677095063883,0.2431223145406046,0.0034464994593153735,0.055139964909794836,1.6286390111854778,0.0042093182066026795,1.5932012381427496,1.6648650310159703,115.87261395809674,5.226346176164583,Gastro-esophageal reflux disease without esophagitis,DIG004,Esophageal disorders,Digestive,Allergy status to penicillin,XXX000,Unacceptable PDX,Factors/status,False,False,False,False,False,False,False,False,False,False
E039,G4733,79351,734506,470750,0.011201748213001347,1.6256734960909902,0.1080331542560578,0.16856293149229953,0.00431122053943314,0.07047752696719528,1.843672292448473,0.0041050322853519285,1.8045388492476706,1.8836543881331989,149.02669485259213,5.226346176164583,"Hypothyroidism, unspecified",END001,Thyroid disorders,Endocrine/metabolic,Obstructive sleep apnea (adult) (pediatric),NVS016,Sleep wake disorders,Nervous,False,False,False,False,False,False,False,False,False,False
E6601,Z79899,79299,431917,1032658,0.011194407525334196,1.2594400406572634,0.18359777457242943,0.07679115447708729,0.00230600699497455,0.05724418816178148,1.344223419778749,0.004082983247043945,1.3158428085251217,1.3732161551325432,72.45105976225949,5.226346176164583,Morbid (severe) obesity due to excess calories,END009,Obesity,Endocrine/metabolic,Other long term (current) drug therapy,FAC025,Other specified status,Factors/status,False,False,False,False,False,False,False,False,False,False
F329,Z794,79117,725159,550187,0.011168715118499168,1.4047299524025825,0.10910296914193991,0.14380019884148482,0.0032179235094808405,0.0661386741167452,1.5306014545037152,0.0040595551671741325,1.4984693069541106,1.5634226217758846,104.85404142762239,5.226346176164583,"Major depressive disorder, single episode, unspecified",MBD002,Depressive disorders,Mental/behavioural,Long term (current) use of insulin,FAC025,Other specified status,Factors/status,False,False,False,False,False,False,False,False,False,False
E039,I130,79038,734506,398706,0.01115756291992792,1.9118526649751024,0.10760701750564325,0.19823629441242419,0.005321567749205273,0.0749762373194558,2.2744573211655434,0.004179925426706866,2.2253089202224254,2.324691218730418,196.5923790291347,5.226346176164583,"Hypothyroidism, unspecified",END001,Thyroid disorders,Endocrine/metabolic,Hyp hrt & chr kdny dis w hrt fail and stg 1-4/unsp chr kdny,CIR019,Heart failure,Circulatory,False,False,False,False,False,False,False,False,False,False
A419,I2510,78835,413374,1067226,0.011128906004611928,1.2658612778004397,0.19071107520066574,0.07386907740253705,0.0023373376078366405,0.05623981195136132,1.3547206349104277,0.0041062832824103395,1.3259569188036615,1.3841083165115007,73.93431935824475,5.226346176164583,"Sepsis, unspecified organism",INF002,Septicemia,Infectious,Athscl heart disease of native coronary artery w/o ang pctrs,CIR011,Coronary atherosclerosis and other heart disease,Circulatory,False,False,False,False,False,False,False,False,False,False
E039,E871,78782,734506,511228,0.011121424149874255,1.4862217734161167,0.10725848393341919,0.15410345286251928,0.0036384062390873665,0.06751091732993303,1.6438673789885094,0.004086519115020291,1.609130643399091,1.6793539858232234,121.632031975097,5.226346176164583,"Hypothyroidism, unspecified",END001,Thyroid disorders,Endocrine/metabolic,Hypo-osmolality and hyponatremia,END011,Fluid and electrolyte disorders,Endocrine/metabolic,False,False,True,False,False,False,False,False,False,False
I120,Z992,78516,106928,168131,0.01108387370911537,30.937521929410348,0.7342884931916804,0.4669929995063373,0.010725607338124013,0.3994850999526821,212.38067019729846,0.0076964883202903945,204.00729771553273,221.09772335864537,696.2110582947262,5.226346176164583,Hyp chr kidney disease w stage 5 chr kidney disease or ESRD,GEN003,Chronic kidney disease,Circulatory,Dependence on renal dialysis,XXX000,Unacceptable PDX,Factors/status,False,False,False,False,False,False,False,False,False,False
N179,Z8673,78489,899456,381176,0.011080062198211272,1.6216977793908556,0.0872627454817134,0.20591275421327682,0.0042476780517809905,0.06529090133203787,1.857766860808051,0.004175211369299898,1.817667442253081,1.8987509094835084,148.3458199261478,5.226346176164583,"Acute kidney failure, unspecified",GEN002,Acute and unspecified renal failure,Genitourinary,"Prsnl hx of TIA (TIA), and cereb infrc w/o resid deficits",XXX000,Unacceptable PDX,Factors/status,False,False,False,False,False,False,False,False,False,False
E785,Z950,78420,1768237,158939,0.011070321670345246,1.9766168146317051,0.044349258611826356,0.49339683778053217,0.005469680418890581,0.042417712234605325,3.0172377079433734,0.00509449895384235,2.937961964022307,3.0986525685892987,216.77141492933907,5.226346176164583,"Hyperlipidemia, unspecified",END010,Disorders of lipid metabolism,Endocrine/metabolic,Presence of cardiac pacemaker,XXX000,Unacceptable PDX,Factors/status,False,False,False,False,False,False,False,False,False,False
I252,Z79899,78261,342792,1032658,0.011047876106132226,1.5661191454426382,0.22830462787929706,0.07578598141882405,0.003993574945022467,0.060331223900295175,1.7937676235686526,0.004216460244417413,1.754671297647423,1.8337350657511378,138.5802762488213,5.226346176164583,Old myocardial infarction,CIR011,Coronary atherosclerosis and other heart disease,Circulatory,Other long term (current) drug therapy,FAC025,Other specified status,Factors/status,False,False,False,False,False,False,False,False,False,False
J9621,Z9981,78260,184506,216526,0.011047734939061705,13.876690257832468,0.4241596479247287,0.3614346544987669,0.010251598775913869,0.24246217143990184,36.01837407836696,0.005437851517361577,35.00913770961922,37.05670450982631,659.0891987164072,5.226346176164583,Acute and chronic respiratory failure with hypoxia,RSP012,Respiratory failure; insufficiency; arrest,Respiratory,Dependence on supplemental oxygen,XXX000,Unacceptable PDX,Factors/status,False,False,False,False,False,False,False,False,False,False
I130,J449,78109,398706,530930,0.011026418711412864,2.6138318065093933,0.1959062567405557,0.1471173224342192,0.006807930481239421,0.09172815424525588,3.3532315185069517,0.004276744860828093,3.279112360978311,3.4290260225647726,282.9078078400958,5.226346176164583,Hyp hrt & chr kdny dis w hrt fail and stg 1-4/unsp chr kdny,CIR019,Heart failure,Circulatory,"Chronic obstructive pulmonary disease, unspecified",RSP008,Chronic obstructive pulmonary disease and bronchiectasis,Respiratory,False,False,False,False,False,False,False,False,False,False
E7800,Z79899,78004,326467,1032658,0.01101159616900804,1.6390328917362893,0.23893379729038464,0.07553710909129645,0.004293246449166213,0.0608873010433831,1.9082698679256271,0.004250216777802247,1.8663485950263445,1.951132761873721,152.0385987396876,5.226346176164583,"Pure hypercholesterolemia, unspecified",END010,Disorders of lipid metabolism,Endocrine/metabolic,Other long term (current) drug therapy,FAC025,Other specified status,Factors/status,False,False,False,False,False,False,False,False,False,False
Z7982,Z8249,77957,878735,293364,0.0110049613166935,2.14218499160411,0.08871502785253803,0.2657347186430509,0.005867701294881486,0.07124943563084134,2.706992815061744,0.004345757139994602,2.646203378099668,2.7691787265641934,229.15186567993834,5.226346176164583,Long term (current) use of aspirin,FAC025,Other specified status,Factors/status,Family hx of ischem heart dis and oth dis of the circ sys,XXX000,Unacceptable PDX,Factors/status,False,False,True,False,False,False,False,False,False,False
I480,Z79899,77935,375871,1032658,0.011001855641142014,1.4223412456926539,0.2073450731767016,0.07547029122904195,0.003266823225777926,0.05857158532204414,1.5763198397109268,0.0041723833383672205,1.5423181782270565,1.6110710955391967,109.07265174787365,5.226346176164583,Paroxysmal atrial fibrillation,CIR017,Cardiac dysrhythmias,Circulatory,Other long term (current) drug therapy,FAC025,Other specified status,Factors/status,False,False,False,False,False,False,False,False,False,False
Z87891,Z880,77724,1189002,326527,0.010972069389261844,1.4181431036361067,0.06536910787366211,0.23803238323323953,0.0032351425860855263,0.05405739999513147,1.5871554022542844,0.00423818039531735,1.5523860911172211,1.6227034532962357,108.99568109134667,5.226346176164583,Personal history of nicotine dependence,XXX000,Unacceptable PDX,Factors/status,Allergy status to penicillin,XXX000,Unacceptable PDX,Factors/status,True,False,True,False,False,False,False,False,True,False
E871,F17210,77683,511228,789519,0.010966281539370437,1.3633751332507613,0.15195372710414923,0.09839281891886073,0.0029228008626890293,0.06351507361838792,1.4752526886511306,0.0040932570520889715,1.4440281158865815,1.5071524379815666,94.99263899404266,5.226346176164583,Hypo-osmolality and hyponatremia,END011,Fluid and electrolyte disorders,Endocrine/metabolic,"Nicotine dependence, cigarettes, uncomplicated",XXX000,Unacceptable PDX,Mental/behavioural,False,False,False,False,False,False,False,False,False,False
G4733,Z794,77588,470750,550187,0.010952870667670835,2.1220738884568364,0.16481784386617102,0.14102114372022603,0.005791471374625616,0.08224739730470908,2.564086482605176,0.004208419704251665,2.508305962195551,2.621107468294581,223.7424815551352,5.226346176164583,Obstructive sleep apnea (adult) (pediatric),NVS016,Sleep wake disorders,Nervous,Long term (current) use of insulin,FAC025,Other specified status,Factors/status,False,False,False,False,False,False,False,False,False,False
I10,Z951,77569,1922540,260258,0.010950188493330914,1.0981845205154028,0.04034714492286246,0.2980465538043019,0.000979014898394661,0.03684587282428657,1.1457580780234833,0.004371305028011809,1.1198788854721824,1.1722353107876997,31.12720204480693,5.226346176164583,Essential (primary) hypertension,CIR007,Essential hypertension,Circulatory,Presence of aortocoronary bypass graft,XXX000,Unacceptable PDX,Factors/status,False,False,False,False,False,False,False,False,False,False
J189,Z87891,77552,312229,1189002,0.010947788653132038,1.479802568314099,0.2483817966940931,0.06522444873936292,0.0035496472472791116,0.054472953523933415,1.6829079470199397,0.0042699013366686335,1.645768149519879,1.7208858726358884,121.90520972304634,5.226346176164583,"Pneumonia, unspecified organism",RSP002,Pneumonia (except that caused by tuberculosis),Respiratory,Personal history of nicotine dependence,XXX000,Unacceptable PDX,Factors/status,False,False,False,False,False,False,False,False,False,False
E1165,Z87891,77518,356093,1189002,0.010942988972734286,1.2969497063741948,0.2176903224719385,0.06519585332909449,0.0025055076124686285,0.05282039715803668,1.4060598271259503,0.00419137097281491,1.3755942067405396,1.4372001770361877,81.30784556944205,5.226346176164583,Type 2 diabetes mellitus with hyperglycemia,END003,Diabetes mellitus with complication,Endocrine/metabolic,Personal history of nicotine dependence,XXX000,Unacceptable PDX,Factors/status,False,False,False,False,False,False,False,False,False,False
E1165,Z7982,77333,356093,878735,0.010916873064687693,1.7506934006111157,0.21717079526977504,0.08800491615788605,0.004681130666346023,0.06681065576957136,2.051493476824625,0.004234957722489,2.006585854676408,2.0974061367200716,169.67537819068835,5.226346176164583,Type 2 diabetes mellitus with hyperglycemia,END003,Diabetes mellitus with complication,Endocrine/metabolic,Long term (current) use of aspirin,FAC025,Other specified status,Factors/status,False,False,False,False,False,False,False,False,False,False
M1990,Z79899,77261,333307,1032658,0.010906709035610099,1.5901056255830228,0.23180131230367199,0.07481760660354154,0.0040475992631941425,0.059952479390147,1.8302956110021364,0.004250628412858472,1.7900834418461231,1.8714111003668232,142.20897033622964,5.226346176164583,"Unspecified osteoarthritis, unspecified site",MUS006,Osteoarthritis,Musculoskeletal,Other long term (current) drug therapy,FAC025,Other specified status,Factors/status,False,False,False,False,False,False,False,False,False,False
E6601,I2510,77143,431917,1067226,0.010890051321288488,1.1855132891670404,0.17860607477825602,0.07228365875643959,0.0017041135331595982,0.05424964838255977,1.243454977934102,0.004119245651619346,1.216971230358973,1.2705150652518034,52.89652429363942,5.226346176164583,Morbid (severe) obesity due to excess calories,END009,Obesity,Endocrine/metabolic,Athscl heart disease of native coronary artery w/o ang pctrs,CIR011,Coronary atherosclerosis and other heart disease,Circulatory,False,False,False,False,False,False,False,False,False,False
M1990,Z7982,76915,333307,878735,0.010857865229209443,1.860267002658642,0.23076323029519333,0.08752923236243008,0.005021141138693574,0.06775893798667462,2.225624496668626,0.004279815090636591,2.176394815894903,2.2759677444529776,186.93273703515496,5.226346176164583,"Unspecified osteoarthritis, unspecified site",MUS006,Osteoarthritis,Musculoskeletal,Long term (current) use of aspirin,FAC025,Other specified status,Factors/status,False,False,False,False,False,False,False,False,False,False
E860,N390,76891,483351,454737,0.010854477219516913,2.4781020842824457,0.15907901297400853,0.16908894591819007,0.006474319804549113,0.08928386884766204,3.115423276361257,0.0042746794086915086,3.046593471654277,3.1858081103361977,265.8363160427059,5.226346176164583,Dehydration,END011,Fluid and electrolyte disorders,Endocrine/metabolic,"Urinary tract infection, site not specified",GEN004,Urinary tract infections,Genitourinary,False,False,False,False,False,False,False,False,False,False
I2510,J189,76872,1067226,312229,0.010851795045176992,1.6341997615459831,0.0720297294106403,0.2462039080290428,0.0042113614210091644,0.05901504932891033,1.9066543466459267,0.00429419629567525,1.8643399919840598,1.9499290972753474,150.2842466245252,5.226346176164583,Athscl heart disease of native coronary artery w/o ang pctrs,CIR011,Coronary atherosclerosis and other heart disease,Circulatory,"Pneumonia, unspecified organism",RSP002,Pneumonia (except that caused by tuberculosis),Respiratory,False,False,False,False,False,False,False,False,False,False
E669,F329,76869,534192,725159,0.010851371543965425,1.4056824015808833,0.1438976997034774,0.10600295935098372,0.003131724821660611,0.06500648635666335,1.530066485951327,0.004111893556868617,1.4975358792646591,1.563303747073495,103.43438696750935,5.226346176164583,"Obesity, unspecified",END009,Obesity,Endocrine/metabolic,"Major depressive disorder, single episode, unspecified",MBD002,Depressive disorders,Mental/behavioural,False,False,False,False,False,False,False,False,False,False
N390,Z66,76734,454737,467310,0.010832313989444939,2.557932432256035,0.16874369140844048,0.16420363356230339,0.006597521133759107,0.09077584279432589,3.2424134668906763,0.004289293530977791,3.1705358670943915,3.3159205670518976,274.24515044237376,5.226346176164583,"Urinary tract infection, site not specified",GEN004,Urinary tract infections,Genitourinary,Do not resuscitate,XXX000,Unacceptable PDX,Factors/status,False,False,False,False,False,False,False,False,False,False
E1122,E1151,76616,548083,147745,0.010815656275123327,6.702347604945786,0.13978904654951896,0.5185691563166266,0.009201944645612758,0.12373145223283787,14.769371458597806,0.005420941710520928,14.356801792041527,15.19379708947176,496.6951655535679,5.226346176164583,Type 2 diabetes mellitus w diabetic chronic kidney disease,END003,Diabetes mellitus with complication,Endocrine/metabolic,Type 2 diabetes w diabetic peripheral angiopath w/o gangrene,END003,Diabetes mellitus with complication,Endocrine/metabolic,True,True,True,True,False,False,False,False,True,False
D72829,I10,76615,205212,1922540,0.010815515108052806,1.375631988069298,0.37334561331696003,0.039850926378644916,0.0029532996304726424,0.0373524537853883,1.6243075749603808,0.004644224965506941,1.585356478901556,1.6642156721128871,104.44834624895748,5.226346176164583,"Elevated white blood cell count, unspecified",BLD007,Diseases of white blood cells,Blood/immune,Essential (primary) hypertension,CIR007,Essential hypertension,Circulatory,False,False,False,False,False,False,False,False,False,False
E1122,Z7984,76507,548083,381206,0.010800269064436416,2.593950659902956,0.13959017156160655,0.20069726079862332,0.006636632017908911,0.08971460467036124,3.3177182652787023,0.004316661906398821,3.2437073118033957,3.3934179103367526,277.82515822662276,5.226346176164583,Type 2 diabetes mellitus w diabetic chronic kidney disease,END003,Diabetes mellitus with complication,Endocrine/metabolic,Long term (current) use of oral hypoglycemic drugs,XXX000,Unacceptable PDX,Factors/status,False,False,False,False,False,False,False,False,False,False
Z7902,Z79899,76412,217007,1032658,0.010786858192736812,2.4154491971224084,0.3521176736234315,0.0739954563853667,0.006321080893182139,0.06512832270618528,3.359318710976537,0.004627570811990878,3.279047230874456,3.4415552467988,261.8518955313322,5.226346176164583,Long term (current) use of antithrombotics/antiplatelets,XXX000,Unacceptable PDX,Factors/status,Other long term (current) drug therapy,FAC025,Other specified status,Factors/status,False,True,True,False,False,False,False,True,True,False
G4733,I110,76365,470750,497458,0.010780223340422272,2.3100118381565102,0.16221986192246415,0.15351044711312312,0.006113483905430736,0.08562605750115211,2.8472528750076402,0.0042622503304616905,2.7845286976411914,2.911389974578709,245.49347053658423,5.226346176164583,Obstructive sleep apnea (adult) (pediatric),NVS016,Sleep wake disorders,Nervous,Hypertensive heart disease with heart failure,CIR019,Heart failure,Circulatory,False,False,False,False,False,False,False,False,False,False
I130,N189,76360,398706,209394,0.010779517505069662,6.479112380387761,0.19151956579534796,0.3646713850444616,0.00911578382178008,0.14360401700078987,11.66701491441716,0.004885437389569618,11.372892070296494,11.968744288776477,502.87526505368254,5.226346176164583,Hyp hrt & chr kdny dis w hrt fail and stg 1-4/unsp chr kdny,CIR019,Heart failure,Circulatory,"Chronic kidney disease, unspecified",GEN003,Chronic kidney disease,Genitourinary,False,False,False,True,False,False,False,False,True,False
E871,Z7982,76285,511228,878735,0.010768929974780503,1.2029101553167438,0.1492191351021462,0.08681229267071415,0.0018165323853321976,0.05806978574658326,1.2611777779538926,0.0041021079259567226,1.234427120843459,1.288508135269998,56.56750942641696,5.226346176164583,Hypo-osmolality and hyponatremia,END011,Fluid and electrolyte disorders,Endocrine/metabolic,Long term (current) use of aspirin,FAC025,Other specified status,Factors/status,False,False,False,False,False,False,False,False,False,False
E1165,K219,76173,356093,1192577,0.010753119262882025,1.2706261586795313,0.21391321929945267,0.06387260529089527,0.002290268730938818,0.051730495885560376,1.3677659042795212,0.004215959225746778,1.3379580648874216,1.3982378207548587,74.28408700965382,5.226346176164583,Type 2 diabetes mellitus with hyperglycemia,END003,Diabetes mellitus with complication,Endocrine/metabolic,Gastro-esophageal reflux disease without esophagitis,DIG004,Esophageal disorders,Digestive,False,False,False,False,False,False,False,False,False,False
E1151,I2510,76125,147745,1067226,0.010746343243496962,3.4199890362129417,0.5152458628041559,0.07132978394454408,0.00760412754347334,0.06684398066112539,6.375636913727963,0.005317506337125698,6.20089021729126,6.555308130168323,348.37457195981585,5.226346176164583,Type 2 diabetes w diabetic peripheral angiopath w/o gangrene,END003,Diabetes mellitus with complication,Endocrine/metabolic,Athscl heart disease of native coronary artery w/o ang pctrs,CIR011,Coronary atherosclerosis and other heart disease,Circulatory,False,False,False,False,False,False,False,False,False,False
I130,I5033,76124,398706,176166,0.01074620207642644,7.677385241441114,0.19092765095082592,0.4321151641065813,0.009346480460475684,0.1526301859857082,15.533119570207324,0.005136532704369877,15.12167572125804,15.955758345166046,534.0128543249793,5.226346176164583,Hyp hrt & chr kdny dis w hrt fail and stg 1-4/unsp chr kdny,CIR019,Heart failure,Circulatory,Acute on chronic diastolic (congestive) heart failure,CIR019,Heart failure,Circulatory,True,False,True,True,False,False,False,False,True,False
J189,N179,76118,312229,899456,0.010745355074003307,1.9199981267942268,0.2437890138327958,0.08462670769887576,0.005148810512814302,0.06703083129397032,2.3290726253473597,0.004330748453166191,2.276948530764918,2.382389949025378,195.22495536728044,5.226346176164583,"Pneumonia, unspecified organism",RSP002,Pneumonia (except that caused by tuberculosis),Respiratory,"Acute kidney failure, unspecified",GEN002,Acute and unspecified renal failure,Genitourinary,False,False,False,False,False,False,False,False,False,False
K219,K5900,75938,1192577,289704,0.010719945001309324,1.5569864444290769,0.06367555302508769,0.26212271836080964,0.003834885057682028,0.053996784568202776,1.806190923793767,0.00434950934374485,1.765595671294924,1.8477195578998702,135.92801372959937,5.226346176164583,Gastro-esophageal reflux disease without esophagitis,DIG004,Esophageal disorders,Digestive,"Constipation, unspecified",DIG025,Other specified and unspecified gastrointestinal disorders,Digestive,False,False,True,False,False,False,False,False,False,False
I130,I480,75817,398706,375871,0.010702863785776147,3.5837821564052947,0.19015766003019768,0.20171016119892196,0.007716392142502039,0.10850220390405863,4.996655291938633,0.004447015363085256,4.881863956527417,5.114145811678381,361.7637034346612,5.226346176164583,Hyp hrt & chr kdny dis w hrt fail and stg 1-4/unsp chr kdny,CIR019,Heart failure,Circulatory,Paroxysmal atrial fibrillation,CIR017,Cardiac dysrhythmias,Circulatory,False,False,True,False,False,False,False,False,False,False
E6601,N179,75791,431917,899456,0.010699193441942572,1.3819871780876185,0.17547584373849606,0.08426315461790237,0.002957302915325661,0.06036324190694037,1.5059187233808724,0.004169861703080491,1.4734550521870902,1.5390976454035237,98.1814718412132,5.226346176164583,Morbid (severe) obesity due to excess calories,END009,Obesity,Endocrine/metabolic,"Acute kidney failure, unspecified",GEN002,Acute and unspecified renal failure,Genitourinary,False,False,False,False,False,False,False,False,False,False
E785,I214,75754,1768237,135471,0.010693970260333254,2.2401925919446013,0.042841542168838224,0.5591897896966879,0.005920286828476914,0.041441961887443556,3.939358092247883,0.005543208266813164,3.826869338940614,4.055153391585314,247.33290240883494,5.226346176164583,"Hyperlipidemia, unspecified",END010,Disorders of lipid metabolism,Endocrine/metabolic,Non-ST elevation (NSTEMI) myocardial infarction,CIR009,Acute myocardial infarction,Circulatory,False,False,False,False,False,False,False,False,False,False
E785,G9341,75627,1768237,209825,0.010676042042376942,1.4439287541596304,0.04276971921750308,0.36042892886929584,0.003282296324922605,0.0397527379384841,1.7251215493401677,0.004632294680567608,1.6838579100339621,1.7673963713112804,117.7164988389044,5.226346176164583,"Hyperlipidemia, unspecified",END010,Disorders of lipid metabolism,Endocrine/metabolic,Metabolic encephalopathy,NVS020,Other nervous system disorders (neither hereditary nor degenerative),Nervous,False,False,False,False,False,False,False,False,False,False
E119,N179,75622,575343,899456,0.010675336207024332,1.0351612348287302,0.1314381160455589,0.08407526327024335,0.0003626082494413846,0.054047486486698965,1.044203413642579,0.0040760816088225744,1.0221939999624678,1.0666867239514712,10.611738254126346,5.226346176164583,Type 2 diabetes mellitus without complications,END002,Diabetes mellitus without complication,Endocrine/metabolic,"Acute kidney failure, unspecified",GEN002,Acute and unspecified renal failure,Genitourinary,False,False,False,False,False,False,False,False,False,False
D649,E039,75607,536954,734506,0.0106732187009665,1.3579887556645454,0.14080721998532464,0.10293585076228104,0.0028136405885222215,0.06322432606683263,1.4644745417042537,0.004132951132331205,1.4331807432670747,1.4964516467133548,92.30607653232045,5.226346176164583,"Anemia, unspecified",BLD003,Aplastic anemia,Blood/immune,"Hypothyroidism, unspecified",END001,Thyroid disorders,Endocrine/metabolic,False,False,False,False,False,False,False,False,False,False
