_key,code_a,desc_a,code_b,desc_b,n_both,lift,odds_ratio,or_adjusted,confounding_ratio,chapter_a,chapter_b,ccsr_desc_a,ccsr_desc_b,code_pairs_in_group,max_lift_in_group
Cystic fibrosis | Pancreatic disorders (excluding diabetes),E840,Cystic fibrosis with pulmonary manifestations,K8681,Exocrine pancreatic insufficiency,2537,612.0266187927955,2490.342972451379,1942.067648664355,1.2823152551684267,Endocrine/metabolic,Digestive,Cystic fibrosis,Pancreatic disorders (excluding diabetes),2,612.0266187927955
Diabetes mellitus with complication | Other specified and unspecified disorders of stomach and duodenum,E1143,Type 2 diabetes w diabetic autonomic (poly)neuropathy,K3184,Gastroparesis,25172,102.49754111233386,845.4830604886239,883.8134735557227,0.9566306531706408,Endocrine/metabolic,Digestive,Diabetes mellitus with complication,Other specified and unspecified disorders of stomach and duodenum,14,117.3005828681036
Osteomyelitis | Pressure ulcer of skin,L89154,"Pressure ulcer of sacral region, stage 4",M4628,"Osteomyelitis of vertebra, sacral and sacrococcygeal region",2849,266.5980306411985,1015.1408624871336,802.2347957974046,1.265391214398903,Skin,Musculoskeletal,Pressure ulcer of skin,Osteomyelitis,2,266.5980306411985
CNS abscess | Osteomyelitis,G061,Intraspinal abscess and granuloma,M4626,"Osteomyelitis of vertebra, lumbar region",1240,357.4078720142392,634.913735294081,442.5371100592898,1.4347129785545378,Nervous,Musculoskeletal,CNS abscess,Osteomyelitis,1,357.4078720142392
Other specified and unspecified diseases of bladder and urethra | Other specified and unspecified gastrointestinal disorders,K592,"Neurogenic bowel, not elsewhere classified",N319,"Neuromuscular dysfunction of bladder, unspecified",5534,123.58426570598128,558.877107411603,432.4754957413625,1.2922746211402314,Digestive,Genitourinary,Other specified and unspecified gastrointestinal disorders,Other specified and unspecified diseases of bladder and urethra,1,123.58426570598128
"Complication of other surgical or medical care, injury, initial encounter | Peritonitis and intra-abdominal abscess",K651,Peritoneal abscess,T8143XA,"Infct fol a procedure, organ and space surgical site, init",3154,196.3878667935936,456.5214691363354,362.2863602309882,1.2601122185369174,Digestive,Injury/poisoning,Peritonitis and intra-abdominal abscess,"Complication of other surgical or medical care, injury, initial encounter",3,196.3878667935936
CNS abscess | Spondylopathies/spondyloarthropathy (including infective),G061,Intraspinal abscess and granuloma,M4646,"Discitis, unspecified, lumbar region",779,298.7935111216612,447.94198653391777,313.1386600252121,1.430490845486316,Nervous,Musculoskeletal,CNS abscess,Spondylopathies/spondyloarthropathy (including infective),2,298.7935111216612
Diseases of white blood cells | Unacceptable PDX,D709,"Neutropenia, unspecified",R5081,Fever presenting with conditions classified elsewhere,11579,126.80230837511712,427.8556095468505,300.11828638143754,1.4256232591007942,Blood/immune,Symptoms/signs,Diseases of white blood cells,Unacceptable PDX,2,126.80230837511712
Chronic kidney disease | Hypotension,I953,Hypotension of hemodialysis,N186,End stage renal disease,5496,30.137820279622108,377.18874236973926,266.8407904727744,1.413534796166119,Circulatory,Genitourinary,Hypotension,Chronic kidney disease,3,31.67970535657684
Endocrine system cancers - thyroid | Secondary malignancies,C73,Malignant neoplasm of thyroid gland,C770,"Sec and unsp malig neoplasm of nodes of head, face and neck",793,233.7731241556741,337.3266409005745,266.76341420063324,1.2645161328114902,Neoplasm,Neoplasm,Endocrine system cancers - thyroid,Secondary malignancies,1,233.7731241556741
Biliary tract disease | Unacceptable PDX,K8000,Calculus of gallbladder w acute cholecyst w/o obstruction,K82A1,Gangrene of gallbladder in cholecystitis,2369,142.0675443600912,296.8891763530346,261.9238444872612,1.1334942679015003,Digestive,Digestive,Biliary tract disease,Unacceptable PDX,4,142.0675443600912
Abdominal hernia | Other aftercare encounter,K435,Parastomal hernia without obstruction or gangrene,Z433,Encounter for attention to colostomy,726,233.41507105126465,329.6587511646635,247.8486318530281,1.330080980072337,Digestive,Factors/status,Abdominal hernia,Other aftercare encounter,1,233.41507105126465
"Pathological fracture, initial encounter | Secondary malignancies",C7951,Secondary malignant neoplasm of bone,M8458XA,"Pathological fracture in neoplastic disease, oth site, init",3389,81.48407384310406,357.15840751722976,246.043478383751,1.4516068861625109,Neoplasm,Musculoskeletal,Secondary malignancies,"Pathological fracture, initial encounter",3,81.48407384310406
Diabetes mellitus with complication | Gangrene,E1152,Type 2 diabetes w diabetic peripheral angiopathy w gangrene,I96,"Gangrene, not elsewhere classified",11497,106.84666291549864,319.0918229191899,237.80305152138416,1.3418323309047022,Endocrine/metabolic,Circulatory,Diabetes mellitus with complication,Gangrene,4,106.84666291549864
Osteoarthritis | Tendon and synovial disorders,M19011,"Primary osteoarthritis, right shoulder",M75101,"Unsp rotatr-cuff tear/ruptr of right shoulder, not trauma",2559,184.28761345800203,408.33826243551647,233.8131080768565,1.7464301543833545,Musculoskeletal,Musculoskeletal,Osteoarthritis,Tendon and synovial disorders,2,218.16767009199725
Diabetes mellitus with complication | Peripheral and visceral vascular disease,E1152,Type 2 diabetes w diabetic peripheral angiopathy w gangrene,I70261,"Athscl native arteries of extremities w gangrene, right leg",2468,132.62679534177232,351.45490010152315,221.2165439933847,1.5887369622410932,Endocrine/metabolic,Circulatory,Diabetes mellitus with complication,Peripheral and visceral vascular disease,15,132.62679534177232
Diseases of mouth; excluding dental | Disorders of teeth and gingiva,K047,Periapical abscess without sinus,K122,Cellulitis and abscess of mouth,1340,201.80211569636643,328.27971850480554,217.92186552256624,1.506410188429722,Digestive,Digestive,Disorders of teeth and gingiva,Diseases of mouth; excluding dental,2,201.80211569636643
Diabetes mellitus with complication | Non-pressure ulcer of skin,E11621,Type 2 diabetes mellitus with foot ulcer,L97529,Non-pressure chronic ulcer oth prt left foot w unsp severity,17695,72.89030345431202,320.3960393954877,211.67927940705783,1.5135918843495697,Endocrine/metabolic,Skin,Diabetes mellitus with complication,Non-pressure ulcer of skin,38,108.63037188057284
"Fracture of head and neck, initial encounter | Traumatic brain injury (TBI); concussion, initial encounter",S0219XA,"Oth fracture of base of skull, init for clos fx",S066X9A,"Traum subrac hem w LOC of unsp duration, init",1563,199.3477944613117,325.5528075782775,210.06974357675549,1.5497367780587912,Injury,Injury,"Fracture of head and neck, initial encounter","Traumatic brain injury (TBI); concussion, initial encounter",9,199.3477944613117
Other specified and unspecified disorders of stomach and duodenum | Other specified and unspecified liver disease,K3189,Other diseases of stomach and duodenum,K766,Portal hypertension,16112,75.45523407569306,258.82015537650534,204.0817891166788,1.2682177890381547,Digestive,Digestive,Other specified and unspecified disorders of stomach and duodenum,Other specified and unspecified liver disease,9,75.45523407569306
Biliary tract disease | Endocrine system cancers - pancreas,C250,Malignant neoplasm of head of pancreas,K831,Obstruction of bile duct,2435,101.17697532912396,175.1201972449089,183.21509703222,0.955817506753346,Neoplasm,Digestive,Endocrine system cancers - pancreas,Biliary tract disease,4,101.17697532912396
Postprocedural or postoperative endocrine or metabolic complication | Unacceptable PDX,E890,Postprocedural hypothyroidism,Z85850,Personal history of malignant neoplasm of thyroid,8903,96.67421953408288,291.30407461202475,177.09527326773178,1.644900336620688,Endocrine/metabolic,Factors/status,Postprocedural or postoperative endocrine or metabolic complication,Unacceptable PDX,2,96.67421953408288
"Other nervous system disorders (neither hereditary nor degenerative) | Pathological fracture, initial encounter",G9529,Other cord compression,M8458XA,"Pathological fracture in neoplastic disease, oth site, init",517,193.9154320973273,249.72756652812805,176.360970632076,1.4160024501629067,Nervous,Musculoskeletal,Other nervous system disorders (neither hereditary nor degenerative),"Pathological fracture, initial encounter",1,193.9154320973273
Pituitary disorders | Thyroid disorders,E038,Other specified hypothyroidism,E230,Hypopituitarism,716,126.06829565057797,160.61584387624148,164.95019786051347,0.9737232568345432,Endocrine/metabolic,Endocrine/metabolic,Thyroid disorders,Pituitary disorders,1,126.06829565057797
Benign neoplasms | Pituitary disorders,D352,Benign neoplasm of pituitary gland,E230,Hypopituitarism,551,127.09128000494928,156.5956235283374,162.57400621783074,0.9632267000821584,Neoplasm,Endocrine/metabolic,Benign neoplasms,Pituitary disorders,1,127.09128000494928
Other specified and unspecified liver disease | Other specified diseases of veins and lymphatics,I8510,Secondary esophageal varices without bleeding,K766,Portal hypertension,10691,81.99666391207764,283.53420457541944,162.03564815572153,1.7498260895215714,Circulatory,Digestive,Other specified diseases of veins and lymphatics,Other specified and unspecified liver disease,21,90.2067466698769
Disorders of teeth and gingiva | Skin and subcutaneous tissue infections,K047,Periapical abscess without sinus,L03211,Cellulitis of face,2093,139.99077956481105,220.0471666993555,160.72601671144085,1.3690824373157755,Digestive,Skin,Disorders of teeth and gingiva,Skin and subcutaneous tissue infections,2,139.99077956481105
Other nervous system disorders (neither hereditary nor degenerative) | Unacceptable PDX,G919,"Hydrocephalus, unspecified",Z982,Presence of cerebrospinal fluid drainage device,3176,126.34060524198148,220.75165424910907,155.40180984539126,1.4205217717138183,Nervous,Factors/status,Other nervous system disorders (neither hereditary nor degenerative),Unacceptable PDX,24,126.34060524198148
Chronic kidney disease | Unacceptable PDX,I120,Hyp chr kidney disease w stage 5 chr kidney disease or ESRD,Z992,Dependence on renal dialysis,78516,30.937521929410348,212.38067019729849,151.9601134160317,1.3976080000404396,Circulatory,Factors/status,Chronic kidney disease,Unacceptable PDX,18,31.910431430492167
"Fracture of torso, initial encounter | Internal organ injury, initial encounter",S2242XA,"Multiple fractures of ribs, left side, init for clos fx",S270XXA,"Traumatic pneumothorax, initial encounter",2822,116.06654562835644,188.90870226367807,145.22528614402304,1.3007975902786877,Injury,Injury,"Fracture of torso, initial encounter","Internal organ injury, initial encounter",13,136.33733601305082
Other specified status | Postprocedural or postoperative respiratory system complication,J95851,Ventilator associated pneumonia,Z9911,Dependence on respirator [ventilator] status,1432,111.28595683021358,172.0267467194114,138.4163216397019,1.242821256059654,Respiratory,Factors/status,Postprocedural or postoperative respiratory system complication,Other specified status,1,111.28595683021358
"Internal organ injury, initial encounter | Other specified injury",S270XXA,"Traumatic pneumothorax, initial encounter",T797XXA,"Traumatic subcutaneous emphysema, initial encounter",1379,159.00751821969317,243.03467762179224,131.40482980767086,1.84951099573362,Injury,Injury/poisoning,"Internal organ injury, initial encounter",Other specified injury,3,219.32073734911805
Acute hemorrhagic cerebrovascular disease | Other nervous system disorders (neither hereditary nor degenerative),G936,Cerebral edema,I611,"Nontraumatic intcrbl hemorrhage in hemisphere, cortical",3070,75.80649800766948,160.0587484082679,125.25937947655396,1.2778184681828768,Nervous,Circulatory,Other nervous system disorders (neither hereditary nor degenerative),Acute hemorrhagic cerebrovascular disease,20,224.78240785410733
Other specified joint disorders | Spondylopathies/spondyloarthropathy (including infective),M2578,"Osteophyte, vertebrae",M4802,"Spinal stenosis, cervical region",2435,83.42313175559954,172.4854093246107,119.67655695178767,1.4412631322114102,Musculoskeletal,Musculoskeletal,Other specified joint disorders,Spondylopathies/spondyloarthropathy (including infective),1,83.42313175559954
Encounter for antineoplastic therapies | Non-Hodgkin lymphoma,C8330,"Diffuse large B-cell lymphoma, unspecified site",Z5111,Encounter for antineoplastic chemotherapy,1748,71.94437462073029,107.6036040656602,115.65265145314544,0.9304032610895552,Neoplasm,Factors/status,Non-Hodgkin lymphoma,Encounter for antineoplastic therapies,2,108.65824330894247
Aortic and peripheral arterial embolism or thrombosis | Other specified and unspecified circulatory disease,I743,Embolism and thrombosis of arteries of the lower extremities,I998,Other disorder of circulatory system,981,121.8771827256439,161.15949768239892,113.18691501797232,1.423835057760955,Circulatory,Circulatory,Aortic and peripheral arterial embolism or thrombosis,Other specified and unspecified circulatory disease,1,121.8771827256439
Other nervous system disorders (neither hereditary nor degenerative) | Spondylopathies/spondyloarthropathy (including infective),G9589,Other specified diseases of spinal cord,M4802,"Spinal stenosis, cervical region",1735,80.62147902609917,158.6719557738011,112.22639579461816,1.4138559351418665,Nervous,Musculoskeletal,Other nervous system disorders (neither hereditary nor degenerative),Spondylopathies/spondyloarthropathy (including infective),5,161.52567485377355
Other specified and unspecified endocrine disorders | Pituitary disorders,E230,Hypopituitarism,E2740,Unspecified adrenocortical insufficiency,1416,89.16462135044526,129.32191175223127,110.39557044674032,1.171441129647696,Endocrine/metabolic,Endocrine/metabolic,Pituitary disorders,Other specified and unspecified endocrine disorders,3,195.19807203742243
Diabetes mellitus with complication | Osteomyelitis,E1169,Type 2 diabetes mellitus with other specified complication,M869,"Osteomyelitis, unspecified",11704,57.66579305387495,150.18104577589224,105.08932539317355,1.42907992999304,Endocrine/metabolic,Musculoskeletal,Diabetes mellitus with complication,Osteomyelitis,43,74.32716615796329
Biliary tract disease | Gastrointestinal cancers - bile duct,C221,Intrahepatic bile duct carcinoma,K8309,Other cholangitis,694,112.25796525980704,141.1883377151861,102.00612848386716,1.3841162272668333,Neoplasm,Digestive,Gastrointestinal cancers - bile duct,Biliary tract disease,1,112.25796525980704
Anal and rectal conditions | Benign neoplasms,K621,Rectal polyp,K635,Polyp of colon,931,103.06398664020236,143.1080252637815,98.78017399395522,1.4487525125491163,Digestive,Digestive,Anal and rectal conditions,Benign neoplasms,1,103.06398664020236
Cardiac arrest and ventricular fibrillation | Coma; stupor; and brain damage,G931,"Anoxic brain damage, not elsewhere classified",I469,"Cardiac arrest, cause unspecified",7027,65.47488624935121,117.8310221597114,96.8570794964286,1.2165452723985568,Nervous,Circulatory,Coma; stupor; and brain damage,Cardiac arrest and ventricular fibrillation,3,65.47488624935121
Leukemia - acute myeloid leukemia (AML) | Unacceptable PDX,C9200,"Acute myeloblastic leukemia, not having achieved remission",R5081,Fever presenting with conditions classified elsewhere,2600,71.31075804418907,108.05222161166824,92.4861998766932,1.1683064257773417,Neoplasm,Symptoms/signs,Leukemia - acute myeloid leukemia (AML),Unacceptable PDX,2,71.31075804418907
Conditions due to neoplasm or the treatment of neoplasm | Unacceptable PDX,D61810,Antineoplastic chemotherapy induced pancytopenia,R5081,Fever presenting with conditions classified elsewhere,8065,68.11463541202575,130.1970143471168,92.11160539801554,1.4134702547473108,Blood/immune,Symptoms/signs,Conditions due to neoplasm or the treatment of neoplasm,Unacceptable PDX,17,104.107856932384
Conditions due to neoplasm or the treatment of neoplasm | Diseases of mouth; excluding dental,D61810,Antineoplastic chemotherapy induced pancytopenia,K1230,"Oral mucositis (ulcerative), unspecified",1836,80.19218588954809,130.40814227616067,90.50033826390832,1.4409685618619132,Blood/immune,Digestive,Conditions due to neoplasm or the treatment of neoplasm,Diseases of mouth; excluding dental,3,80.19218588954809
Intestinal obstruction and ileus | Postprocedural or postoperative digestive system complication,K567,"Ileus, unspecified",K9189,Oth postprocedural complications and disorders of dgstv sys,8078,48.805152976420814,105.0890009741256,87.15391554392215,1.2057863415346484,Digestive,Digestive,Intestinal obstruction and ileus,Postprocedural or postoperative digestive system complication,1,48.805152976420814
Diabetes mellitus without complication | Unacceptable PDX,E109,Type 1 diabetes mellitus without complications,Z9641,Presence of insulin pump (external) (internal),1517,84.82685371549837,116.20875580471296,86.33215227416508,1.3460657790120731,Endocrine/metabolic,Factors/status,Diabetes mellitus without complication,Unacceptable PDX,1,84.82685371549837
Conditions due to neoplasm or the treatment of neoplasm | Leukemia - acute myeloid leukemia (AML),C9200,"Acute myeloblastic leukemia, not having achieved remission",D61810,Antineoplastic chemotherapy induced pancytopenia,2895,69.97168214286323,110.48396551054226,85.45844318795244,1.2928385000830185,Neoplasm,Blood/immune,Leukemia - acute myeloid leukemia (AML),Conditions due to neoplasm or the treatment of neoplasm,1,69.97168214286323
Other specified and unspecified diseases of bladder and urethra | Paralysis (other than cerebral palsy),G8220,"Paraplegia, unspecified",N319,"Neuromuscular dysfunction of bladder, unspecified",8163,57.49679924101373,108.01944292703013,83.97086259217375,1.2863919649325808,Nervous,Genitourinary,Paralysis (other than cerebral palsy),Other specified and unspecified diseases of bladder and urethra,2,57.49679924101373
"Acute phlebitis; thrombophlebitis and thromboembolism | Complication of cardiovascular device, implant or graft, initial encounter",I82621,Acute embolism and thrombosis of deep veins of r up extrem,T82868A,"Thrombosis due to vascular prosth dev/grft, init",1069,81.34152253521897,105.25215091136536,83.7004522774605,1.2574860475360712,Circulatory,Injury/poisoning,Acute phlebitis; thrombophlebitis and thromboembolism,"Complication of cardiovascular device, implant or graft, initial encounter",4,81.34152253521897
Osteomyelitis | Paralysis (other than cerebral palsy),G8220,"Paraplegia, unspecified",M4628,"Osteomyelitis of vertebra, sacral and sacrococcygeal region",1043,76.25800942200854,106.4088914320628,83.33596134107918,1.276866429806338,Nervous,Musculoskeletal,Paralysis (other than cerebral palsy),Osteomyelitis,2,76.25800942200854
Other aftercare encounter | Other specified and unspecified gastrointestinal disorders,K660,Peritoneal adhesions (postprocedural) (postinfection),Z433,Encounter for attention to colostomy,1975,62.842771062081226,99.75469644553974,83.1449098227701,1.1997691338913554,Digestive,Factors/status,Other specified and unspecified gastrointestinal disorders,Other aftercare encounter,2,62.842771062081226
Pneumonia (except that caused by tuberculosis) | Septicemia,A4101,Sepsis due to Methicillin susceptible Staphylococcus aureus,J15211,Pneumonia due to methicillin suscep staph,1126,81.94469747925957,107.20993945164597,82.9765925503294,1.2920503982688591,Infectious,Respiratory,Septicemia,Pneumonia (except that caused by tuberculosis),4,103.82878844761802
Aortic; peripheral; and visceral artery aneurysms | Cardiac and circulatory congenital anomalies,I712,"Thoracic aortic aneurysm, without rupture",Q231,Congenital insufficiency of aortic valve,1307,58.3893775278849,75.47135785564566,82.35550649915116,0.9164093703488247,Circulatory,Congenital,Aortic; peripheral; and visceral artery aneurysms,Cardiac and circulatory congenital anomalies,1,58.3893775278849
Diseases of mouth; excluding dental | Skin and subcutaneous tissue infections,K122,Cellulitis and abscess of mouth,L03211,Cellulitis of face,645,98.49523794433888,122.37241778164024,82.10564698442693,1.4904263260339543,Digestive,Skin,Diseases of mouth; excluding dental,Skin and subcutaneous tissue infections,1,98.49523794433888
Female reproductive system cancers - ovary | Secondary malignancies,C569,Malignant neoplasm of unspecified ovary,C786,Secondary malignant neoplasm of retroperiton and peritoneum,2532,89.958658385464,146.33892492193323,81.29532103561627,1.800090374916174,Neoplasm,Neoplasm,Female reproductive system cancers - ovary,Secondary malignancies,2,89.958658385464
Other specified and unspecified liver disease | Peritonitis and intra-abdominal abscess,K652,Spontaneous bacterial peritonitis,K7031,Alcoholic cirrhosis of liver with ascites,2778,76.86089880475951,132.8482609211199,80.80178211117048,1.6441253825112632,Digestive,Digestive,Peritonitis and intra-abdominal abscess,Other specified and unspecified liver disease,5,118.87493623133928
Gastrointestinal and biliary perforation | Peritonitis and intra-abdominal abscess,K631,Perforation of intestine (nontraumatic),K651,Peritoneal abscess,1540,73.31150397636625,97.57760142096944,80.512152491414,1.2119611561916117,Digestive,Digestive,Gastrointestinal and biliary perforation,Peritonitis and intra-abdominal abscess,2,120.46944168498044
Diseases of mouth; excluding dental | Unacceptable PDX,K1230,"Oral mucositis (ulcerative), unspecified",R5081,Fever presenting with conditions classified elsewhere,1732,85.84504271660401,136.160310622517,80.42247435638006,1.693062936849507,Digestive,Symptoms/signs,Diseases of mouth; excluding dental,Unacceptable PDX,2,85.84504271660401
Coma; stupor; and brain damage | Other nervous system disorders (often hereditary or degenerative),G253,Myoclonus,G931,"Anoxic brain damage, not elsewhere classified",1750,67.83312029451886,95.12292422079751,80.13669528823381,1.1870083222007295,Nervous,Nervous,Other nervous system disorders (often hereditary or degenerative),Coma; stupor; and brain damage,1,67.83312029451886
Paralysis (other than cerebral palsy) | Pressure ulcer of skin,G8220,"Paraplegia, unspecified",L89154,"Pressure ulcer of sacral region, stage 4",3755,61.82992979593954,92.0779057517047,78.66979984819146,1.170435236003991,Nervous,Skin,Paralysis (other than cerebral palsy),Pressure ulcer of skin,5,61.82992979593954
"Complication of other surgical or medical care, injury, initial encounter | Postprocedural or postoperative digestive system complication",K912,"Postsurgical malabsorption, not elsewhere classified",T80211A,"Bloodstream infection due to central venous catheter, init",725,82.21663495830559,99.89107444560727,77.54730641076164,1.2881308077484026,Digestive,Injury/poisoning,Postprocedural or postoperative digestive system complication,"Complication of other surgical or medical care, injury, initial encounter",2,82.21663495830559
"Fracture of head and neck, initial encounter | Open wounds of head and neck, initial encounter",S0181XA,"Laceration w/o foreign body of oth part of head, init encntr",S022XXA,"Fracture of nasal bones, init encntr for closed fracture",1604,87.97977482104889,119.84677530163609,76.13957167296161,1.574040576645319,Injury,Injury,"Open wounds of head and neck, initial encounter","Fracture of head and neck, initial encounter",5,160.04964497885445
Acute phlebitis; thrombophlebitis and thromboembolism | Gastrointestinal cancers - liver,C220,Liver cell carcinoma,I81,Portal vein thrombosis,1449,86.29581349975413,114.53229233938823,74.1918992505063,1.5437304273971213,Neoplasm,Circulatory,Gastrointestinal cancers - liver,Acute phlebitis; thrombophlebitis and thromboembolism,1,86.29581349975413
Other nervous system disorders (neither hereditary nor degenerative) | Secondary malignancies,C7931,Secondary malignant neoplasm of brain,G936,Cerebral edema,10615,50.98169829294695,98.29373821881582,73.52616839350368,1.3368538081946406,Neoplasm,Nervous,Secondary malignancies,Other nervous system disorders (neither hereditary nor degenerative),7,50.98169829294695
Other specified and unspecified disorders of stomach and duodenum | Other specified diseases of veins and lymphatics,I8510,Secondary esophageal varices without bleeding,K3189,Other diseases of stomach and duodenum,4428,69.7828221521888,113.18691099584385,73.2859453851608,1.5444559035293872,Circulatory,Digestive,Other specified diseases of veins and lymphatics,Other specified and unspecified disorders of stomach and duodenum,4,117.40141287882162
Intestinal infection | Septicemia,A0472,"Enterocolitis d/t Clostridium difficile, not spcf as recur",A414,Sepsis due to anaerobes,1361,57.607201669063066,94.1689212964412,72.26369631378485,1.3031290412759826,Infectious,Infectious,Intestinal infection,Septicemia,1,57.607201669063066
Benign neoplasms | Hemorrhoids,K635,Polyp of colon,K648,Other hemorrhoids,5160,60.78215003089507,102.56262908349146,71.72105769712107,1.4300211454858172,Digestive,Digestive,Benign neoplasms,Hemorrhoids,8,61.64957563392596
Nervous system congenital anomalies | Other specified and unspecified diseases of bladder and urethra,N319,"Neuromuscular dysfunction of bladder, unspecified",Q059,"Spina bifida, unspecified",1168,54.47077576318088,83.00750570539388,71.47746916015326,1.1613100838728114,Genitourinary,Congenital,Other specified and unspecified diseases of bladder and urethra,Nervous system congenital anomalies,1,54.47077576318088
Hypotension | Unacceptable PDX,I953,Hypotension of hemodialysis,Z992,Dependence on renal dialysis,4201,29.648119466587666,100.14228037728164,71.46670049540371,1.40124393155274,Circulatory,Factors/status,Hypotension,Unacceptable PDX,2,29.648119466587666
Other specified and unspecified skin disorders | Other specified inflammatory condition of skin,B372,Candidiasis of skin and nail,L304,Erythema intertrigo,561,78.46856549761307,93.72952128198897,71.22067348219929,1.316043737011494,Infectious,Skin,Other specified and unspecified skin disorders,Other specified inflammatory condition of skin,1,78.46856549761307
Anal and rectal conditions | Hemorrhoids,K621,Rectal polyp,K648,Other hemorrhoids,1289,63.61792575243061,97.8532577896542,70.70135365738359,1.384036552734872,Digestive,Digestive,Anal and rectal conditions,Hemorrhoids,2,63.61792575243061
Nervous system congenital anomalies | Paralysis (other than cerebral palsy),G8220,"Paraplegia, unspecified",Q059,"Spina bifida, unspecified",786,66.95374468674588,88.72545323004137,70.0882720397671,1.265910125159025,Nervous,Congenital,Paralysis (other than cerebral palsy),Nervous system congenital anomalies,1,66.95374468674588
"Conditions due to neoplasm or the treatment of neoplasm | Pathological fracture, initial encounter",G893,Neoplasm related pain (acute) (chronic),M8458XA,"Pathological fracture in neoplastic disease, oth site, init",1585,61.2249281834083,98.3198254304408,68.92184592208972,1.4265408030653008,Nervous,Musculoskeletal,Conditions due to neoplasm or the treatment of neoplasm,"Pathological fracture, initial encounter",1,61.2249281834083
Other specified and unspecified gastrointestinal disorders | Skin and subcutaneous tissue infections,K632,Fistula of intestine,L02211,Cutaneous abscess of abdominal wall,777,74.09710981346986,89.41413039476912,68.0618903534874,1.3137179988740595,Digestive,Skin,Other specified and unspecified gastrointestinal disorders,Skin and subcutaneous tissue infections,1,74.09710981346986
Endocarditis and endocardial disease | Septicemia,A4101,Sepsis due to Methicillin susceptible Staphylococcus aureus,I330,Acute and subacute infective endocarditis,1867,65.99419091355391,87.35135107634069,67.50977036674642,1.2939068019607385,Infectious,Circulatory,Septicemia,Endocarditis and endocardial disease,3,65.99419091355391
Diverticulosis and diverticulitis | Other specified and unspecified diseases of bladder and urethra,K5720,Dvtrcli of lg int w perforation and abscess w/o bleeding,N321,Vesicointestinal fistula,983,68.25161779746583,91.86385258988332,67.4681825863109,1.3615877746871785,Digestive,Genitourinary,Diverticulosis and diverticulitis,Other specified and unspecified diseases of bladder and urethra,2,68.25161779746583
Nervous system cancers - brain | Other nervous system disorders (neither hereditary nor degenerative),C719,"Malignant neoplasm of brain, unspecified",G936,Cerebral edema,1743,52.27773402484004,82.02001063817089,67.32918371130712,1.2181940447971986,Neoplasm,Nervous,Nervous system cancers - brain,Other nervous system disorders (neither hereditary nor degenerative),1,52.27773402484004
Influenza | Pneumonia (except that caused by tuberculosis),J1008,Influenza due to oth ident influenza virus w oth pneumonia,J159,Unspecified bacterial pneumonia,1976,58.67666280514977,85.11129807756691,65.87787288158184,1.2919557714098928,Respiratory,Respiratory,Influenza,Pneumonia (except that caused by tuberculosis),3,108.64582676558736
Hyperplasia of prostate | Urinary incontinence,N39498,Other specified urinary incontinence,N401,Benign prostatic hyperplasia with lower urinary tract symp,2835,40.00247444582013,86.6727377360041,65.38324634604962,1.3256108036801504,Genitourinary,Genitourinary,Urinary incontinence,Hyperplasia of prostate,2,40.00247444582013
Abdominal pain and other digestive/abdomen signs and symptoms | Urinary incontinence,R159,Full incontinence of feces,R32,Unspecified urinary incontinence,5699,48.12522557244009,89.87966566340111,65.13139588129688,1.3799745030370358,Symptoms/signs,Symptoms/signs,Abdominal pain and other digestive/abdomen signs and symptoms,Urinary incontinence,1,48.12522557244009
Nervous system signs and symptoms | Paralysis (other than cerebral palsy),G8191,"Hemiplegia, unspecified affecting right dominant side",R4701,Aphasia,13634,43.8925464436441,89.22706617900812,62.9104123699798,1.4183195248229905,Nervous,Symptoms/signs,Paralysis (other than cerebral palsy),Nervous system signs and symptoms,13,56.04160932140356
Other specified and unspecified gastrointestinal disorders | Paralysis (other than cerebral palsy),G8220,"Paraplegia, unspecified",K592,"Neurogenic bowel, not elsewhere classified",1601,65.30508014405825,89.08215050542599,62.821820550193365,1.4180128771379863,Nervous,Digestive,Paralysis (other than cerebral palsy),Other specified and unspecified gastrointestinal disorders,2,67.4620833528011
Immunity disorders | Leukemia - chronic lymphocytic leukemia (CLL),C9110,Chronic lymphocytic leuk of B-cell type not achieve remis,D801,Nonfamilial hypogammaglobulinemia,669,56.838678409982094,67.29129864423469,61.89666730612688,1.0871554410422,Neoplasm,Blood/immune,Leukemia - chronic lymphocytic leukemia (CLL),Immunity disorders,1,56.838678409982094
Non-pressure ulcer of skin | Peripheral and visceral vascular disease,I70261,"Athscl native arteries of extremities w gangrene, right leg",L97519,Non-prs chronic ulcer oth prt right foot w unsp severity,1055,68.4425152564407,95.14258562667906,60.92948447224914,1.5615196230654564,Circulatory,Skin,Peripheral and visceral vascular disease,Non-pressure ulcer of skin,2,68.4425152564407
"Chronic kidney disease | Complication of transplanted organs or tissue, initial encounter",N186,End stage renal disease,T8612,Kidney transplant failure,5187,23.76585596264648,86.1020524004109,60.7251907005344,1.4178967806790794,Genitourinary,Injury/poisoning,Chronic kidney disease,"Complication of transplanted organs or tissue, initial encounter",4,26.20264169701656
Conditions due to neoplasm or the treatment of neoplasm | Secondary malignancies,C7951,Secondary malignant neoplasm of bone,G893,Neoplasm related pain (acute) (chronic),15251,39.56047188182262,80.50433572422878,60.52974557069511,1.3299962682017976,Neoplasm,Nervous,Secondary malignancies,Conditions due to neoplasm or the treatment of neoplasm,35,43.25305841295481
Intestinal obstruction and ileus | Noninfectious gastroenteritis,K5289,Other specified noninfective gastroenteritis and colitis,K5641,Fecal impaction,585,64.27499308319165,76.52096685169927,59.25569752506313,1.2913689324023825,Digestive,Digestive,Noninfectious gastroenteritis,Intestinal obstruction and ileus,1,64.27499308319165
"Fracture of head and neck, initial encounter | Other nervous system disorders (neither hereditary nor degenerative)",G9389,Other specified disorders of brain,S0219XA,"Oth fracture of base of skull, init for clos fx",1062,57.511206179101706,73.62810599911252,59.09451096509402,1.2459381556199562,Nervous,Injury,Other nervous system disorders (neither hereditary nor degenerative),"Fracture of head and neck, initial encounter",2,57.511206179101706
"Complication of other surgical or medical care, injury, initial encounter | Septicemia",A4101,Sepsis due to Methicillin susceptible Staphylococcus aureus,T80211A,"Bloodstream infection due to central venous catheter, init",1152,55.91762106756734,68.57344763946507,58.806912608943385,1.166078010173185,Infectious,Injury/poisoning,Septicemia,"Complication of other surgical or medical care, injury, initial encounter",5,118.18339360590868
CNS abscess | Septicemia,A4101,Sepsis due to Methicillin susceptible Staphylococcus aureus,G061,Intraspinal abscess and granuloma,711,66.23652849565131,80.88950729036539,57.91689157295054,1.3966479397203002,Infectious,Nervous,Septicemia,CNS abscess,1,66.23652849565131
Diseases of white blood cells | Leukemia - acute myeloid leukemia (AML),C9200,"Acute myeloblastic leukemia, not having achieved remission",D709,"Neutropenia, unspecified",1639,51.36564445093316,66.38434627380406,55.85827660733956,1.1884424351373817,Neoplasm,Blood/immune,Leukemia - acute myeloid leukemia (AML),Diseases of white blood cells,1,51.36564445093316
Diseases of mouth; excluding dental | Diseases of white blood cells,D709,"Neutropenia, unspecified",K1230,"Oral mucositis (ulcerative), unspecified",1102,62.41098121030749,82.49771262575887,54.6392927143102,1.5098605514004475,Blood/immune,Digestive,Diseases of white blood cells,Diseases of mouth; excluding dental,2,62.41098121030749
"Complication of cardiovascular device, implant or graft, initial encounter | Endocarditis and endocardial disease",I330,Acute and subacute infective endocarditis,T827XXA,"Infect/inflm react d/t oth cardi/vasc dev/implnt/grft, init",1140,54.8997657530286,66.73056077135239,54.17859822983803,1.2316775064623495,Circulatory,Injury/poisoning,Endocarditis and endocardial disease,"Complication of cardiovascular device, implant or graft, initial encounter",1,54.8997657530286
Gastrointestinal cancers - stomach | Secondary malignancies,C169,"Malignant neoplasm of stomach, unspecified",C786,Secondary malignant neoplasm of retroperiton and peritoneum,888,55.30750463721229,71.07679989279723,54.09746509936666,1.3138656268319189,Neoplasm,Neoplasm,Gastrointestinal cancers - stomach,Secondary malignancies,2,55.30750463721229
Encounter for antineoplastic therapies | Leukemia - acute myeloid leukemia (AML),C9200,"Acute myeloblastic leukemia, not having achieved remission",Z5111,Encounter for antineoplastic chemotherapy,1686,43.84880093400814,56.36100175812515,54.09383640542836,1.041911713114681,Neoplasm,Factors/status,Leukemia - acute myeloid leukemia (AML),Encounter for antineoplastic therapies,1,43.84880093400814
Benign neoplasms | Other nervous system disorders (neither hereditary nor degenerative),D320,Benign neoplasm of cerebral meninges,G936,Cerebral edema,2229,45.2027840152345,66.96349804861246,53.96854049243835,1.2407876410516394,Neoplasm,Nervous,Benign neoplasms,Other nervous system disorders (neither hereditary nor degenerative),2,45.2027840152345
Sickle cell trait/anemia | Unacceptable PDX,D5700,"Hb-SS disease with crisis, unspecified",Z832,Family history of dis of the bld/bld-form org/immun mechnsm,1407,64.08535805790632,81.8848924373304,53.40160910868802,1.5333787465218602,Blood/immune,Factors/status,Sickle cell trait/anemia,Unacceptable PDX,2,64.08535805790632
"Aortic and peripheral arterial embolism or thrombosis | Complication of cardiovascular device, implant or graft, initial encounter",I743,Embolism and thrombosis of arteries of the lower extremities,T82868A,"Thrombosis due to vascular prosth dev/grft, init",792,57.38720209650438,68.68182132888164,53.30351372161922,1.2885045756566171,Circulatory,Injury/poisoning,Aortic and peripheral arterial embolism or thrombosis,"Complication of cardiovascular device, implant or graft, initial encounter",1,57.38720209650438
Respiratory cancers | Secondary malignancies,C3490,Malignant neoplasm of unsp part of unsp bronchus or lung,C7931,Secondary malignant neoplasm of brain,6985,48.8290601292944,79.50155137718878,53.117877452808536,1.4967004554694463,Neoplasm,Neoplasm,Respiratory cancers,Secondary malignancies,26,76.24603961447026
Nervous system congenital anomalies | Unacceptable PDX,Q059,"Spina bifida, unspecified",Z982,Presence of cerebrospinal fluid drainage device,532,64.7843472964361,78.62265658136485,52.0236797880912,1.5112859548117252,Congenital,Factors/status,Nervous system congenital anomalies,Unacceptable PDX,1,64.7843472964361
"Fracture of torso, initial encounter | Other specified injury",S2242XA,"Multiple fractures of ribs, left side, init for clos fx",T797XXA,"Traumatic subcutaneous emphysema, initial encounter",676,59.81044743712415,71.5512605291891,51.68569953570584,1.384353141622077,Injury,Injury/poisoning,"Fracture of torso, initial encounter",Other specified injury,2,62.64791771325202
Other specified and unspecified gastrointestinal disorders | Shock,K661,Hemoperitoneum,R578,Other shock,1286,46.47557517634374,56.997721518337535,51.38130320186247,1.1093085999475287,Digestive,Symptoms/signs,Other specified and unspecified gastrointestinal disorders,Shock,2,46.47557517634374
Aseptic necrosis and osteonecrosis | Sickle cell trait/anemia,D5700,"Hb-SS disease with crisis, unspecified",M879,"Osteonecrosis, unspecified",580,43.35257911959022,49.74616616861135,50.6278994922098,0.9825840429399184,Blood/immune,Musculoskeletal,Sickle cell trait/anemia,Aseptic necrosis and osteonecrosis,1,43.35257911959022
Other specified connective tissue disease | Spondylopathies/spondyloarthropathy (including infective),M48061,"Spinal stenosis, lumbar region without neurogenic claud",M7138,"Other bursal cyst, other site",1552,44.53611586719892,76.30917559910452,50.29798491522055,1.5171418045420104,Musculoskeletal,Musculoskeletal,Spondylopathies/spondyloarthropathy (including infective),Other specified connective tissue disease,4,92.66249543149812
Conditions due to neoplasm or the treatment of neoplasm | Leukemia - acute lymphoblastic leukemia (ALL),C9100,Acute lymphoblastic leukemia not having achieved remission,D61810,Antineoplastic chemotherapy induced pancytopenia,1501,56.16848281306834,77.78553255921891,50.29302175723301,1.5466466289238625,Neoplasm,Blood/immune,Leukemia - acute lymphoblastic leukemia (ALL),Conditions due to neoplasm or the treatment of neoplasm,1,56.16848281306834
"Fracture of the spine and back, initial encounter | Fracture of torso, initial encounter",S2241XA,"Multiple fractures of ribs, right side, init for clos fx",S32029A,"Unsp fracture of second lumbar vertebra, init for clos fx",524,59.721572273822304,70.27752130609682,49.729293596839234,1.4132016810020325,Injury,Injury,"Fracture of torso, initial encounter","Fracture of the spine and back, initial encounter",3,59.721572273822304
Abdominal hernia | Unacceptable PDX,K435,Parastomal hernia without obstruction or gangrene,Z933,Colostomy status,902,48.29881588158884,64.74656742163177,49.22912227301627,1.315208649517625,Digestive,Factors/status,Abdominal hernia,Unacceptable PDX,1,48.29881588158884
Other general signs and symptoms | Unacceptable PDX,R64,Cachexia,Z681,"Body mass index [BMI] 19.9 or less, adult",33567,25.66149364792952,71.33332053090727,49.13687488412428,1.4517268487083717,Symptoms/signs,Factors/status,Other general signs and symptoms,Unacceptable PDX,37,37.74832713951298
Other specified and unspecified gastrointestinal disorders | Unacceptable PDX,K660,Peritoneal adhesions (postprocedural) (postinfection),Z5331,Laparoscopic surgical procedure converted to open procedure,3159,42.88364737726502,60.428489883086606,48.68200939321503,1.2412899680247942,Digestive,Factors/status,Other specified and unspecified gastrointestinal disorders,Unacceptable PDX,6,42.88364737726502
Noninfectious hepatitis | Other specified and unspecified liver disease,K7460,Unspecified cirrhosis of liver,K7581,Nonalcoholic steatohepatitis (NASH),9858,37.31552991479567,70.02785896344777,48.43640075519669,1.4457692535284954,Digestive,Digestive,Other specified and unspecified liver disease,Noninfectious hepatitis,6,80.09558936671553
Gastrointestinal cancers - colorectal | Secondary malignancies,C189,"Malignant neoplasm of colon, unspecified",C787,Secondary malig neoplasm of liver and intrahepatic bile duct,4504,40.81354529035189,68.091089104932,47.496608801278015,1.4335989626084595,Neoplasm,Neoplasm,Gastrointestinal cancers - colorectal,Secondary malignancies,12,74.31325024996228
Endocrine system cancers - pancreas | Secondary malignancies,C259,"Malignant neoplasm of pancreas, unspecified",C787,Secondary malig neoplasm of liver and intrahepatic bile duct,4838,42.00434902270282,71.65932789287385,47.13403447619814,1.5203308753266294,Neoplasm,Neoplasm,Endocrine system cancers - pancreas,Secondary malignancies,4,49.64513695834012
"Other nervous system disorders (neither hereditary nor degenerative) | Poisoning by drugs, initial encounter",G92,Toxic encephalopathy,T402X1A,"Poisoning by oth opioids, accidental (unintentional), init",2116,30.854561496377045,54.0735988292291,47.0353945123561,1.1496363406715782,Nervous,Injury/poisoning,Other nervous system disorders (neither hereditary nor degenerative),"Poisoning by drugs, initial encounter",5,32.999069379914346
Hepatic failure | Other specified and unspecified liver disease,K7290,"Hepatic failure, unspecified without coma",K766,Portal hypertension,11727,39.80012269165616,72.54708734886528,44.72833905554559,1.621949056922797,Digestive,Digestive,Hepatic failure,Other specified and unspecified liver disease,19,114.0621069805745
Breast cancer - all other types | Secondary malignancies,C50919,Malignant neoplasm of unsp site of unspecified female breast,C7951,Secondary malignant neoplasm of bone,4049,33.84864751179556,52.191709850929,44.16051717106826,1.181863646404992,Neoplasm,Neoplasm,Breast cancer - all other types,Secondary malignancies,12,33.84864751179556
Coagulation and hemorrhagic disorders | Other specified connective tissue disease,D6832,Hemorrhagic disord d/t extrinsic circulating anticoagulants,M7981,Nontraumatic hematoma of soft tissue,780,56.83170038701508,68.30633041047972,44.015104187591525,1.5518838742118946,Blood/immune,Musculoskeletal,Coagulation and hemorrhagic disorders,Other specified connective tissue disease,1,56.83170038701508
"Complication of other surgical or medical care, injury, initial encounter | Skin and subcutaneous tissue infections",L03311,Cellulitis of abdominal wall,T8141XA,"Infct fol a proc, superfic incisional surgical site, init",1136,46.663273579558606,55.74869142053737,43.95690615441653,1.268257852922983,Skin,Injury/poisoning,Skin and subcutaneous tissue infections,"Complication of other surgical or medical care, injury, initial encounter",4,66.04262902233734
Other specified and unspecified diseases of kidney and ureters | Unacceptable PDX,D631,Anemia in chronic kidney disease,N2581,Secondary hyperparathyroidism of renal origin,42554,19.31746291102501,60.71238523005511,43.61028049940344,1.3921576411526546,Blood/immune,Genitourinary,Unacceptable PDX,Other specified and unspecified diseases of kidney and ureters,10,29.055377130306344
Abdominal hernia | Other specified and unspecified gastrointestinal disorders,K432,Incisional hernia without obstruction or gangrene,K660,Peritoneal adhesions (postprocedural) (postinfection),2359,41.5775906045824,56.78301380717123,43.405807987830826,1.3081893055208376,Digestive,Digestive,Abdominal hernia,Other specified and unspecified gastrointestinal disorders,5,41.5775906045824
Cardiac arrest and ventricular fibrillation | Shock,I4901,Ventricular fibrillation,R570,Cardiogenic shock,3869,43.83286114385192,63.47126994528771,42.67840962452076,1.4871985742603788,Circulatory,Symptoms/signs,Cardiac arrest and ventricular fibrillation,Shock,6,43.83286114385192
Endocrine system cancers - thyroid | Postprocedural or postoperative endocrine or metabolic complication,C73,Malignant neoplasm of thyroid gland,E890,Postprocedural hypothyroidism,946,41.080904470234366,55.53045207983772,42.6676596745792,1.3014646808229324,Neoplasm,Endocrine/metabolic,Endocrine system cancers - thyroid,Postprocedural or postoperative endocrine or metabolic complication,1,41.080904470234366
Abdominal pain and other digestive/abdomen signs and symptoms | Peritonitis and intra-abdominal abscess,K652,Spontaneous bacterial peritonitis,R188,Other ascites,2791,35.1602295851747,57.83690729154378,42.07894806056702,1.374485579066646,Digestive,Symptoms/signs,Peritonitis and intra-abdominal abscess,Abdominal pain and other digestive/abdomen signs and symptoms,4,35.1602295851747
"Complication of cardiovascular device, implant or graft, initial encounter | Septicemia",A4101,Sepsis due to Methicillin susceptible Staphylococcus aureus,T827XXA,"Infect/inflm react d/t oth cardi/vasc dev/implnt/grft, init",1132,46.596514595067205,55.77098977675751,41.732101131237705,1.3364050279033586,Infectious,Injury/poisoning,Septicemia,"Complication of cardiovascular device, implant or graft, initial encounter",2,46.596514595067205
Postprocedural or postoperative digestive system complication | Skin and subcutaneous tissue infections,K9423,Gastrostomy malfunction,L03311,Cellulitis of abdominal wall,611,39.63195210247444,44.81500219189602,41.63174888458608,1.0764621567096482,Digestive,Skin,Postprocedural or postoperative digestive system complication,Skin and subcutaneous tissue infections,1,39.63195210247444
Malnutrition | Unacceptable PDX,E43,Unspecified severe protein-calorie malnutrition,Z681,"Body mass index [BMI] 19.9 or less, adult",71186,18.56875634883556,55.94915938121022,41.33638583283401,1.3535087370112822,Endocrine/metabolic,Factors/status,Malnutrition,Unacceptable PDX,35,18.56875634883556
Postprocedural or postoperative nervous system complication | Spondylopathies/spondyloarthropathy (including infective),G9741,Accidental puncture or laceration of dura during a procedure,M48061,"Spinal stenosis, lumbar region without neurogenic claud",1198,36.85612259315271,56.141426079212806,40.74664932794439,1.3778169985798208,Nervous,Musculoskeletal,Postprocedural or postoperative nervous system complication,Spondylopathies/spondyloarthropathy (including infective),5,90.14296172123736
Hepatic failure | Other specified diseases of veins and lymphatics,I8510,Secondary esophageal varices without bleeding,K7290,"Hepatic failure, unspecified without coma",4020,45.91182308856499,67.43946766049689,39.908304965387416,1.6898604869083598,Circulatory,Digestive,Other specified diseases of veins and lymphatics,Hepatic failure,7,65.25538113780541
Cerebral palsy | Neurodevelopmental disorders,F79,Unspecified intellectual disabilities,G809,"Cerebral palsy, unspecified",1946,55.38044646980161,71.99341641081858,39.8032438448334,1.808732391045148,Mental/behavioural,Nervous,Neurodevelopmental disorders,Cerebral palsy,1,55.38044646980161
Osteomyelitis | Other specified and unspecified diseases of bladder and urethra,M4628,"Osteomyelitis of vertebra, sacral and sacrococcygeal region",N319,"Neuromuscular dysfunction of bladder, unspecified",927,37.1064393277148,48.606807968979766,39.45740389421368,1.2318805388032084,Musculoskeletal,Genitourinary,Osteomyelitis,Other specified and unspecified diseases of bladder and urethra,1,37.1064393277148
Noninfectious hepatitis | Other specified diseases of veins and lymphatics,I8510,Secondary esophageal varices without bleeding,K7581,Nonalcoholic steatohepatitis (NASH),2506,42.8303086255472,55.77973785774845,39.351629878205394,1.4174695693771413,Circulatory,Digestive,Other specified diseases of veins and lymphatics,Noninfectious hepatitis,3,42.8303086255472
Other specified status | Pneumonia (except that caused by tuberculosis),J151,Pneumonia due to Pseudomonas,Z9911,Dependence on respirator [ventilator] status,1206,40.12071504071645,47.86699190856399,39.24083331956201,1.2198260806225474,Respiratory,Factors/status,Pneumonia (except that caused by tuberculosis),Other specified status,3,40.12071504071645
"Multiple myeloma | Pathological fracture, initial encounter",C9000,Multiple myeloma not having achieved remission,M8458XA,"Pathological fracture in neoplastic disease, oth site, init",628,48.23446024949994,57.75446881726854,38.768076775650265,1.489742943698032,Neoplasm,Musculoskeletal,Multiple myeloma,"Pathological fracture, initial encounter",1,48.23446024949994
"Complication of transplanted organs or tissue, initial encounter | Unacceptable PDX",T8612,Kidney transplant failure,Z992,Dependence on renal dialysis,4040,23.82308133808437,54.809646782234246,38.7272049535941,1.4152750462604091,Injury/poisoning,Factors/status,"Complication of transplanted organs or tissue, initial encounter",Unacceptable PDX,5,23.82308133808437
Blindness and vision defects | Paralysis (other than cerebral palsy),G8194,"Hemiplegia, unspecified affecting left nondominant side",H53462,"Homonymous bilateral field defects, left side",873,40.81242561323207,54.079869096762,38.57779298599901,1.401839372106879,Nervous,Eye/ear,Paralysis (other than cerebral palsy),Blindness and vision defects,2,40.81242561323207
Acute phlebitis; thrombophlebitis and thromboembolism | Other specified and unspecified liver disease,I81,Portal vein thrombosis,K766,Portal hypertension,3572,39.24189651281901,60.12156228117466,38.54444458341392,1.5597983816076468,Circulatory,Digestive,Acute phlebitis; thrombophlebitis and thromboembolism,Other specified and unspecified liver disease,6,39.24189651281901
Paralysis (other than cerebral palsy) | Spondylopathies/spondyloarthropathy (including infective),G834,Cauda equina syndrome,M48061,"Spinal stenosis, lumbar region without neurogenic claud",1310,32.83882186236156,47.47143202799878,38.44188048818893,1.2348883932091754,Nervous,Musculoskeletal,Paralysis (other than cerebral palsy),Spondylopathies/spondyloarthropathy (including infective),4,38.77207022364205
Coagulation and hemorrhagic disorders | Systemic lupus erythematosus and connective tissue disorders,D6861,Antiphospholipid syndrome,M329,"Systemic lupus erythematosus, unspecified",1207,45.05242440999424,57.94043163543491,38.24286197658177,1.5150652603070098,Blood/immune,Musculoskeletal,Coagulation and hemorrhagic disorders,Systemic lupus erythematosus and connective tissue disorders,1,45.05242440999424
Inflammatory diseases of female pelvic organs | Unacceptable PDX,N736,Female pelvic peritoneal adhesions (postinfective),Z5331,Laparoscopic surgical procedure converted to open procedure,687,32.98676262337058,36.991094083043365,38.13398119515627,0.9700296932999466,Genitourinary,Factors/status,Inflammatory diseases of female pelvic organs,Unacceptable PDX,1,32.98676262337058
Diverticulosis and diverticulitis | Hemorrhoids,K5730,Dvrtclos of lg int w/o perforation or abscess w/o bleeding,K648,Other hemorrhoids,9616,33.62293285756099,54.52574260512322,37.960458022139456,1.4363826319830622,Digestive,Digestive,Diverticulosis and diverticulitis,Hemorrhoids,9,59.9621125753355
Male reproductive system cancers - prostate | Secondary malignancies,C61,Malignant neoplasm of prostate,C775,Secondary and unsp malignant neoplasm of intrapelv nodes,722,34.81393257267193,43.789217001623335,37.954333879189846,1.1537343045199042,Neoplasm,Neoplasm,Male reproductive system cancers - prostate,Secondary malignancies,3,34.81393257267193
Menstrual disorders | Nutritional anemia,D500,Iron deficiency anemia secondary to blood loss (chronic),N920,Excessive and frequent menstruation with regular cycle,2773,23.97033648613064,30.87672866276495,37.70292080186024,0.8189479224973337,Blood/immune,Genitourinary,Nutritional anemia,Menstrual disorders,1,23.97033648613064
Sleep wake disorders | Unacceptable PDX,G4733,Obstructive sleep apnea (adult) (pediatric),Z9989,Dependence on other enabling machines and devices,13112,11.873163678514816,54.00835678113925,37.52845614118581,1.4391307912575566,Nervous,Factors/status,Sleep wake disorders,Unacceptable PDX,1,11.873163678514816
Other specified diseases of veins and lymphatics | Shock,I8511,Secondary esophageal varices with bleeding,R578,Other shock,896,42.23888411588744,50.0786644638701,37.50099530590744,1.3353956089795125,Circulatory,Symptoms/signs,Other specified diseases of veins and lymphatics,Shock,1,42.23888411588744
"Open wounds of head and neck, initial encounter | Traumatic brain injury (TBI); concussion, initial encounter",S0101XA,"Laceration without foreign body of scalp, initial encounter",S065X9A,"Traum subdr hem w LOC of unsp duration, init",1467,45.8069105611768,56.04940052994655,37.32779841215998,1.5015458428881725,Injury,Injury,"Open wounds of head and neck, initial encounter","Traumatic brain injury (TBI); concussion, initial encounter",9,63.15221358002365
Hepatic failure | Noninfectious hepatitis,K7290,"Hepatic failure, unspecified without coma",K7581,Nonalcoholic steatohepatitis (NASH),4981,37.670927312953815,53.81665066687054,37.32206467988724,1.4419526660290094,Digestive,Digestive,Hepatic failure,Noninfectious hepatitis,3,37.670927312953815
Other specified diseases of veins and lymphatics | Peritonitis and intra-abdominal abscess,I8510,Secondary esophageal varices without bleeding,K652,Spontaneous bacterial peritonitis,916,52.75701751430451,63.52508134496127,37.01103730166061,1.7163820842738453,Circulatory,Digestive,Other specified diseases of veins and lymphatics,Peritonitis and intra-abdominal abscess,1,52.75701751430451
"Effect of foreign body entering opening, initial encounter | Unacceptable PDX",T17890A,"Oth foreign object in oth prt resp tract cause asphyx, init",X58XXXA,"Exposure to other specified factors, initial encounter",1281,32.19965840952131,44.60441154009149,36.68169075974795,1.2159857033917696,Injury/poisoning,External cause,"Effect of foreign body entering opening, initial encounter",Unacceptable PDX,6,35.7652301424608
Hepatic failure | Peritonitis and intra-abdominal abscess,K652,Spontaneous bacterial peritonitis,K7290,"Hepatic failure, unspecified without coma",1714,43.68327713223856,59.16954018282232,36.60595873876717,1.6163909434820902,Digestive,Digestive,Peritonitis and intra-abdominal abscess,Hepatic failure,3,60.36830653061852
"Musculoskeletal pain, not low back pain | Nervous system pain and pain syndromes",G8929,Other chronic pain,M549,"Dorsalgia, unspecified",74207,13.166174820338462,46.77918616656847,36.22281058706527,1.2914289479036931,Nervous,Musculoskeletal,Nervous system pain and pain syndromes,"Musculoskeletal pain, not low back pain",1,13.166174820338462
Unacceptable PDX | Urinary system cancers - kidney,C649,"Malignant neoplasm of unsp kidney, except renal pelvis",Z905,Acquired absence of kidney,1150,40.29849423553315,53.98692460492615,35.955275117247446,1.5015021976296623,Neoplasm,Factors/status,Urinary system cancers - kidney,Unacceptable PDX,3,40.29849423553315
"Malignant neoplasm, unspecified | Secondary malignancies",C787,Secondary malig neoplasm of liver and intrahepatic bile duct,C801,"Malignant (primary) neoplasm, unspecified",1878,34.8243163534179,51.37072434968793,35.762226503676835,1.436452071696552,Neoplasm,Neoplasm,Secondary malignancies,"Malignant neoplasm, unspecified",2,37.1456445382716
Anal and rectal conditions | Diverticulosis and diverticulitis,K5730,Dvrtclos of lg int w/o perforation or abscess w/o bleeding,K621,Rectal polyp,1074,35.29200401705044,49.24037944203194,35.34732288363463,1.3930440957051833,Digestive,Digestive,Diverticulosis and diverticulitis,Anal and rectal conditions,2,35.29200401705044
Other specified status | Paralysis (other than cerebral palsy),G8250,"Quadriplegia, unspecified",Z9911,Dependence on respirator [ventilator] status,1308,37.36646939774989,44.44682178083751,34.9846897220065,1.2704649414935076,Nervous,Factors/status,Paralysis (other than cerebral palsy),Other specified status,1,37.36646939774989
Other general signs and symptoms | Skin/Subcutaneous signs and symptoms,R200,Anesthesia of skin,R29898,Oth symptoms and signs involving the musculoskeletal system,508,35.04141171152263,39.64920608033768,34.9686799903998,1.133849092708757,Symptoms/signs,Symptoms/signs,Skin/Subcutaneous signs and symptoms,Other general signs and symptoms,1,35.04141171152263
Conditions due to neoplasm or the treatment of neoplasm | Diseases of white blood cells,D61810,Antineoplastic chemotherapy induced pancytopenia,D709,"Neutropenia, unspecified",3709,35.793567042292125,47.85608036358625,34.91479433613208,1.370653365529399,Blood/immune,Blood/immune,Conditions due to neoplasm or the treatment of neoplasm,Diseases of white blood cells,2,35.793567042292125
Acute phlebitis; thrombophlebitis and thromboembolism | Other specified diseases of veins and lymphatics,I81,Portal vein thrombosis,I8510,Secondary esophageal varices without bleeding,1267,46.8399208226634,56.76002747959073,34.88536930004952,1.627043904606455,Circulatory,Circulatory,Acute phlebitis; thrombophlebitis and thromboembolism,Other specified diseases of veins and lymphatics,2,46.8399208226634
Septicemia | Urinary tract infections,A4151,Sepsis due to Escherichia coli [E. coli],N10,Acute pyelonephritis,4503,27.18692360730557,35.918326395429844,34.76920316288534,1.033050030717159,Infectious,Genitourinary,Septicemia,Urinary tract infections,10,27.18692360730557
Gastrointestinal and biliary perforation | Postprocedural or postoperative digestive system complication,K631,Perforation of intestine (nontraumatic),K9189,Oth postprocedural complications and disorders of dgstv sys,771,37.33877103464248,42.81185689101331,34.691278450443136,1.2340812677794657,Digestive,Digestive,Gastrointestinal and biliary perforation,Postprocedural or postoperative digestive system complication,1,37.33877103464248
Hematuria | Other specified and unspecified diseases of bladder and urethra,N3289,Other specified disorders of bladder,R310,Gross hematuria,2763,42.19873537466095,56.39214763866281,34.44872516505037,1.6369879398577842,Genitourinary,Symptoms/signs,Other specified and unspecified diseases of bladder and urethra,Hematuria,2,42.19873537466095
Abdominal pain and other digestive/abdomen signs and symptoms | Other specified and unspecified liver disease,K7460,Unspecified cirrhosis of liver,R188,Other ascites,20398,25.503759628004783,47.10883475710581,34.23278389006175,1.3761321576531835,Digestive,Symptoms/signs,Other specified and unspecified liver disease,Abdominal pain and other digestive/abdomen signs and symptoms,13,38.43770647953677
Diabetes mellitus with complication | Other specified status,E1010,Type 1 diabetes mellitus with ketoacidosis without coma,Z794,Long term (current) use of insulin,21710,8.290487166804319,22.314229159706443,34.15135783904392,0.6533921510492755,Endocrine/metabolic,Factors/status,Diabetes mellitus with complication,Other specified status,10,8.290487166804319
Coma; stupor; and brain damage | Other specified status,G931,"Anoxic brain damage, not elsewhere classified",Z9911,Dependence on respirator [ventilator] status,2300,34.32300489988223,42.74037755112859,34.1187882499357,1.2526933031160372,Nervous,Factors/status,Coma; stupor; and brain damage,Other specified status,1,34.32300489988223
Cardiac arrest and ventricular fibrillation | Cardiac dysrhythmias,I472,Ventricular tachycardia,I4901,Ventricular fibrillation,6349,30.19877615500307,52.4065753335717,34.06221887520591,1.5385543591735522,Circulatory,Circulatory,Cardiac dysrhythmias,Cardiac arrest and ventricular fibrillation,2,30.19877615500307
Conditions due to neoplasm or the treatment of neoplasm | Drug induced or toxic related condition,G893,Neoplasm related pain (acute) (chronic),K5903,Drug induced constipation,4834,31.23811161758593,42.86894165639431,33.91904764924602,1.263860415531072,Nervous,Digestive,Conditions due to neoplasm or the treatment of neoplasm,Drug induced or toxic related condition,4,31.23811161758593
Septicemia | Unacceptable PDX,A419,"Sepsis, unspecified organism",R6521,Severe sepsis with septic shock,83749,11.69371045414894,43.22265166431292,33.375144187902585,1.2950551290795544,Infectious,Symptoms/signs,Septicemia,Unacceptable PDX,36,26.4710331251306
Acute phlebitis; thrombophlebitis and thromboembolism | Acute pulmonary embolism,I2699,Other pulmonary embolism without acute cor pulmonale,I82412,Acute embolism and thrombosis of left femoral vein,3612,29.952630186757112,43.29306246198864,33.36743105058346,1.2974646563698111,Circulatory,Circulatory,Acute pulmonary embolism,Acute phlebitis; thrombophlebitis and thromboembolism,9,38.77686054553252
Osteomyelitis | Skin and subcutaneous tissue infections,L03115,Cellulitis of right lower limb,M86171,"Other acute osteomyelitis, right ankle and foot",3477,29.04464428281964,48.87205281339004,33.16591030407762,1.4735628350107854,Skin,Musculoskeletal,Skin and subcutaneous tissue infections,Osteomyelitis,20,142.3846037189377
Dysphagia | Sequela of cerebral infarction and other cerebrovascular disease,I69391,Dysphagia following cerebral infarction,R1310,"Dysphagia, unspecified",7822,24.751955367154075,53.1613854977377,33.15643678188692,1.6033503795190478,Circulatory,Symptoms/signs,Sequela of cerebral infarction and other cerebrovascular disease,Dysphagia,10,41.34330969946623
Postprocedural or postoperative digestive system complication | Unacceptable PDX,K9423,Gastrostomy malfunction,Z930,Tracheostomy status,923,34.59275951151262,40.52897407364767,33.103275310134606,1.224319155550136,Digestive,Factors/status,Postprocedural or postoperative digestive system complication,Unacceptable PDX,6,63.59126395245769
Depressive disorders | Suicidal ideation/attempt/intentional self-harm,F332,"Major depressv disorder, recurrent severe w/o psych features",R45851,Suicidal ideations,30582,23.961964989392005,63.07536709021621,32.91022353264637,1.9165888383482577,Mental/behavioural,Symptoms/signs,Depressive disorders,Suicidal ideation/attempt/intentional self-harm,7,23.961964989392005
Aplastic anemia | Leukemia - acute myeloid leukemia (AML),C9200,"Acute myeloblastic leukemia, not having achieved remission",D61818,Other pancytopenia,2773,29.418737676291,42.78613894463767,32.89827277000896,1.3005588239770078,Neoplasm,Blood/immune,Leukemia - acute myeloid leukemia (AML),Aplastic anemia,1,29.418737676291
Hepatic failure | Other specified and unspecified nutritional and metabolic disorders,E7220,"Disorder of urea cycle metabolism, unspecified",K7290,"Hepatic failure, unspecified without coma",2293,37.09128866093639,48.82769097121671,32.81445567923979,1.4879933236895886,Endocrine/metabolic,Digestive,Other specified and unspecified nutritional and metabolic disorders,Hepatic failure,5,37.09128866093639
Hepatic failure | Shock,K7200,Acute and subacute hepatic failure without coma,R570,Cardiogenic shock,6032,31.14822520316257,44.03416566306397,32.73119303344173,1.3453272423670566,Digestive,Symptoms/signs,Hepatic failure,Shock,5,31.14822520316257
Cerebral infarction | Unacceptable PDX,I639,"Cerebral infarction, unspecified",R29700,NIHSS score 0,3750,33.93609458830545,49.00170359296307,32.71017316201862,1.4980569913295765,Circulatory,Symptoms/signs,Cerebral infarction,Unacceptable PDX,34,55.33122734613509
Nervous system signs and symptoms | Pressure ulcer of skin,L89154,"Pressure ulcer of sacral region, stage 4",R532,Functional quadriplegia,1445,37.29541270461362,44.62281698372804,32.28880108695286,1.3819905193618065,Skin,Symptoms/signs,Pressure ulcer of skin,Nervous system signs and symptoms,3,37.29541270461362
Obesity | Unacceptable PDX,E6601,Morbid (severe) obesity due to excess calories,Z6841,"Body mass index [BMI]40.0-44.9, adult",127439,11.133702212305634,45.76111074910355,32.12751395585126,1.4243589096867937,Endocrine/metabolic,Factors/status,Obesity,Unacceptable PDX,25,54.112043003350045
Benign neoplasms | Other specified and unspecified gastrointestinal disorders,K5521,Angiodysplasia of colon with hemorrhage,K635,Polyp of colon,578,45.3577661390465,52.404620564353365,31.92987492837816,1.6412410221431206,Digestive,Digestive,Other specified and unspecified gastrointestinal disorders,Benign neoplasms,1,45.3577661390465
"Complication of genitourinary device, implant or graft, initial encounter | Other specified and unspecified diseases of bladder and urethra",N319,"Neuromuscular dysfunction of bladder, unspecified",T83511A,"I/I react d/t indwelling urethral catheter, init",4418,29.33579064544091,39.41281783006289,31.80945130612264,1.2390285343424572,Genitourinary,Injury/poisoning,Other specified and unspecified diseases of bladder and urethra,"Complication of genitourinary device, implant or graft, initial encounter",2,41.52216816789972
Chronic kidney disease | Other specified and unspecified diseases of kidney and ureters,I132,Hyp hrt & chr kdny dis w hrt fail and w stg 5 chr kdny/ESRD,N2581,Secondary hyperparathyroidism of renal origin,23594,22.731958543631155,43.520535718549695,31.7016946586016,1.372814172467001,Circulatory,Genitourinary,Chronic kidney disease,Other specified and unspecified diseases of kidney and ureters,5,25.70862745692976
Coma; stupor; and brain damage | Other nervous system disorders (neither hereditary nor degenerative),G936,Cerebral edema,R4020,Unspecified coma,1036,30.99965442086831,39.51337664264724,31.605797286710924,1.2501939528436183,Nervous,Symptoms/signs,Other nervous system disorders (neither hereditary nor degenerative),Coma; stupor; and brain damage,3,45.747657860779455
Acute phlebitis; thrombophlebitis and thromboembolism | Skin and subcutaneous tissue infections,I808,Phlebitis and thrombophlebitis of other sites,L03113,Cellulitis of right upper limb,609,35.31843097530317,40.07859223882286,31.402692144031096,1.2762788634490003,Circulatory,Skin,Acute phlebitis; thrombophlebitis and thromboembolism,Skin and subcutaneous tissue infections,2,35.31843097530317
"Fracture of torso, initial encounter | Nervous system pain and pain syndromes",G8911,Acute pain due to trauma,S2242XA,"Multiple fractures of ribs, left side, init for clos fx",794,37.24773442123338,42.572429379287534,31.378472539853888,1.3567400173866389,Nervous,Injury,Nervous system pain and pain syndromes,"Fracture of torso, initial encounter",1,37.24773442123338
Peritonitis and intra-abdominal abscess | Postprocedural or postoperative digestive system complication,K651,Peritoneal abscess,K9189,Oth postprocedural complications and disorders of dgstv sys,1355,33.39395866319178,39.27844733234564,31.29737506914552,1.2550077201544056,Digestive,Digestive,Peritonitis and intra-abdominal abscess,Postprocedural or postoperative digestive system complication,2,33.39395866319178
Coagulation and hemorrhagic disorders | Conditions due to neoplasm or the treatment of neoplasm,D6481,Anemia due to antineoplastic chemotherapy,D6959,Other secondary thrombocytopenia,4747,27.17059403530568,37.893622205169066,31.119601014020063,1.217676993612391,Blood/immune,Blood/immune,Conditions due to neoplasm or the treatment of neoplasm,Coagulation and hemorrhagic disorders,2,27.17059403530568
Other specified and unspecified diseases of bladder and urethra | Pressure ulcer of skin,L89154,"Pressure ulcer of sacral region, stage 4",N319,"Neuromuscular dysfunction of bladder, unspecified",3189,28.748270535464176,37.29547847145808,31.094442620438777,1.19942585646939,Skin,Genitourinary,Pressure ulcer of skin,Other specified and unspecified diseases of bladder and urethra,3,28.748270535464176
Acute posthemorrhagic anemia | Other specified diseases of veins and lymphatics,D62,Acute posthemorrhagic anemia,I8511,Secondary esophageal varices with bleeding,5034,11.579892919385232,34.02276854979483,31.05023237494326,1.0957331378057684,Blood/immune,Circulatory,Acute posthemorrhagic anemia,Other specified diseases of veins and lymphatics,1,11.579892919385232
Acute bronchitis | Chronic obstructive pulmonary disease and bronchiectasis,J209,"Acute bronchitis, unspecified",J440,Chr obstructive pulmon disease with (acute) lower resp infct,26571,19.42230371306382,43.37999478503564,31.03765957665097,1.3976567620346465,Respiratory,Respiratory,Acute bronchitis,Chronic obstructive pulmonary disease and bronchiectasis,4,19.42230371306382
Esophageal disorders | HIV infection,B20,Human immunodeficiency virus [HIV] disease,B3781,Candidal esophagitis,911,30.908655227249568,35.51475653761162,30.77412777562717,1.154045917939516,Infectious,Infectious,HIV infection,Esophageal disorders,1,30.908655227249568
Abdominal pain and other digestive/abdomen signs and symptoms | Noninfectious hepatitis,K7581,Nonalcoholic steatohepatitis (NASH),R188,Other ascites,7243,27.07669955068912,41.58477322273375,30.731370977333288,1.3531701287718556,Digestive,Symptoms/signs,Noninfectious hepatitis,Abdominal pain and other digestive/abdomen signs and symptoms,3,27.07669955068912
Nervous system signs and symptoms | Postprocedural or postoperative digestive system complication,K9423,Gastrostomy malfunction,R532,Functional quadriplegia,566,33.412080564988926,37.27401955105555,30.53944406465344,1.2205205658670373,Digestive,Symptoms/signs,Postprocedural or postoperative digestive system complication,Nervous system signs and symptoms,1,33.412080564988926
Conditions due to neoplasm or the treatment of neoplasm | Non-Hodgkin lymphoma,C8330,"Diffuse large B-cell lymphoma, unspecified site",D61810,Antineoplastic chemotherapy induced pancytopenia,875,33.468562656642355,40.1365529106799,30.498508246468948,1.316016920772734,Neoplasm,Blood/immune,Non-Hodgkin lymphoma,Conditions due to neoplasm or the treatment of neoplasm,2,38.3309002884482
Multiple sclerosis | Other specified and unspecified diseases of bladder and urethra,G35,Multiple sclerosis,N319,"Neuromuscular dysfunction of bladder, unspecified",4691,24.27800202756693,31.64198251842564,30.47470992876316,1.0383029926253955,Nervous,Genitourinary,Multiple sclerosis,Other specified and unspecified diseases of bladder and urethra,1,24.27800202756693
Cerebral palsy | Nervous system signs and symptoms,G809,"Cerebral palsy, unspecified",R532,Functional quadriplegia,575,19.820078555518183,21.44451727999725,30.346794849592207,0.7066485072404743,Nervous,Symptoms/signs,Cerebral palsy,Nervous system signs and symptoms,1,19.820078555518183
Unacceptable PDX | Urinary system cancers - bladder,C679,"Malignant neoplasm of bladder, unspecified",Z936,Other artificial openings of urinary tract status,855,41.964762817476895,48.58584886986821,30.2584320880332,1.6056961817622817,Neoplasm,Factors/status,Urinary system cancers - bladder,Unacceptable PDX,2,41.964762817476895
Gastrointestinal cancers - liver | Hepatic failure,C220,Liver cell carcinoma,K7290,"Hepatic failure, unspecified without coma",2046,37.64314658183925,49.3966257258681,30.14372320879393,1.6387035331938509,Neoplasm,Digestive,Gastrointestinal cancers - liver,Hepatic failure,2,37.64314658183925
Bipolar and related disorders | Suicidal ideation/attempt/intentional self-harm,F314,"Bipolar disord, crnt epsd depress, sev, w/o psych features",R45851,Suicidal ideations,3427,24.781211534684843,56.42860707914943,30.1102151989658,1.874068541399452,Mental/behavioural,Symptoms/signs,Bipolar and related disorders,Suicidal ideation/attempt/intentional self-harm,4,24.781211534684843
Abnormal findings without diagnosis | Endocarditis and endocardial disease,I330,Acute and subacute infective endocarditis,R7881,Bacteremia,2362,26.851336134517,34.19599825791631,30.05955955252729,1.1376080942956213,Circulatory,Symptoms/signs,Endocarditis and endocardial disease,Abnormal findings without diagnosis,1,26.851336134517
Hemorrhoids | Other specified and unspecified gastrointestinal disorders,K5521,Angiodysplasia of colon with hemorrhage,K648,Other hemorrhoids,1050,36.735203431641125,46.457954149814746,30.03447365493512,1.546820985896685,Digestive,Digestive,Other specified and unspecified gastrointestinal disorders,Hemorrhoids,3,38.17809831361914
Postprocedural or postoperative respiratory system complication | Respiratory cancers,C3411,"Malignant neoplasm of upper lobe, right bronchus or lung",J95811,Postprocedural pneumothorax,660,40.348372179741645,45.75484609612982,29.82251882943935,1.5342381492928372,Neoplasm,Respiratory,Respiratory cancers,Postprocedural or postoperative respiratory system complication,1,40.348372179741645
"Complication of genitourinary device, implant or graft, initial encounter | Paralysis (other than cerebral palsy)",G8220,"Paraplegia, unspecified",T83511A,"I/I react d/t indwelling urethral catheter, init",2198,26.65823440231372,32.0579728491938,29.676887745173712,1.080233652681701,Nervous,Injury/poisoning,Paralysis (other than cerebral palsy),"Complication of genitourinary device, implant or graft, initial encounter",4,36.05287562207118
Benign neoplasms | Diverticulosis and diverticulitis,K5730,Dvrtclos of lg int w/o perforation or abscess w/o bleeding,K635,Polyp of colon,4038,31.6692750713183,44.927025380286,29.56770567351964,1.5194626825753992,Digestive,Digestive,Diverticulosis and diverticulitis,Benign neoplasms,10,57.369683828917296
Paralysis (other than cerebral palsy) | Unacceptable PDX,G8220,"Paraplegia, unspecified",Z993,Dependence on wheelchair,3373,25.189082665125405,31.82509656719999,29.524695248133625,1.0779144814106687,Nervous,Factors/status,Paralysis (other than cerebral palsy),Unacceptable PDX,46,49.19447929355624
Gastrointestinal cancers - liver | Other specified diseases of veins and lymphatics,C220,Liver cell carcinoma,I8510,Secondary esophageal varices without bleeding,1013,42.11822911629984,49.60179000139597,29.37309702934378,1.688680970612111,Neoplasm,Circulatory,Gastrointestinal cancers - liver,Other specified diseases of veins and lymphatics,2,42.11822911629984
Acute hemorrhagic cerebrovascular disease | Hypertension with complications and secondary hypertension,I161,Hypertensive emergency,I615,"Nontraumatic intracerebral hemorrhage, intraventricular",1484,28.282389867918152,37.02318027709912,29.323956282396097,1.262557477598105,Circulatory,Circulatory,Hypertension with complications and secondary hypertension,Acute hemorrhagic cerebrovascular disease,6,38.43502295331794
Other specified and unspecified upper respiratory disease | Unacceptable PDX,J398,Other specified diseases of upper respiratory tract,Z930,Tracheostomy status,690,34.16211369887336,39.56889258487973,29.20867354802988,1.3546966629557422,Respiratory,Factors/status,Other specified and unspecified upper respiratory disease,Unacceptable PDX,1,34.16211369887336
Acute posthemorrhagic anemia | Other specified injury,D62,Acute posthemorrhagic anemia,T794XXA,"Traumatic shock, initial encounter",2228,10.707336528415954,27.00786567337485,29.196974171049416,0.9250227614392592,Blood/immune,Injury/poisoning,Acute posthemorrhagic anemia,Other specified injury,1,10.707336528415954
Aplastic anemia | Myelodysplastic syndrome (MDS),D469,"Myelodysplastic syndrome, unspecified",D61818,Other pancytopenia,3786,25.916841157590287,36.4546739760281,29.160020407649483,1.2501594123186903,Neoplasm,Blood/immune,Myelodysplastic syndrome (MDS),Aplastic anemia,1,25.916841157590287
Other specified status | Postprocedural or postoperative digestive system complication,K9423,Gastrostomy malfunction,Z9911,Dependence on respirator [ventilator] status,688,31.482562526149028,35.59873227785243,29.09449088774604,1.22355577264443,Digestive,Factors/status,Postprocedural or postoperative digestive system complication,Other specified status,1,31.482562526149028
Genitourinary signs and symptoms | Hyperplasia of prostate,N401,Benign prostatic hyperplasia with lower urinary tract symp,R350,Frequency of micturition,5091,25.71108700782712,40.64988005082878,29.075844823324555,1.3980635918864022,Genitourinary,Symptoms/signs,Hyperplasia of prostate,Genitourinary signs and symptoms,2,25.71108700782712
Benign neoplasms | Menopausal disorders,D259,"Leiomyoma of uterus, unspecified",N950,Postmenopausal bleeding,776,42.0549835536308,52.482277914599344,29.01364009717769,1.8088829164081544,Neoplasm,Genitourinary,Benign neoplasms,Menopausal disorders,1,42.0549835536308
Acute hemorrhagic cerebrovascular disease | Nervous system signs and symptoms,I611,"Nontraumatic intcrbl hemorrhage in hemisphere, cortical",R4701,Aphasia,1596,30.612455225665247,42.01559846356262,28.956948584376736,1.4509677475558136,Circulatory,Symptoms/signs,Acute hemorrhagic cerebrovascular disease,Nervous system signs and symptoms,16,41.72323060669786
Non-pressure ulcer of skin | Osteomyelitis,L97519,Non-prs chronic ulcer oth prt right foot w unsp severity,M869,"Osteomyelitis, unspecified",2881,35.808639277644644,46.08648083336116,28.89899603283822,1.5947433184527458,Skin,Musculoskeletal,Non-pressure ulcer of skin,Osteomyelitis,12,86.39234939117605
Cerebral infarction | Paralysis (other than cerebral palsy),G8194,"Hemiplegia, unspecified affecting left nondominant side",I639,"Cerebral infarction, unspecified",8708,27.705416103252425,41.42780373697876,28.48182288845929,1.45453484136948,Nervous,Circulatory,Paralysis (other than cerebral palsy),Cerebral infarction,12,97.55470127442226
Sequela of cerebral infarction and other cerebrovascular disease | Unacceptable PDX,I69391,Dysphagia following cerebral infarction,Z931,Gastrostomy status,2632,21.981983308836742,27.675611751585656,28.13204808614417,0.98377521845687,Circulatory,Factors/status,Sequela of cerebral infarction and other cerebrovascular disease,Unacceptable PDX,5,21.981983308836742
Diabetes mellitus with complication | Nephritis; nephrosis; renal sclerosis,E1121,Type 2 diabetes mellitus with diabetic nephropathy,N049,Nephrotic syndrome with unspecified morphologic changes,697,23.296400437975407,28.18118148425601,28.11243809579548,1.0024453015503776,Endocrine/metabolic,Genitourinary,Diabetes mellitus with complication,Nephritis; nephrosis; renal sclerosis,1,23.296400437975407
Regional enteritis and ulcerative colitis | Unacceptable PDX,K5090,"Crohn's disease, unspecified, without complications",Z932,Ileostomy status,1493,28.661472407780884,33.702375047590785,28.111554974267463,1.198879787277545,Digestive,Factors/status,Regional enteritis and ulcerative colitis,Unacceptable PDX,2,28.661472407780884
Other specified and unspecified gastrointestinal disorders | Pressure ulcer of skin,K592,"Neurogenic bowel, not elsewhere classified",L89154,"Pressure ulcer of sacral region, stage 4",530,27.66908745051052,30.607133512050044,28.092405180937504,1.0895163057387107,Digestive,Skin,Other specified and unspecified gastrointestinal disorders,Pressure ulcer of skin,1,27.66908745051052
Gastrointestinal cancers - liver | Other specified and unspecified liver disease,C220,Liver cell carcinoma,K7460,Unspecified cirrhosis of liver,3304,30.425054049861348,46.36025948897012,28.023975362214447,1.6543070313813872,Neoplasm,Digestive,Gastrointestinal cancers - liver,Other specified and unspecified liver disease,6,53.23460363244143
"Abnormal findings without diagnosis | Complication of other surgical or medical care, injury, initial encounter",R7881,Bacteremia,T80211A,"Bloodstream infection due to central venous catheter, init",1626,25.3829074356248,31.44513428909504,28.02154964877033,1.1221768490050277,Symptoms/signs,Injury/poisoning,Abnormal findings without diagnosis,"Complication of other surgical or medical care, injury, initial encounter",1,25.3829074356248
Coma; stupor; and brain damage | Shock,G931,"Anoxic brain damage, not elsewhere classified",R570,Cardiogenic shock,3656,27.4620569874992,35.36335172368899,27.937448737008463,1.2658046214808265,Nervous,Symptoms/signs,Coma; stupor; and brain damage,Shock,3,34.65593218869864
Coma; stupor; and brain damage | Postprocedural or postoperative respiratory system complication,G931,"Anoxic brain damage, not elsewhere classified",J95851,Ventilator associated pneumonia,534,32.60498295086263,37.45796594449583,27.93306637034885,1.340990117155835,Nervous,Respiratory,Coma; stupor; and brain damage,Postprocedural or postoperative respiratory system complication,1,32.60498295086263
Noninfectious hepatitis | Unacceptable PDX,K7581,Nonalcoholic steatohepatitis (NASH),Z7682,Awaiting organ transplant status,807,31.025214513574667,35.86268062488398,27.867689150095696,1.286891081342524,Digestive,Factors/status,Noninfectious hepatitis,Unacceptable PDX,2,31.025214513574667
Drug induced or toxic related condition | Encounter for antineoplastic therapies,G620,Drug-induced polyneuropathy,Z5111,Encounter for antineoplastic chemotherapy,913,30.8713361763732,36.27584086212974,27.75122504671588,1.307179802011035,Nervous,Factors/status,Drug induced or toxic related condition,Encounter for antineoplastic therapies,1,30.8713361763732
Medical examination/evaluation | Nonrheumatic and unspecified valve disorders,I350,Nonrheumatic aortic (valve) stenosis,Z006,Encntr for exam for nrml cmprsn and ctrl in clncl rsrch prog,10973,28.25261417606114,51.41724489502051,27.3344288875576,1.881043321099904,Circulatory,Factors/status,Nonrheumatic and unspecified valve disorders,Medical examination/evaluation,3,44.7282061773764
"Internal organ injury, initial encounter | Nervous system pain and pain syndromes",G8911,Acute pain due to trauma,S270XXA,"Traumatic pneumothorax, initial encounter",641,39.188661185886886,44.22065323445527,27.31191598007777,1.6190974396198092,Nervous,Injury,Nervous system pain and pain syndromes,"Internal organ injury, initial encounter",1,39.188661185886886
Non-pressure ulcer of skin | Postthrombotic syndrome and venous insufficiency/hypertension,I872,Venous insufficiency (chronic) (peripheral),L97929,Non-prs chronic ulc unsp prt of l low leg w unsp severity,2290,30.40378395346444,40.66010121297828,27.291945586785868,1.489820543708872,Circulatory,Skin,Postthrombotic syndrome and venous insufficiency/hypertension,Non-pressure ulcer of skin,4,30.75048606671129
"Internal organ injury, initial encounter | Traumatic brain injury (TBI); concussion, initial encounter",S066X9A,"Traum subrac hem w LOC of unsp duration, init",S270XXA,"Traumatic pneumothorax, initial encounter",584,37.55967705162234,42.04814338461715,27.00237415378917,1.557201716602266,Injury,Injury,"Traumatic brain injury (TBI); concussion, initial encounter","Internal organ injury, initial encounter",1,37.55967705162234
Acute hemorrhagic cerebrovascular disease | Paralysis (other than cerebral palsy),G8194,"Hemiplegia, unspecified affecting left nondominant side",I619,"Nontraumatic intracerebral hemorrhage, unspecified",1283,30.88892338882933,38.49169091351455,26.98055732677297,1.42664550799768,Nervous,Circulatory,Paralysis (other than cerebral palsy),Acute hemorrhagic cerebrovascular disease,12,50.00738430917113
Non-pressure ulcer of skin | Skin and subcutaneous tissue infections,L03115,Cellulitis of right lower limb,L97519,Non-prs chronic ulcer oth prt right foot w unsp severity,8579,24.237639351195856,38.94152730055763,26.9498448985723,1.444962946804217,Skin,Skin,Skin and subcutaneous tissue infections,Non-pressure ulcer of skin,18,86.96232300367188
Chronic kidney disease | Systemic lupus erythematosus and connective tissue disorders,M3214,Glomerular disease in systemic lupus erythematosus,N186,End stage renal disease,2225,13.07718494891308,21.321082178377907,26.90177295548184,0.7925530489630148,Musculoskeletal,Genitourinary,Systemic lupus erythematosus and connective tissue disorders,Chronic kidney disease,3,13.285354021672934
Diabetes mellitus with complication | Other specified connective tissue disease,E1152,Type 2 diabetes w diabetic peripheral angiopathy w gangrene,M726,Necrotizing fasciitis,767,31.474345485482715,37.362643708984045,26.66009323219286,1.401444600496278,Endocrine/metabolic,Musculoskeletal,Diabetes mellitus with complication,Other specified connective tissue disease,3,31.474345485482715
Obesity | Pulmonary heart disease,E662,Morbid (severe) obesity with alveolar hypoventilation,I2781,Cor pulmonale (chronic),1790,28.02247354027736,34.516902617419724,26.507622843603475,1.3021500577804157,Endocrine/metabolic,Circulatory,Obesity,Pulmonary heart disease,4,28.02247354027736
Coma; stupor; and brain damage | Hepatic failure,G931,"Anoxic brain damage, not elsewhere classified",K7200,Acute and subacute hepatic failure without coma,3341,26.92925955948055,34.10485073754675,26.438738899788948,1.28995754550982,Nervous,Digestive,Coma; stupor; and brain damage,Hepatic failure,1,26.92925955948055
Leukemia - acute myeloid leukemia (AML) | Myelodysplastic syndrome (MDS),C9200,"Acute myeloblastic leukemia, not having achieved remission",D469,"Myelodysplastic syndrome, unspecified",658,33.325185370544474,37.38049351620367,26.419639612095825,1.414875224077227,Neoplasm,Neoplasm,Leukemia - acute myeloid leukemia (AML),Myelodysplastic syndrome (MDS),1,33.325185370544474
Acute posthemorrhagic anemia | Other specified and unspecified disorders of stomach and duodenum,D62,Acute posthemorrhagic anemia,K31811,Angiodysplasia of stomach and duodenum with bleeding,5150,11.838786435591777,36.49345625292533,26.405274327972464,1.382051774946566,Blood/immune,Digestive,Acute posthemorrhagic anemia,Other specified and unspecified disorders of stomach and duodenum,1,11.838786435591777
"Complication of genitourinary device, implant or graft, initial encounter | Pressure ulcer of skin",L89154,"Pressure ulcer of sacral region, stage 4",T83511A,"I/I react d/t indwelling urethral catheter, init",1867,28.980864992880907,34.68696871610183,26.18631499531232,1.3246219913840964,Skin,Injury/poisoning,Pressure ulcer of skin,"Complication of genitourinary device, implant or graft, initial encounter",4,28.980864992880907
Myelodysplastic syndrome (MDS) | Unacceptable PDX,D469,"Myelodysplastic syndrome, unspecified",R5081,Fever presenting with conditions classified elsewhere,1078,19.077776611438416,21.320048822043248,26.01778455728473,0.8194413623151412,Neoplasm,Symptoms/signs,Myelodysplastic syndrome (MDS),Unacceptable PDX,2,19.077776611438416
Nephritis; nephrosis; renal sclerosis | Other specified and unspecified nutritional and metabolic disorders,E8809,"Oth disorders of plasma-protein metabolism, NEC",N049,Nephrotic syndrome with unspecified morphologic changes,691,25.17302004844253,30.450815609918376,25.95981377816329,1.1729982298845607,Endocrine/metabolic,Genitourinary,Other specified and unspecified nutritional and metabolic disorders,Nephritis; nephrosis; renal sclerosis,1,25.17302004844253
Hypotension | Other specified and unspecified diseases of kidney and ureters,I953,Hypotension of hemodialysis,N2581,Secondary hyperparathyroidism of renal origin,1525,26.49285053958067,36.02840468391639,25.860241155845515,1.3931967790552655,Circulatory,Genitourinary,Hypotension,Other specified and unspecified diseases of kidney and ureters,1,26.49285053958067
Intestinal infection | Other specified and unspecified gastrointestinal disorders,A09,"Infectious gastroenteritis and colitis, unspecified",K559,"Vascular disorder of intestine, unspecified",596,29.765006246639587,32.902284287299466,25.757131880235875,1.2774048151124409,Infectious,Digestive,Intestinal infection,Other specified and unspecified gastrointestinal disorders,1,29.765006246639587
CNS abscess | Unacceptable PDX,B9561,Methicillin suscep staph infct causing dis classd elswhr,G061,Intraspinal abscess and granuloma,729,29.329028123414307,34.91952668150193,25.70401908210831,1.358523994631183,Infectious,Nervous,Unacceptable PDX,CNS abscess,1,29.329028123414307
"Complication of cardiovascular device, implant or graft, initial encounter | Other specified and unspecified circulatory disease",I998,Other disorder of circulatory system,T82868A,"Thrombosis due to vascular prosth dev/grft, init",539,30.39095194878629,33.58963992892717,25.62717348835023,1.3107040440568511,Circulatory,Injury/poisoning,Other specified and unspecified circulatory disease,"Complication of cardiovascular device, implant or graft, initial encounter",1,30.39095194878629
Skin/Subcutaneous signs and symptoms | Unacceptable PDX,R200,Anesthesia of skin,R29701,NIHSS score 1,856,26.95792224257457,30.31990053519081,25.50227170902933,1.1889097912973672,Symptoms/signs,Symptoms/signs,Skin/Subcutaneous signs and symptoms,Unacceptable PDX,5,26.95792224257457
Other nervous system disorders (neither hereditary nor degenerative) | Suicidal ideation/attempt/intentional self-harm,G92,Toxic encephalopathy,T424X2A,"Poisoning by benzodiazepines, intentional self-harm, init",1161,17.329438654135934,22.714094775002582,25.44647253970021,0.8926225330275259,Nervous,Injury/poisoning,Other nervous system disorders (neither hereditary nor degenerative),Suicidal ideation/attempt/intentional self-harm,2,17.329438654135934
Cerebral infarction | Nervous system signs and symptoms,I639,"Cerebral infarction, unspecified",R29810,Facial weakness,10343,25.404283322200023,38.44293666517738,25.435929991134408,1.5113635191863048,Circulatory,Symptoms/signs,Cerebral infarction,Nervous system signs and symptoms,38,137.57059794482922
Fluid and electrolyte disorders | Postprocedural or postoperative respiratory system complication,E870,Hyperosmolality and hypernatremia,J95851,Ventilator associated pneumonia,1554,18.60933994974232,27.5867290670842,25.30822474944036,1.0900301913785646,Endocrine/metabolic,Respiratory,Fluid and electrolyte disorders,Postprocedural or postoperative respiratory system complication,1,18.60933994974232
Drug induced or toxic related condition | Stimulant-related disorders,F1510,"Other stimulant abuse, uncomplicated",I427,Cardiomyopathy due to drug and external agent,912,33.35416518493168,43.39339520687464,25.281836843740308,1.7163861738004489,Mental/behavioural,Circulatory,Stimulant-related disorders,Drug induced or toxic related condition,1,33.35416518493168
Non-pressure ulcer of skin | Other specified diseases of veins and lymphatics,I878,Other specified disorders of veins,L97929,Non-prs chronic ulc unsp prt of l low leg w unsp severity,1226,31.46778125958985,37.286820273148216,25.108662813691,1.4850181608562931,Circulatory,Skin,Other specified diseases of veins and lymphatics,Non-pressure ulcer of skin,4,31.46778125958985
Blindness and vision defects | Other nervous system disorders (neither hereditary nor degenerative),G936,Cerebral edema,H53462,"Homonymous bilateral field defects, left side",655,26.711436274748124,32.627206009770624,25.091951017740246,1.3003056632265415,Nervous,Eye/ear,Other nervous system disorders (neither hereditary nor degenerative),Blindness and vision defects,1,26.711436274748124
Biliary tract disease | Postprocedural or postoperative digestive system complication,K838,Other specified diseases of biliary tract,K9189,Oth postprocedural complications and disorders of dgstv sys,730,26.42303396859922,29.372934643632057,24.963743664921115,1.176623788398641,Digestive,Digestive,Biliary tract disease,Postprocedural or postoperative digestive system complication,2,26.42303396859922
Abdominal pain and other digestive/abdomen signs and symptoms | Acute phlebitis; thrombophlebitis and thromboembolism,I81,Portal vein thrombosis,R188,Other ascites,2986,24.145513412836944,33.484523157889626,24.700062416716115,1.3556452851401908,Circulatory,Symptoms/signs,Acute phlebitis; thrombophlebitis and thromboembolism,Abdominal pain and other digestive/abdomen signs and symptoms,1,24.145513412836944
Abnormal findings without diagnosis | Unacceptable PDX,B9561,Methicillin suscep staph infct causing dis classd elswhr,R7881,Bacteremia,5244,22.005550555259543,28.704741247988725,24.654461616069447,1.1642818121519782,Infectious,Symptoms/signs,Unacceptable PDX,Abnormal findings without diagnosis,3,22.005550555259543
Personality disorders | Unacceptable PDX,F603,Borderline personality disorder,Z915,Personal history of self-harm,6831,29.94873277090064,45.75333042834297,24.587689476670363,1.86082268818936,Mental/behavioural,Factors/status,Personality disorders,Unacceptable PDX,6,29.94873277090064
Gastrointestinal cancers - liver | Hepatitis,B182,Chronic viral hepatitis C,C220,Liver cell carcinoma,2061,29.54903912831946,38.31138493175913,24.525971723086624,1.5620740888197353,Infectious,Neoplasm,Hepatitis,Gastrointestinal cancers - liver,2,29.54903912831946
Blindness and vision defects | Sequela of cerebral infarction and other cerebrovascular disease,H538,Other visual disturbances,I69398,Other sequelae of cerebral infarction,930,25.07921038581344,28.147859930286664,24.402989860119565,1.1534594773686782,Eye/ear,Circulatory,Blindness and vision defects,Sequela of cerebral infarction and other cerebrovascular disease,3,53.14558922173264
Influenza | Septicemia,A4189,Other specified sepsis,J101,Flu due to oth ident influenza virus w oth resp manifest,1693,23.612376869879256,27.4880178576317,24.344967140420728,1.129104742638673,Infectious,Respiratory,Septicemia,Influenza,3,39.50298857215869
Non-pressure ulcer of skin | Unacceptable PDX,L97519,Non-prs chronic ulcer oth prt right foot w unsp severity,Z89421,Acquired absence of other right toe(s),1649,34.18695832711051,41.5549903097144,24.33062342533078,1.7079295332174351,Skin,Factors/status,Non-pressure ulcer of skin,Unacceptable PDX,10,41.1266836277478
Cardiac arrest and ventricular fibrillation | Other nervous system disorders (often hereditary or degenerative),G253,Myoclonus,I469,"Cardiac arrest, cause unspecified",858,26.42974619348939,30.582356478621485,24.193348028945184,1.2640812029005832,Nervous,Circulatory,Other nervous system disorders (often hereditary or degenerative),Cardiac arrest and ventricular fibrillation,1,26.42974619348939
Abnormal findings without diagnosis | CNS abscess,G061,Intraspinal abscess and granuloma,R7881,Bacteremia,815,24.418005534397253,29.518011605001806,24.17154737529314,1.2211883313342833,Nervous,Symptoms/signs,CNS abscess,Abnormal findings without diagnosis,1,24.418005534397253
Acute posthemorrhagic anemia | Shock,D62,Acute posthemorrhagic anemia,R578,Other shock,12738,10.82288269468272,28.50552691222552,23.95322795662001,1.1900494982909964,Blood/immune,Symptoms/signs,Acute posthemorrhagic anemia,Shock,1,10.82288269468272
Infective arthritis | Osteomyelitis,M009,"Pyogenic arthritis, unspecified",M869,"Osteomyelitis, unspecified",931,30.438624274682823,34.94025227075883,23.93982755887997,1.4595030889350953,Musculoskeletal,Musculoskeletal,Infective arthritis,Osteomyelitis,1,30.438624274682823
"Aspiration pneumonitis | Poisoning by drugs, initial encounter",J690,Pneumonitis due to inhalation of food and vomit,T401X1A,"Poisoning by heroin, accidental (unintentional), init encntr",1107,14.68595000856237,20.421397984059418,23.82562448436213,0.8571191070967702,Respiratory,Injury/poisoning,Aspiration pneumonitis,"Poisoning by drugs, initial encounter",3,14.68595000856237
Other specified and unspecified diseases of bladder and urethra | Other specified and unspecified diseases of kidney and ureters,N1330,Unspecified hydronephrosis,N320,Bladder-neck obstruction,1064,31.383402847314127,37.43464018025054,23.808767162828925,1.5723048540999134,Genitourinary,Genitourinary,Other specified and unspecified diseases of kidney and ureters,Other specified and unspecified diseases of bladder and urethra,2,31.383402847314127
Diverticulosis and diverticulitis | Peritonitis and intra-abdominal abscess,K5720,Dvtrcli of lg int w perforation and abscess w/o bleeding,K651,Peritoneal abscess,1565,27.463913736372906,32.20675762929851,23.755161700887164,1.3557793474458104,Digestive,Digestive,Diverticulosis and diverticulitis,Peritonitis and intra-abdominal abscess,2,27.463913736372906
"Complication of transplanted organs or tissue, initial encounter | Other specified and unspecified diseases of kidney and ureters",N2581,Secondary hyperparathyroidism of renal origin,T8612,Kidney transplant failure,1617,23.47150640758404,30.75544843464601,23.718161024440647,1.296704597078741,Genitourinary,Injury/poisoning,Other specified and unspecified diseases of kidney and ureters,"Complication of transplanted organs or tissue, initial encounter",2,23.47150640758404
"Other nervous system disorders (neither hereditary nor degenerative) | Traumatic brain injury (TBI); concussion, initial encounter",G935,Compression of brain,S065X9A,"Traum subdr hem w LOC of unsp duration, init",1037,24.27280685380602,27.41304588995164,23.683939342517867,1.1574529681698351,Nervous,Injury,Other nervous system disorders (neither hereditary nor degenerative),"Traumatic brain injury (TBI); concussion, initial encounter",5,24.27280685380602
Acute myocardial infarction | Cardiac arrest and ventricular fibrillation,I2119,STEMI involving oth coronary artery of inferior wall,I4901,Ventricular fibrillation,1099,33.24065976241492,38.44959658948607,23.5593283259562,1.6320328006603102,Circulatory,Circulatory,Acute myocardial infarction,Cardiac arrest and ventricular fibrillation,3,43.22702311387591
Other nervous system disorders (neither hereditary nor degenerative) | Sequela of cerebral infarction and other cerebrovascular disease,G9389,Other specified disorders of brain,I69398,Other sequelae of cerebral infarction,1442,24.27267740676473,27.952990548895983,23.51159202062412,1.1889025007058611,Nervous,Circulatory,Other nervous system disorders (neither hereditary nor degenerative),Sequela of cerebral infarction and other cerebrovascular disease,2,24.27267740676473
Conditions due to neoplasm or the treatment of neoplasm | Multiple myeloma,C9000,Multiple myeloma not having achieved remission,D61810,Antineoplastic chemotherapy induced pancytopenia,2267,25.10411017673511,30.21464337110199,23.46321056834815,1.2877454806573452,Neoplasm,Blood/immune,Multiple myeloma,Conditions due to neoplasm or the treatment of neoplasm,3,25.10411017673511
Conditions due to neoplasm or the treatment of neoplasm | Female reproductive system cancers - cervix,C539,"Malignant neoplasm of cervix uteri, unspecified",G893,Neoplasm related pain (acute) (chronic),692,26.790609426672383,32.095015246833945,23.43218054621609,1.3696981885032784,Neoplasm,Nervous,Female reproductive system cancers - cervix,Conditions due to neoplasm or the treatment of neoplasm,1,26.790609426672383
Acute posthemorrhagic anemia | Postprocedural or postoperative digestive system complication,D62,Acute posthemorrhagic anemia,K91840,Postproc hemor of a dgstv sys org fol a dgstv sys procedure,2650,10.849113555816766,28.01072597716471,23.34256452496854,1.199984943693862,Blood/immune,Digestive,Acute posthemorrhagic anemia,Postprocedural or postoperative digestive system complication,1,10.849113555816766
Other specified and unspecified liver disease | Unacceptable PDX,K766,Portal hypertension,Z7682,Awaiting organ transplant status,1657,28.587190986333983,37.69369967119346,23.113465011229795,1.6308112891286437,Digestive,Factors/status,Other specified and unspecified liver disease,Unacceptable PDX,8,43.49688166040822
Chromosomal abnormalities | Neurodevelopmental disorders,F79,Unspecified intellectual disabilities,Q909,"Down syndrome, unspecified",715,31.724703270721005,35.83475848120355,23.064969964590915,1.5536442725144093,Mental/behavioural,Congenital,Neurodevelopmental disorders,Chromosomal abnormalities,1,31.724703270721005
Respiratory failure; insufficiency; arrest | Unacceptable PDX,J9621,Acute and chronic respiratory failure with hypoxia,Z9981,Dependence on supplemental oxygen,78260,13.876690257832468,36.01837407836696,23.007648919507577,1.5654956403575828,Respiratory,Factors/status,Respiratory failure; insufficiency; arrest,Unacceptable PDX,33,40.39940777425284
Peritonitis and intra-abdominal abscess | Skin and subcutaneous tissue infections,K651,Peritoneal abscess,L02211,Cutaneous abscess of abdominal wall,594,26.25576352853966,28.95701173784425,22.875332244227867,1.2658619087445593,Digestive,Skin,Peritonitis and intra-abdominal abscess,Skin and subcutaneous tissue infections,2,93.78031567773468
Other specified and unspecified diseases of bladder and urethra | Urinary incontinence,N319,"Neuromuscular dysfunction of bladder, unspecified",N39498,Other specified urinary incontinence,802,24.808678155001783,29.56260771900977,22.701508533326155,1.3022309806245438,Genitourinary,Genitourinary,Other specified and unspecified diseases of bladder and urethra,Urinary incontinence,1,24.808678155001783
Drug induced or toxic related condition | Heart failure,I427,Cardiomyopathy due to drug and external agent,I5023,Acute on chronic systolic (congestive) heart failure,1302,16.94230967493145,24.54765085883764,22.577839183484887,1.0872453585723838,Circulatory,Circulatory,Drug induced or toxic related condition,Heart failure,2,16.94230967493145
Coma; stupor; and brain damage | Epilepsy; convulsions,G40901,"Epilepsy, unsp, not intractable, with status epilepticus",G931,"Anoxic brain damage, not elsewhere classified",759,24.831324475735435,27.92526758015937,22.419241630925903,1.2455937644937225,Nervous,Nervous,Epilepsy; convulsions,Coma; stupor; and brain damage,1,24.831324475735435
Circulatory signs and symptoms | Respiratory signs and symptoms,R000,"Tachycardia, unspecified",R0682,"Tachypnea, not elsewhere classified",1873,15.951441839146892,23.98508543302809,22.378569087738843,1.0717881621023506,Symptoms/signs,Symptoms/signs,Circulatory signs and symptoms,Respiratory signs and symptoms,2,15.95321335994898
Conduction disorders | Postprocedural or postoperative circulatory system complication,I442,"Atrioventricular block, complete",I97190,Oth postproc cardiac functn disturb fol cardiac surgery,507,29.82719091491329,34.10766770222724,22.280112295122283,1.5308570823359058,Circulatory,Circulatory,Conduction disorders,Postprocedural or postoperative circulatory system complication,1,29.82719091491329
Conditions due to neoplasm or the treatment of neoplasm | Other nervous system disorders (neither hereditary nor degenerative),G893,Neoplasm related pain (acute) (chronic),G9529,Other cord compression,641,25.938319537531985,30.855839434104965,22.093525362009977,1.396600991852657,Nervous,Nervous,Conditions due to neoplasm or the treatment of neoplasm,Other nervous system disorders (neither hereditary nor degenerative),1,25.938319537531985
Personality disorders | Trauma- and stressor-related disorders,F4310,"Post-traumatic stress disorder, unspecified",F603,Borderline personality disorder,8166,23.491390117342387,37.68619153832217,21.83586152671101,1.7258852595406884,Mental/behavioural,Mental/behavioural,Trauma- and stressor-related disorders,Personality disorders,3,33.46121727786112
Abdominal pain and other digestive/abdomen signs and symptoms | Hepatic failure,K7290,"Hepatic failure, unspecified without coma",R188,Other ascites,8485,21.19617202014916,30.41029688880048,21.741390869261608,1.3987282171443378,Digestive,Symptoms/signs,Hepatic failure,Abdominal pain and other digestive/abdomen signs and symptoms,4,26.97894656568461
Personality disorders | Suicidal ideation/attempt/intentional self-harm,F603,Borderline personality disorder,R45851,Suicidal ideations,10630,19.10178531940079,35.18394048352231,21.56456995412288,1.6315623524314975,Mental/behavioural,Symptoms/signs,Personality disorders,Suicidal ideation/attempt/intentional self-harm,1,19.10178531940079
Other nervous system disorders (neither hereditary nor degenerative) | Pituitary disorders,E232,Diabetes insipidus,G936,Cerebral edema,555,18.8359804957276,21.608094740748324,21.5582054171794,1.002314168670513,Endocrine/metabolic,Nervous,Pituitary disorders,Other nervous system disorders (neither hereditary nor degenerative),1,18.8359804957276
Noninfectious hepatitis | Peritonitis and intra-abdominal abscess,K652,Spontaneous bacterial peritonitis,K7581,Nonalcoholic steatohepatitis (NASH),696,26.545156237509,30.01308373164523,21.49652501653857,1.3961830439363745,Digestive,Digestive,Peritonitis and intra-abdominal abscess,Noninfectious hepatitis,1,26.545156237509
Diseases of white blood cells | Myelodysplastic syndrome (MDS),D469,"Myelodysplastic syndrome, unspecified",D709,"Neutropenia, unspecified",876,17.714348608168397,19.46104452352334,21.45399369712206,0.9071059122262136,Neoplasm,Blood/immune,Myelodysplastic syndrome (MDS),Diseases of white blood cells,1,17.714348608168397
Pancreatic disorders (excluding diabetes) | Unacceptable PDX,K861,Other chronic pancreatitis,Z90411,Acquired partial absence of pancreas,519,23.29559571380201,26.33044376088816,21.395190107357045,1.2306711755664212,Digestive,Factors/status,Pancreatic disorders (excluding diabetes),Unacceptable PDX,1,23.29559571380201
Aplastic anemia | Leukemia - acute lymphoblastic leukemia (ALL),C9100,Acute lymphoblastic leukemia not having achieved remission,D61818,Other pancytopenia,957,15.718979815138605,18.687365116488856,21.36824404426812,0.8745391094268044,Neoplasm,Blood/immune,Leukemia - acute lymphoblastic leukemia (ALL),Aplastic anemia,1,15.718979815138605
Acute and unspecified renal failure | Drug induced or toxic related condition,N141,Nephropathy induced by oth drug/meds/biol subst,N170,Acute kidney failure with tubular necrosis,2374,20.936283298450387,30.16196143810883,21.36805985779037,1.4115442224911388,Genitourinary,Genitourinary,Drug induced or toxic related condition,Acute and unspecified renal failure,1,20.936283298450387
Biliary tract disease | Pancreatic disorders (excluding diabetes),K8020,Calculus of gallbladder w/o cholecystitis w/o obstruction,K8510,Biliary acute pancreatitis without necrosis or infection,2280,20.37956739953803,24.574226287944125,21.277459946801667,1.1549417246882427,Digestive,Digestive,Biliary tract disease,Pancreatic disorders (excluding diabetes),19,93.45099211551369
"Internal organ injury, initial encounter | Open wounds of head and neck, initial encounter",S0101XA,"Laceration without foreign body of scalp, initial encounter",S270XXA,"Traumatic pneumothorax, initial encounter",706,26.82919181853276,29.79069531903373,21.22863139854484,1.4033262323767042,Injury,Injury,"Open wounds of head and neck, initial encounter","Internal organ injury, initial encounter",2,27.54649731484379
"Complication of genitourinary device, implant or graft, initial encounter | Urinary tract infections",N390,"Urinary tract infection, site not specified",T83511A,"I/I react d/t indwelling urethral catheter, init",16599,10.38833354619181,30.248722442358464,21.111067407958963,1.4328371871407397,Genitourinary,Injury/poisoning,Urinary tract infections,"Complication of genitourinary device, implant or graft, initial encounter",6,19.376778689108296
Acute posthemorrhagic anemia | Diverticulosis and diverticulitis,D62,Acute posthemorrhagic anemia,K5731,Dvrtclos of lg int w/o perforation or abscess w bleeding,10062,10.967218690222063,29.372719958828352,21.07627703083773,1.393638919997668,Blood/immune,Digestive,Acute posthemorrhagic anemia,Diverticulosis and diverticulitis,2,10.967218690222063
Other specified diseases of veins and lymphatics | Postthrombotic syndrome and venous insufficiency/hypertension,I872,Venous insufficiency (chronic) (peripheral),I890,"Lymphedema, not elsewhere classified",5710,22.527930697564184,29.99032662475698,21.02316205473156,1.426537385131712,Circulatory,Circulatory,Postthrombotic syndrome and venous insufficiency/hypertension,Other specified diseases of veins and lymphatics,1,22.527930697564184
"Muscle disorders | Poisoning by drugs, initial encounter",M6282,Rhabdomyolysis,T43621A,"Poisoning by amphetamines, accidental (unintentional), init",892,31.47065708946601,40.534045880782976,20.990086046663603,1.9311043218532165,Musculoskeletal,Injury/poisoning,Muscle disorders,"Poisoning by drugs, initial encounter",2,31.47065708946601
Coagulation and hemorrhagic disorders | Respiratory signs and symptoms,D6832,Hemorrhagic disord d/t extrinsic circulating anticoagulants,R040,Epistaxis,1164,24.361358097266663,27.677243528763828,20.957398938161543,1.3206430631220198,Blood/immune,Symptoms/signs,Coagulation and hemorrhagic disorders,Respiratory signs and symptoms,3,24.361358097266663
Hepatic failure | Unacceptable PDX,K7200,Acute and subacute hepatic failure without coma,R6521,Severe sepsis with septic shock,10838,17.49557529609759,26.96390239713659,20.95111220154953,1.2869914560021476,Digestive,Symptoms/signs,Hepatic failure,Unacceptable PDX,4,33.6286360322862
Other specified status | Unacceptable PDX,Z794,Long term (current) use of insulin,Z9641,Presence of insulin pump (external) (internal),10745,8.31598660693708,22.07077602805371,20.89843626728014,1.056097008684284,Factors/status,Factors/status,Other specified status,Unacceptable PDX,8,96.04628858676816
Other nervous system disorders (neither hereditary nor degenerative) | Paralysis (other than cerebral palsy),G8194,"Hemiplegia, unspecified affecting left nondominant side",G936,Cerebral edema,5482,20.69236744043388,26.833382473511403,20.86693642886324,1.2859282226208997,Nervous,Nervous,Paralysis (other than cerebral palsy),Other nervous system disorders (neither hereditary nor degenerative),7,20.69236744043388
Other specified status | Pressure ulcer of skin,L89154,"Pressure ulcer of sacral region, stage 4",Z9911,Dependence on respirator [ventilator] status,1064,21.287455141723097,23.80299624141691,20.82714332241509,1.1428833937009055,Skin,Factors/status,Pressure ulcer of skin,Other specified status,1,21.287455141723097
Gangrene | Osteomyelitis,I96,"Gangrene, not elsewhere classified",M869,"Osteomyelitis, unspecified",1901,25.73289462730681,30.43340406278276,20.824764712581644,1.4614044616021946,Circulatory,Musculoskeletal,Gangrene,Osteomyelitis,4,36.78391383476823
Diseases of mouth; excluding dental | HIV infection,B20,Human immunodeficiency virus [HIV] disease,B370,Candidal stomatitis,1989,17.901791875366495,20.68587343139712,20.78736263147552,0.9951177452437028,Infectious,Infectious,HIV infection,Diseases of mouth; excluding dental,1,17.901791875366495
Nervous system signs and symptoms | Other nervous system disorders (neither hereditary nor degenerative),G936,Cerebral edema,R4701,Aphasia,7515,19.220962433925127,25.875623664143703,20.694127753495625,1.250384842133432,Nervous,Symptoms/signs,Other nervous system disorders (neither hereditary nor degenerative),Nervous system signs and symptoms,14,32.55266899508002
Secondary malignancies | Urinary system cancers - kidney,C649,"Malignant neoplasm of unsp kidney, except renal pelvis",C7951,Secondary malignant neoplasm of bone,1108,24.42724167401139,31.88857207320378,20.674637945122267,1.542400508190142,Neoplasm,Neoplasm,Urinary system cancers - kidney,Secondary malignancies,5,51.27492338226927
Transient cerebral ischemia | Unacceptable PDX,G459,"Transient cerebral ischemic attack, unspecified",R29700,NIHSS score 0,1374,26.493778956289468,30.81460285986164,20.56360369136817,1.4985020778627658,Nervous,Symptoms/signs,Transient cerebral ischemia,Unacceptable PDX,3,26.493778956289468
Abdominal pain and other digestive/abdomen signs and symptoms | Gastrointestinal cancers - liver,C220,Liver cell carcinoma,R188,Other ascites,2448,22.262768711828247,29.841368680318663,20.527824095686263,1.4537034486080558,Neoplasm,Symptoms/signs,Gastrointestinal cancers - liver,Abdominal pain and other digestive/abdomen signs and symptoms,1,22.262768711828247
Fungal infections | Skin and subcutaneous tissue infections,B353,Tinea pedis,L03116,Cellulitis of left lower limb,1609,20.458847659183032,28.53666656024651,20.51264031979524,1.3911747154610743,Infectious,Skin,Fungal infections,Skin and subcutaneous tissue infections,4,20.480841637883938
Postprocedural or postoperative musculoskeletal system complication | Spondylopathies/spondyloarthropathy (including infective),M48061,"Spinal stenosis, lumbar region without neurogenic claud",M960,Pseudarthrosis after fusion or arthrodesis,1014,21.43062914344589,26.83014871555532,20.486881352079312,1.3096258163681995,Musculoskeletal,Musculoskeletal,Spondylopathies/spondyloarthropathy (including infective),Postprocedural or postoperative musculoskeletal system complication,4,31.75849714350107
Other specified injury | Respiratory failure; insufficiency; arrest,J9600,"Acute respiratory failure, unsp w hypoxia or hypercapnia",T794XXA,"Traumatic shock, initial encounter",579,21.05583033762807,25.21726937368786,20.443891284073874,1.2334867674302554,Respiratory,Injury/poisoning,Respiratory failure; insufficiency; arrest,Other specified injury,1,21.05583033762807
Hepatic failure | Other specified and unspecified disorders of stomach and duodenum,K3189,Other diseases of stomach and duodenum,K7290,"Hepatic failure, unspecified without coma",3462,24.142798660581644,30.23394572174679,20.2504136459124,1.4930038591013963,Digestive,Digestive,Other specified and unspecified disorders of stomach and duodenum,Hepatic failure,2,37.64705074183254
Nervous system signs and symptoms | Other and ill-defined cerebrovascular disease,I672,Cerebral atherosclerosis,R29810,Facial weakness,1469,25.53674557530417,32.13310816550037,20.21269699460238,1.589748670060271,Circulatory,Symptoms/signs,Other and ill-defined cerebrovascular disease,Nervous system signs and symptoms,7,29.74241115535617
Cardiac arrest and ventricular fibrillation | Coagulation and hemorrhagic disorders,D65,Disseminated intravascular coagulation,I469,"Cardiac arrest, cause unspecified",822,21.55980200144579,24.328857958827555,20.129085946011934,1.208641963379748,Blood/immune,Circulatory,Coagulation and hemorrhagic disorders,Cardiac arrest and ventricular fibrillation,1,21.55980200144579
Conditions due to neoplasm or the treatment of neoplasm | Endocrine system cancers - pancreas,C259,"Malignant neoplasm of pancreas, unspecified",G893,Neoplasm related pain (acute) (chronic),1758,23.16532415972798,27.766890285088465,20.02775629182621,1.3864204197661805,Neoplasm,Nervous,Endocrine system cancers - pancreas,Conditions due to neoplasm or the treatment of neoplasm,4,23.16532415972798
Abnormal findings without diagnosis | Osteomyelitis,M4626,"Osteomyelitis of vertebra, lumbar region",R7881,Bacteremia,710,21.345198073976626,25.12689494020648,20.004703622662863,1.2560493479014003,Musculoskeletal,Symptoms/signs,Osteomyelitis,Abnormal findings without diagnosis,1,21.345198073976626
Other specified connective tissue disease | Unacceptable PDX,M726,Necrotizing fasciitis,R6521,Severe sepsis with septic shock,1565,16.56512462542026,23.116692597175906,19.9275138131967,1.160038969932477,Musculoskeletal,Symptoms/signs,Other specified connective tissue disease,Unacceptable PDX,1,16.56512462542026
Blindness and vision defects | Diabetes mellitus with complication,E11319,Type 2 diabetes w unsp diabetic rtnop w/o macular edema,H548,"Legal blindness, as defined in USA",1760,21.08270548876537,24.49460193614448,19.88953590364671,1.23153210083969,Endocrine/metabolic,Eye/ear,Diabetes mellitus with complication,Blindness and vision defects,2,21.08270548876537
"Abnormal findings without diagnosis | Complication of cardiovascular device, implant or graft, initial encounter",R7881,Bacteremia,T827XXA,"Infect/inflm react d/t oth cardi/vasc dev/implnt/grft, init",1568,20.7576259353931,24.74929662675148,19.85869038870068,1.246270330133828,Symptoms/signs,Injury/poisoning,Abnormal findings without diagnosis,"Complication of cardiovascular device, implant or graft, initial encounter",1,20.7576259353931
Abdominal hernia | Hemorrhagic and hematologic disorders of newborn,K429,Umbilical hernia without obstruction or gangrene,P612,Anemia of prematurity,737,19.580043834650454,21.49233922927667,19.798543793172545,1.0855515160002942,Digestive,Perinatal,Abdominal hernia,Hemorrhagic and hematologic disorders of newborn,1,19.580043834650454
"Coma; stupor; and brain damage | Fracture of torso, initial encounter",G931,"Anoxic brain damage, not elsewhere classified",S2243XA,"Multiple fractures of ribs, bilateral, init for clos fx",518,23.24216375826955,25.736231739947463,19.7790722063976,1.301184983369594,Nervous,Injury,Coma; stupor; and brain damage,"Fracture of torso, initial encounter",1,23.24216375826955
Cardiac and circulatory congenital anomalies | Chromosomal abnormalities,Q211,Atrial septal defect,Q909,"Down syndrome, unspecified",1293,24.86780855895489,29.8775644491688,19.767159441886086,1.5114748548979189,Congenital,Congenital,Cardiac and circulatory congenital anomalies,Chromosomal abnormalities,2,47.864675427366
Acute and unspecified renal failure | Hepatic failure,K7200,Acute and subacute hepatic failure without coma,N170,Acute kidney failure with tubular necrosis,9236,18.033158467443418,26.265885734549048,19.724287313521906,1.331651953606586,Digestive,Genitourinary,Hepatic failure,Acute and unspecified renal failure,1,18.033158467443418
"Acute myocardial infarction | Complication of cardiovascular device, implant or graft, initial encounter",I214,Non-ST elevation (NSTEMI) myocardial infarction,T82855A,"Stenosis of coronary artery stent, initial encounter",5345,19.76459175482151,32.40733120165992,19.723306790745944,1.643098266709781,Circulatory,Injury/poisoning,Acute myocardial infarction,"Complication of cardiovascular device, implant or graft, initial encounter",2,20.67065218200557
Other specified and unspecified diseases of kidney and ureters | Systemic lupus erythematosus and connective tissue disorders,M3214,Glomerular disease in systemic lupus erythematosus,N2581,Secondary hyperparathyroidism of renal origin,705,13.127048767520863,15.038221601670768,19.718757838718844,0.7626353406573313,Musculoskeletal,Genitourinary,Systemic lupus erythematosus and connective tissue disorders,Other specified and unspecified diseases of kidney and ureters,1,13.127048767520863
"Effect of foreign body entering opening, initial encounter | Pleurisy, pleural effusion and pulmonary collapse",J9811,Atelectasis,T17890A,"Oth foreign object in oth prt resp tract cause asphyx, init",1615,17.139027294677696,25.68387440716251,19.689756851267,1.3044282162128276,Respiratory,Injury/poisoning,"Pleurisy, pleural effusion and pulmonary collapse","Effect of foreign body entering opening, initial encounter",5,17.31899329226847
Female reproductive system cancers - endometrium | Secondary malignancies,C541,Malignant neoplasm of endometrium,C786,Secondary malignant neoplasm of retroperiton and peritoneum,930,32.54503587249222,38.052084697309546,19.59539614001406,1.9418890246166896,Neoplasm,Neoplasm,Female reproductive system cancers - endometrium,Secondary malignancies,2,32.54503587249222
Biliary tract disease | Other specified inflammatory condition of skin,K831,Obstruction of bile duct,L299,"Pruritus, unspecified",1236,19.35764083447309,21.74498936653192,19.543677842052546,1.1126354794767837,Digestive,Skin,Biliary tract disease,Other specified inflammatory condition of skin,1,19.35764083447309
Diabetes mellitus with complication | Glaucoma,E1139,Type 2 diabetes w oth diabetic ophthalmic complication,H409,Unspecified glaucoma,1290,23.84767219457133,33.199298720379105,19.52299223976018,1.7005230710877406,Endocrine/metabolic,Eye/ear,Diabetes mellitus with complication,Glaucoma,1,23.84767219457133
Hypotension | Postprocedural or postoperative respiratory system complication,I9581,Postprocedural hypotension,J95821,Acute postprocedural respiratory failure,519,22.88420928502664,24.90082633186804,19.501933942347083,1.2768388204719348,Circulatory,Respiratory,Hypotension,Postprocedural or postoperative respiratory system complication,1,22.88420928502664
Coagulation and hemorrhagic disorders | Hepatic failure,D689,"Coagulation defect, unspecified",K7200,Acute and subacute hepatic failure without coma,4535,20.32202331457401,25.660094751800944,19.474366517220545,1.3176343748645465,Blood/immune,Digestive,Coagulation and hemorrhagic disorders,Hepatic failure,14,84.883745133067
Postprocedural or postoperative respiratory system complication | Unacceptable PDX,J95851,Ventilator associated pneumonia,R6521,Severe sepsis with septic shock,1355,16.56964332446724,23.08794342181032,19.389940661082143,1.1907175903921403,Respiratory,Symptoms/signs,Postprocedural or postoperative respiratory system complication,Unacceptable PDX,4,52.12944704998199
Pneumonia (except that caused by tuberculosis) | Unacceptable PDX,J189,"Pneumonia, unspecified organism",Y95,Nosocomial condition,25513,12.41150031351745,28.43569196655792,19.337744237526323,1.4704761639869224,Respiratory,External cause,Pneumonia (except that caused by tuberculosis),Unacceptable PDX,20,37.32877981647149
Cerebral infarction | Other nervous system disorders (neither hereditary nor degenerative),G936,Cerebral edema,I63511,Cereb infrc d/t unsp occls or stenos of right mid cereb art,1002,20.877164326594585,24.54300214311824,19.2542658657803,1.274678677141223,Nervous,Circulatory,Other nervous system disorders (neither hereditary nor degenerative),Cerebral infarction,4,22.52194410447272
Cerebral palsy | Unacceptable PDX,G809,"Cerebral palsy, unspecified",Z931,Gastrostomy status,2579,23.63082418286812,30.20739949712404,19.237890607007028,1.5702033094065715,Nervous,Factors/status,Cerebral palsy,Unacceptable PDX,5,23.63082418286812
Acute phlebitis; thrombophlebitis and thromboembolism | Hepatic failure,I81,Portal vein thrombosis,K7290,"Hepatic failure, unspecified without coma",1540,25.193000211348465,30.1141626780287,19.237802169386136,1.5653639855986532,Circulatory,Digestive,Acute phlebitis; thrombophlebitis and thromboembolism,Hepatic failure,2,25.193000211348465
Other general signs and symptoms | Other specified and unspecified endocrine disorders,E162,"Hypoglycemia, unspecified",R680,"Hypothermia, not associated w low environmental temperature",820,19.78295051576013,22.07113549981264,19.192927897542795,1.1499618827119302,Endocrine/metabolic,Symptoms/signs,Other specified and unspecified endocrine disorders,Other general signs and symptoms,1,19.78295051576013
Abdominal pain and other digestive/abdomen signs and symptoms | Other specified diseases of veins and lymphatics,I8510,Secondary esophageal varices without bleeding,R188,Other ascites,3624,20.458516829640484,27.16094593206896,19.17914068730216,1.4161711608931091,Circulatory,Symptoms/signs,Other specified diseases of veins and lymphatics,Abdominal pain and other digestive/abdomen signs and symptoms,5,29.18788924039689
Gangrene | Other specified and unspecified circulatory disease,I96,"Gangrene, not elsewhere classified",I998,Other disorder of circulatory system,687,23.611803475736565,26.323894491952608,19.14274655934,1.3751367605663063,Circulatory,Circulatory,Gangrene,Other specified and unspecified circulatory disease,1,23.611803475736565
Peripheral and visceral vascular disease | Skin and subcutaneous tissue infections,I70261,"Athscl native arteries of extremities w gangrene, right leg",L03115,Cellulitis of right lower limb,1123,19.980440632104948,27.306055208539227,19.051392470864062,1.4332839581305823,Circulatory,Skin,Peripheral and visceral vascular disease,Skin and subcutaneous tissue infections,4,19.980440632104948
Acute phlebitis; thrombophlebitis and thromboembolism | Biliary tract disease,I81,Portal vein thrombosis,K831,Obstruction of bile duct,752,18.08165606477833,19.837141669310206,18.96583694302084,1.0459407475086404,Circulatory,Digestive,Acute phlebitis; thrombophlebitis and thromboembolism,Biliary tract disease,1,18.08165606477833
Noninfectious hepatitis | Other specified and unspecified disorders of stomach and duodenum,K3189,Other diseases of stomach and duodenum,K7581,Nonalcoholic steatohepatitis (NASH),2052,21.414579821855995,25.063196785018988,18.96222181497173,1.3217436769582664,Digestive,Digestive,Other specified and unspecified disorders of stomach and duodenum,Noninfectious hepatitis,1,21.414579821855995
Aspiration pneumonitis | Cerebral palsy,G800,Spastic quadriplegic cerebral palsy,J690,Pneumonitis due to inhalation of food and vomit,1022,8.552779429642987,10.155217352308682,18.932175212054965,0.5363999243912765,Nervous,Respiratory,Cerebral palsy,Aspiration pneumonitis,1,8.552779429642987
Acute hemorrhagic cerebrovascular disease | Respiratory failure; insufficiency; arrest,I615,"Nontraumatic intracerebral hemorrhage, intraventricular",J9600,"Acute respiratory failure, unsp w hypoxia or hypercapnia",992,19.21481637138272,22.787943083952747,18.80749310016552,1.2116417091096632,Circulatory,Respiratory,Acute hemorrhagic cerebrovascular disease,Respiratory failure; insufficiency; arrest,2,19.21481637138272
"Other specified and unspecified nutritional and metabolic disorders | Pathological fracture, initial encounter",E8352,Hypercalcemia,M8458XA,"Pathological fracture in neoplastic disease, oth site, init",568,22.249221775148936,25.72406939029392,18.79733467805108,1.3684955782763666,Endocrine/metabolic,Musculoskeletal,Other specified and unspecified nutritional and metabolic disorders,"Pathological fracture, initial encounter",1,22.249221775148936
Coagulation and hemorrhagic disorders | Coma; stupor; and brain damage,D65,Disseminated intravascular coagulation,G931,"Anoxic brain damage, not elsewhere classified",639,21.089770326552504,23.27082053154468,18.750912052413447,1.24105006020491,Blood/immune,Nervous,Coagulation and hemorrhagic disorders,Coma; stupor; and brain damage,1,21.089770326552504
Acute phlebitis; thrombophlebitis and thromboembolism | Other specified and unspecified disorders of stomach and duodenum,I81,Portal vein thrombosis,K3189,Other diseases of stomach and duodenum,1066,24.063500601602165,27.455002762477463,18.742127740473865,1.4648818502708223,Circulatory,Digestive,Acute phlebitis; thrombophlebitis and thromboembolism,Other specified and unspecified disorders of stomach and duodenum,1,24.063500601602165
Abnormal findings without diagnosis | Spondylopathies/spondyloarthropathy (including infective),M4646,"Discitis, unspecified, lumbar region",R7881,Bacteremia,514,20.56346209522047,23.967995369376684,18.737609951651457,1.2791383442830306,Musculoskeletal,Symptoms/signs,Spondylopathies/spondyloarthropathy (including infective),Abnormal findings without diagnosis,1,20.56346209522047
Abdominal pain and other digestive/abdomen signs and symptoms | Aplastic anemia,D61818,Other pancytopenia,R161,"Splenomegaly, not elsewhere classified",2495,18.516911438043355,23.25284515513199,18.68185989737086,1.2446750635574788,Blood/immune,Symptoms/signs,Aplastic anemia,Abdominal pain and other digestive/abdomen signs and symptoms,2,18.516911438043355
Abdominal hernia | Esophageal disorders,K210,Gastro-esophageal reflux disease with esophagitis,K449,Diaphragmatic hernia without obstruction or gangrene,11764,15.64974030207569,23.41201937240217,18.54801359328901,1.2622386356711015,Digestive,Digestive,Esophageal disorders,Abdominal hernia,12,21.395817736632875
Obesity | Respiratory failure; insufficiency; arrest,E662,Morbid (severe) obesity with alveolar hypoventilation,J9621,Acute and chronic respiratory failure with hypoxia,14741,14.446141801995536,24.42965404434237,18.5459778398802,1.3172480984966055,Endocrine/metabolic,Respiratory,Obesity,Respiratory failure; insufficiency; arrest,5,28.94840011475412
Chronic obstructive pulmonary disease and bronchiectasis | Pneumonia (except that caused by tuberculosis),J189,"Pneumonia, unspecified organism",J440,Chr obstructive pulmon disease with (acute) lower resp infct,84243,10.710881978274976,26.192397406438094,18.38615474499392,1.424571791639555,Respiratory,Respiratory,Pneumonia (except that caused by tuberculosis),Chronic obstructive pulmonary disease and bronchiectasis,15,65.30446995213391
Gastrointestinal and biliary perforation | Unacceptable PDX,K631,Perforation of intestine (nontraumatic),R6521,Severe sepsis with septic shock,2510,16.648323487888714,23.45338539847644,18.379094320508656,1.2760903768966212,Digestive,Symptoms/signs,Gastrointestinal and biliary perforation,Unacceptable PDX,1,16.648323487888714
Peripheral and visceral vascular disease | Systemic lupus erythematosus and connective tissue disorders,I7300,Raynaud's syndrome without gangrene,M329,"Systemic lupus erythematosus, unspecified",1380,25.413362610073413,29.724174035900887,18.375888718608888,1.6175638898922926,Circulatory,Musculoskeletal,Peripheral and visceral vascular disease,Systemic lupus erythematosus and connective tissue disorders,3,147.65282299690304
"Other specified and unspecified liver disease | Pleurisy, pleural effusion and pulmonary collapse",J948,Other specified pleural conditions,K766,Portal hypertension,1003,21.08619426151421,25.53388382702396,18.193766345198995,1.4034413404326191,Respiratory,Digestive,"Pleurisy, pleural effusion and pulmonary collapse",Other specified and unspecified liver disease,3,25.284808016264563
Diabetes mellitus without complication | Other specified status,E109,Type 1 diabetes mellitus without complications,Z794,Long term (current) use of insulin,4542,7.679509735507453,17.688890775753414,18.124868033390243,0.9759459072014396,Endocrine/metabolic,Factors/status,Diabetes mellitus without complication,Other specified status,1,7.679509735507453
Acute and unspecified renal failure | Respiratory failure; insufficiency; arrest,J80,Acute respiratory distress syndrome,N170,Acute kidney failure with tubular necrosis,1293,15.70386028102808,20.221758796951885,18.12022709833797,1.1159771170200548,Respiratory,Genitourinary,Respiratory failure; insufficiency; arrest,Acute and unspecified renal failure,1,15.70386028102808
Symptoms of mental and substance use conditions | Unacceptable PDX,R451,Restlessness and agitation,Z781,Physical restraint status,3574,19.22026151670521,23.56614202990092,18.029182475037665,1.3071109609395464,Symptoms/signs,Factors/status,Symptoms of mental and substance use conditions,Unacceptable PDX,1,19.22026151670521
Multiple myeloma | Unacceptable PDX,C9000,Multiple myeloma not having achieved remission,D630,Anemia in neoplastic disease,2214,22.746225594422853,27.08729386488748,18.01538850199604,1.5035642368681816,Neoplasm,Blood/immune,Multiple myeloma,Unacceptable PDX,4,72.51201047963977
Diseases of mouth; excluding dental | Encounter for antineoplastic therapies,K1230,"Oral mucositis (ulcerative), unspecified",Z5111,Encounter for antineoplastic chemotherapy,643,30.22015954160072,35.07884006537446,17.995930862468388,1.9492651051762773,Digestive,Factors/status,Diseases of mouth; excluding dental,Encounter for antineoplastic therapies,1,30.22015954160072
Other general signs and symptoms | Other specified and unspecified nutritional and metabolic disorders,E8809,"Oth disorders of plasma-protein metabolism, NEC",R601,Generalized edema,811,19.021427067986664,21.988342444607675,17.98779299269121,1.2224035741095065,Endocrine/metabolic,Symptoms/signs,Other specified and unspecified nutritional and metabolic disorders,Other general signs and symptoms,1,19.021427067986664
Fluid and electrolyte disorders | Other specified and unspecified lower respiratory disease,E8770,"Fluid overload, unspecified",J811,Chronic pulmonary edema,4590,16.908599989365804,21.734522317014,17.79743184939625,1.2212167744725095,Endocrine/metabolic,Respiratory,Fluid and electrolyte disorders,Other specified and unspecified lower respiratory disease,2,16.908599989365804
Acute phlebitis; thrombophlebitis and thromboembolism | Noninfectious hepatitis,I81,Portal vein thrombosis,K7581,Nonalcoholic steatohepatitis (NASH),905,22.15539006969452,24.824675608822663,17.796219319663695,1.394940979480567,Circulatory,Digestive,Acute phlebitis; thrombophlebitis and thromboembolism,Noninfectious hepatitis,1,22.15539006969452
Osteomyelitis | Spondylopathies/spondyloarthropathy (including infective),M4626,"Osteomyelitis of vertebra, lumbar region",M48061,"Spinal stenosis, lumbar region without neurogenic claud",862,19.02800733170861,23.13486065747073,17.788994719945155,1.3005153479264204,Musculoskeletal,Musculoskeletal,Osteomyelitis,Spondylopathies/spondyloarthropathy (including infective),1,19.02800733170861
Gastrointestinal cancers - liver | Noninfectious hepatitis,C220,Liver cell carcinoma,K7581,Nonalcoholic steatohepatitis (NASH),803,22.108917887949925,24.66958165533225,17.78137516984343,1.3873832265330623,Neoplasm,Digestive,Gastrointestinal cancers - liver,Noninfectious hepatitis,1,22.108917887949925
Acute hemorrhagic cerebrovascular disease | Secondary malignancies,C7931,Secondary malignant neoplasm of brain,I619,"Nontraumatic intracerebral hemorrhage, unspecified",682,20.89217424761439,23.44694503099942,17.76252932167994,1.320022875479868,Neoplasm,Circulatory,Secondary malignancies,Acute hemorrhagic cerebrovascular disease,1,20.89217424761439
Other and ill-defined cerebrovascular disease | Paralysis (other than cerebral palsy),G8191,"Hemiplegia, unspecified affecting right dominant side",I672,Cerebral atherosclerosis,946,23.38944109036809,27.17460803365929,17.732061025665633,1.5325126613497655,Nervous,Circulatory,Paralysis (other than cerebral palsy),Other and ill-defined cerebrovascular disease,4,23.38944109036809
Coagulation and hemorrhagic disorders | Peritonitis and intra-abdominal abscess,D689,"Coagulation defect, unspecified",K652,Spontaneous bacterial peritonitis,955,20.61065741520772,24.013024450567304,17.680162277869623,1.3581902741144274,Blood/immune,Digestive,Coagulation and hemorrhagic disorders,Peritonitis and intra-abdominal abscess,3,51.22433206064409
Other specified and unspecified diseases of kidney and ureters | Other specified and unspecified liver disease,K7689,Other specified diseases of liver,N281,"Cyst of kidney, acquired",1362,19.71923314710181,22.55014705055572,17.6515561591467,1.2775160924761109,Digestive,Genitourinary,Other specified and unspecified liver disease,Other specified and unspecified diseases of kidney and ureters,1,19.71923314710181
Cardiac arrest and ventricular fibrillation | Hepatic failure,I469,"Cardiac arrest, cause unspecified",K7200,Acute and subacute hepatic failure without coma,2990,19.15230651283208,22.931727990778818,17.516841187640978,1.3091246158558725,Circulatory,Digestive,Cardiac arrest and ventricular fibrillation,Hepatic failure,2,21.51767858421849
Acute posthemorrhagic anemia | Other specified and unspecified gastrointestinal disorders,D62,Acute posthemorrhagic anemia,K661,Hemoperitoneum,5199,9.168336143504566,18.789267001591902,17.50570891718593,1.0733222567836636,Blood/immune,Digestive,Acute posthemorrhagic anemia,Other specified and unspecified gastrointestinal disorders,2,11.58561267450224
"Effect of other external causes, initial encounter | Other specified and unspecified endocrine disorders",E162,"Hypoglycemia, unspecified",T68XXXA,"Hypothermia, initial encounter",507,18.28479171861332,20.058922087666645,17.484332283888104,1.1472512511187538,Endocrine/metabolic,Injury/poisoning,Other specified and unspecified endocrine disorders,"Effect of other external causes, initial encounter",1,18.28479171861332
Other specified and unspecified disorders of stomach and duodenum | Peritonitis and intra-abdominal abscess,K3189,Other diseases of stomach and duodenum,K652,Spontaneous bacterial peritonitis,676,23.77352175840845,26.712386300767644,17.470624851401375,1.5289886038978713,Digestive,Digestive,Other specified and unspecified disorders of stomach and duodenum,Peritonitis and intra-abdominal abscess,1,23.77352175840845
Aseptic necrosis and osteonecrosis | Osteoarthritis,M1611,"Unilateral primary osteoarthritis, right hip",M879,"Osteonecrosis, unspecified",768,18.09164045482229,20.94606360938301,17.39648495603452,1.204039992120202,Musculoskeletal,Musculoskeletal,Osteoarthritis,Aseptic necrosis and osteonecrosis,2,20.80322111515624
Other specified and unspecified perinatal conditions | Respiratory signs and symptoms,P9689,Oth conditions originating in the perinatal period,R0981,Nasal congestion,544,30.98594576713594,34.70628866517755,17.394997394816436,1.9951879196900448,Perinatal,Symptoms/signs,Other specified and unspecified perinatal conditions,Respiratory signs and symptoms,1,30.98594576713594
Biliary tract disease | Secondary malignancies,C787,Secondary malig neoplasm of liver and intrahepatic bile duct,K831,Obstruction of bile duct,3202,14.230853941546275,16.95147288168901,17.37980463013932,0.9753546281120148,Neoplasm,Digestive,Secondary malignancies,Biliary tract disease,5,24.628927617793767
Coagulation and hemorrhagic disorders | Other specified diseases of veins and lymphatics,D6959,Other secondary thrombocytopenia,I8510,Secondary esophageal varices without bleeding,2800,20.013017193905256,25.006792508262023,17.366811051203392,1.4399184994028733,Blood/immune,Circulatory,Coagulation and hemorrhagic disorders,Other specified diseases of veins and lymphatics,12,70.18764854698723
Chronic kidney disease | Genitourinary congenital anomalies,N186,End stage renal disease,Q613,"Polycystic kidney, unspecified",2562,13.045933050127305,21.26802395874992,17.245794358642847,1.233229593050975,Genitourinary,Congenital,Chronic kidney disease,Genitourinary congenital anomalies,3,14.818034927237417
Other specified injury | Unacceptable PDX,T796XXA,"Traumatic ischemia of muscle, initial encounter",W19XXXA,"Unspecified fall, initial encounter",1895,20.45813425118988,27.97542228810791,17.23883161489215,1.6228142900323197,Injury/poisoning,External cause,Other specified injury,Unacceptable PDX,3,20.45813425118988
Other specified and unspecified gastrointestinal disorders | Postprocedural or postoperative digestive system complication,K660,Peritoneal adhesions (postprocedural) (postinfection),K9189,Oth postprocedural complications and disorders of dgstv sys,1640,18.052606553018805,20.747288972941977,17.227558783477892,1.2043081224508538,Digestive,Digestive,Other specified and unspecified gastrointestinal disorders,Postprocedural or postoperative digestive system complication,1,18.052606553018805
Acute posthemorrhagic anemia | Esophageal disorders,D62,Acute posthemorrhagic anemia,K2211,Ulcer of esophagus with bleeding,4298,9.584515063812196,20.68199202481643,17.1927880796262,1.202945789189655,Blood/immune,Digestive,Acute posthemorrhagic anemia,Esophageal disorders,1,9.584515063812196
Heart failure | Other specified and unspecified liver disease,I5023,Acute on chronic systolic (congestive) heart failure,K761,Chronic passive congestion of liver,2914,16.841310355109545,24.62240234979632,17.167048058304584,1.4342828345427272,Circulatory,Digestive,Heart failure,Other specified and unspecified liver disease,3,53.767067222079845
Acute and unspecified renal failure | Unacceptable PDX,N170,Acute kidney failure with tubular necrosis,R6521,Severe sepsis with septic shock,25405,14.450840988586934,23.62719758166876,17.150891111459813,1.377607578995218,Genitourinary,Symptoms/signs,Acute and unspecified renal failure,Unacceptable PDX,5,14.450840988586934
Gangrene | Non-pressure ulcer of skin,I96,"Gangrene, not elsewhere classified",L97519,Non-prs chronic ulcer oth prt right foot w unsp severity,1961,22.00094858959776,25.71636409050603,17.105116123467806,1.503431131649776,Circulatory,Skin,Gangrene,Non-pressure ulcer of skin,3,22.43005723660173
Other specified diseases of veins and lymphatics | Skin and subcutaneous tissue infections,I890,"Lymphedema, not elsewhere classified",L03116,Cellulitis of left lower limb,7649,16.20794342100496,22.23825186944948,17.033059426220664,1.3055935115928703,Circulatory,Skin,Other specified diseases of veins and lymphatics,Skin and subcutaneous tissue infections,4,16.721263257181487
Chronic obstructive pulmonary disease and bronchiectasis | Respiratory failure; insufficiency; arrest,J441,Chronic obstructive pulmonary disease w (acute) exacerbation,J9621,Acute and chronic respiratory failure with hypoxia,81995,10.93996840642514,26.019846338494165,16.96354499634821,1.533868442244562,Respiratory,Respiratory,Chronic obstructive pulmonary disease and bronchiectasis,Respiratory failure; insufficiency; arrest,12,12.766163005150014
Gastrointestinal cancers - esophagus | Secondary malignancies,C159,"Malignant neoplasm of esophagus, unspecified",C787,Secondary malig neoplasm of liver and intrahepatic bile duct,941,21.212194216448363,26.263009079425608,16.939996659316982,1.5503550329793587,Neoplasm,Neoplasm,Gastrointestinal cancers - esophagus,Secondary malignancies,1,21.212194216448363
Coagulation and hemorrhagic disorders | Other specified and unspecified liver disease,D6959,Other secondary thrombocytopenia,K766,Portal hypertension,8215,17.448620838049226,23.363022513862543,16.89487349812889,1.3828468450178095,Blood/immune,Digestive,Coagulation and hemorrhagic disorders,Other specified and unspecified liver disease,19,83.94420584048116
Mental and substance use disorders in remission | Other specified and unspecified liver disease,F1021,"Alcohol dependence, in remission",K7031,Alcoholic cirrhosis of liver with ascites,2548,25.20938992756865,30.80255411004653,16.66925745399738,1.847866000933348,Mental/behavioural,Digestive,Mental and substance use disorders in remission,Other specified and unspecified liver disease,6,25.20938992756865
Alcohol-related disorders | Nutritional deficiencies,E512,Wernicke's encephalopathy,F10239,"Alcohol dependence with withdrawal, unspecified",825,23.270435217297667,30.063301589925285,16.592233805268506,1.8118899445823464,Endocrine/metabolic,Mental/behavioural,Nutritional deficiencies,Alcohol-related disorders,2,65.44013449883009
Malnutrition | Other general signs and symptoms,E43,Unspecified severe protein-calorie malnutrition,R64,Cachexia,21612,14.013678072105591,23.91192946522394,16.53153357961952,1.4464435105224085,Endocrine/metabolic,Symptoms/signs,Malnutrition,Other general signs and symptoms,3,14.013678072105591
Nutritional anemia | Other specified and unspecified gastrointestinal disorders,D500,Iron deficiency anemia secondary to blood loss (chronic),K5521,Angiodysplasia of colon with hemorrhage,857,19.465500339376952,23.211482884330383,16.526620745069096,1.40449056358093,Blood/immune,Digestive,Nutritional anemia,Other specified and unspecified gastrointestinal disorders,1,19.465500339376952
Conditions due to neoplasm or the treatment of neoplasm | Gastrointestinal cancers - stomach,C169,"Malignant neoplasm of stomach, unspecified",G893,Neoplasm related pain (acute) (chronic),517,19.63937902377916,22.330677547664816,16.5249410502788,1.3513317523930328,Neoplasm,Nervous,Gastrointestinal cancers - stomach,Conditions due to neoplasm or the treatment of neoplasm,1,19.63937902377916
Aplastic anemia | Unacceptable PDX,D61818,Other pancytopenia,R5081,Fever presenting with conditions classified elsewhere,4038,14.969344969307471,18.407830944552728,16.495202158293207,1.1159506120570897,Blood/immune,Symptoms/signs,Aplastic anemia,Unacceptable PDX,4,14.969344969307471
Gastritis and duodenitis | Gastroduodenal ulcer,K259,"Gastric ulcer, unsp as acute or chronic, w/o hemor or perf",K2970,"Gastritis, unspecified, without bleeding",2682,16.848269423042993,20.612260220084547,16.46296274830896,1.2520383199070164,Digestive,Digestive,Gastroduodenal ulcer,Gastritis and duodenitis,6,49.17349634845527
Dysphagia | Unacceptable PDX,R1310,"Dysphagia, unspecified",Z931,Gastrostomy status,13698,11.592333630454352,16.418076575775704,16.43270433112985,0.9991098388275362,Symptoms/signs,Factors/status,Dysphagia,Unacceptable PDX,3,11.707140560728634
"Alcohol-related disorders | Traumatic brain injury (TBI); concussion, initial encounter",F10129,"Alcohol abuse with intoxication, unspecified",S066X9A,"Traum subrac hem w LOC of unsp duration, init",672,22.549228390729787,24.92024443438804,16.424758927177866,1.5172365417889204,Mental/behavioural,Injury,Alcohol-related disorders,"Traumatic brain injury (TBI); concussion, initial encounter",2,22.549228390729787
Acute and unspecified renal failure | Genitourinary signs and symptoms,N170,Acute kidney failure with tubular necrosis,R34,Anuria and oliguria,1601,15.189945149846572,19.431136167624523,16.408579713368013,1.1842058549280805,Genitourinary,Symptoms/signs,Acute and unspecified renal failure,Genitourinary signs and symptoms,1,15.189945149846572
Acute and unspecified renal failure | Other specified and unspecified liver disease,K767,Hepatorenal syndrome,N170,Acute kidney failure with tubular necrosis,2240,16.79485848974071,22.27124341428618,16.37164091661011,1.3603549899320435,Digestive,Genitourinary,Other specified and unspecified liver disease,Acute and unspecified renal failure,1,16.79485848974071
"Alcohol-related disorders | Fracture of head and neck, initial encounter",F10129,"Alcohol abuse with intoxication, unspecified",S022XXA,"Fracture of nasal bones, init encntr for closed fracture",745,25.720923514370323,28.828002349781737,16.290732184667206,1.7695952534849586,Mental/behavioural,Injury,Alcohol-related disorders,"Fracture of head and neck, initial encounter",1,25.720923514370323
Gastrointestinal and biliary perforation | Intestinal obstruction and ileus,K567,"Ileus, unspecified",K631,Perforation of intestine (nontraumatic),1423,16.606936607186967,20.05207873708889,16.28342342592192,1.2314412155595964,Digestive,Digestive,Intestinal obstruction and ileus,Gastrointestinal and biliary perforation,1,16.606936607186967
Conditions due to neoplasm or the treatment of neoplasm | Other aftercare encounter,G893,Neoplasm related pain (acute) (chronic),Z515,Encounter for palliative care,12984,11.096210993456966,16.755140943195254,16.249705468233955,1.0311042853022387,Nervous,Factors/status,Conditions due to neoplasm or the treatment of neoplasm,Other aftercare encounter,1,11.096210993456966
Coma; stupor; and brain damage | Other general signs and symptoms,G931,"Anoxic brain damage, not elsewhere classified",R680,"Hypothermia, not associated w low environmental temperature",584,16.97138372166771,18.398167817528428,16.182256129906825,1.1369346566901954,Nervous,Symptoms/signs,Coma; stupor; and brain damage,Other general signs and symptoms,1,16.97138372166771
Aplastic anemia | Other specified and unspecified liver disease,D61818,Other pancytopenia,K766,Portal hypertension,8889,16.06962728322425,21.52459471332752,16.171125661268068,1.3310511070284796,Blood/immune,Digestive,Aplastic anemia,Other specified and unspecified liver disease,6,16.06962728322425
Systemic lupus erythematosus and connective tissue disorders | Unacceptable PDX,M353,Polymyalgia rheumatica,Z7952,Long term (current) use of systemic steroids,3641,16.541802014823475,22.07140905330433,16.129880987867256,1.3683553567386042,Musculoskeletal,Factors/status,Systemic lupus erythematosus and connective tissue disorders,Unacceptable PDX,5,16.541802014823475
Blindness and vision defects | Skin/Subcutaneous signs and symptoms,H538,Other visual disturbances,R200,Anesthesia of skin,681,17.9628189100338,19.497884444802544,16.0898153510016,1.211815301757878,Eye/ear,Symptoms/signs,Blindness and vision defects,Skin/Subcutaneous signs and symptoms,1,17.9628189100338
Multiple sclerosis | Unacceptable PDX,G35,Multiple sclerosis,Z993,Dependence on wheelchair,2623,14.392887775774442,16.606483921300654,16.074278329471706,1.033109143746327,Nervous,Factors/status,Multiple sclerosis,Unacceptable PDX,2,14.392887775774442
Pulmonary heart disease | Respiratory failure; insufficiency; arrest,I2781,Cor pulmonale (chronic),J9621,Acute and chronic respiratory failure with hypoxia,4515,15.008312860976188,24.57654440584213,16.048862007304134,1.5313574504321177,Circulatory,Respiratory,Pulmonary heart disease,Respiratory failure; insufficiency; arrest,11,20.091532070326863
Aplastic anemia | Other specified diseases of veins and lymphatics,D61818,Other pancytopenia,I8510,Secondary esophageal varices without bleeding,2909,17.696917180022652,22.130432876705125,16.028866986174084,1.380661084516705,Blood/immune,Circulatory,Aplastic anemia,Other specified diseases of veins and lymphatics,4,17.696917180022652
Aspiration pneumonitis | Coma; stupor; and brain damage,G931,"Anoxic brain damage, not elsewhere classified",J690,Pneumonitis due to inhalation of food and vomit,6611,13.644498780864897,19.15699986019745,16.024243709579743,1.19550103002645,Nervous,Respiratory,Coma; stupor; and brain damage,Aspiration pneumonitis,2,13.644498780864897
Cerebral palsy | Epilepsy; convulsions,G40909,"Epilepsy, unsp, not intractable, without status epilepticus",G809,"Cerebral palsy, unspecified",4554,13.31744296944682,19.921201425631647,15.976378295192443,1.2469159816794189,Nervous,Nervous,Epilepsy; convulsions,Cerebral palsy,2,15.476682392275524
Osteoarthritis | Unacceptable PDX,M1712,"Unilateral primary osteoarthritis, left knee",Z96651,Presence of right artificial knee joint,9120,19.187571894549407,26.608981550046224,15.95158948400924,1.668108471367104,Musculoskeletal,Factors/status,Osteoarthritis,Unacceptable PDX,6,32.56797890379665
Pneumothorax | Unacceptable PDX,J910,Malignant pleural effusion,J939,"Pneumothorax, unspecified",507,18.67414439766694,20.12606944816526,15.931438981161897,1.2632926298724994,Respiratory,Respiratory,Unacceptable PDX,Pneumothorax,1,18.67414439766694
Cerebral palsy | Scoliosis and other postural dorsopathic deformities,G809,"Cerebral palsy, unspecified",M419,"Scoliosis, unspecified",918,16.13799266476378,17.75522511984112,15.91668511250182,1.1155102330883715,Nervous,Musculoskeletal,Cerebral palsy,Scoliosis and other postural dorsopathic deformities,1,16.13799266476378
Multiple sclerosis | Nerve and nerve root disorders,G35,Multiple sclerosis,G500,Trigeminal neuralgia,590,17.827747100809486,19.65770404237556,15.856055056215268,1.239760077313185,Nervous,Nervous,Multiple sclerosis,Nerve and nerve root disorders,1,17.827747100809486
Postprocedural or postoperative musculoskeletal system complication | Unacceptable PDX,M960,Pseudarthrosis after fusion or arthrodesis,Z981,Arthrodesis status,1036,18.320635494378976,22.96398657856661,15.855326065413388,1.4483452742520364,Musculoskeletal,Factors/status,Postprocedural or postoperative musculoskeletal system complication,Unacceptable PDX,2,18.39295345683108
Other specified and unspecified diseases of bladder and urethra | Unacceptable PDX,N319,"Neuromuscular dysfunction of bladder, unspecified",Z87440,Personal history of urinary (tract) infections,6524,12.402914037262494,15.54238429456223,15.84814795279957,0.9807066630657416,Genitourinary,Factors/status,Other specified and unspecified diseases of bladder and urethra,Unacceptable PDX,11,16.865848929311085
Chronic kidney disease | Diabetes mellitus with complication,E1122,Type 2 diabetes mellitus w diabetic chronic kidney disease,I132,Hyp hrt & chr kdny dis w hrt fail and w stg 5 chr kdny/ESRD,67538,8.109060957035473,22.76149158860105,15.787946646859588,1.4417005642167269,Endocrine/metabolic,Circulatory,Diabetes mellitus with complication,Chronic kidney disease,24,16.163591240012526
"Fracture of torso, initial encounter | Open wounds of head and neck, initial encounter",S0101XA,"Laceration without foreign body of scalp, initial encounter",S2242XA,"Multiple fractures of ribs, left side, init for clos fx",720,20.99482931784561,22.99465216033006,15.763717936110591,1.458707409858893,Injury,Injury,"Open wounds of head and neck, initial encounter","Fracture of torso, initial encounter",2,20.99482931784561
Blindness and vision defects | Retinal and vitreous conditions,H3530,Unspecified macular degeneration,H548,"Legal blindness, as defined in USA",1863,24.182718246692808,28.524397639940457,15.758330326898053,1.810115478494056,Eye/ear,Eye/ear,Retinal and vitreous conditions,Blindness and vision defects,1,24.182718246692808
Female reproductive system cancers - cervix | Unacceptable PDX,C539,"Malignant neoplasm of cervix uteri, unspecified",Z923,Personal history of irradiation,919,13.940685553264574,17.470924389937732,15.72400180421958,1.1110991087045896,Neoplasm,Factors/status,Female reproductive system cancers - cervix,Unacceptable PDX,2,13.940685553264574
Hepatitis | Other specified and unspecified hematologic conditions,D7589,Other specified diseases of blood and blood-forming organs,K7010,Alcoholic hepatitis without ascites,545,16.65321582614523,17.909415531830135,15.70215078124271,1.1405708543586368,Blood/immune,Digestive,Other specified and unspecified hematologic conditions,Hepatitis,1,16.65321582614523
Gastrointestinal and biliary perforation | Other specified and unspecified gastrointestinal disorders,K631,Perforation of intestine (nontraumatic),K660,Peritoneal adhesions (postprocedural) (postinfection),775,16.47860978489751,18.353414633306645,15.677310524068211,1.1706991837107523,Digestive,Digestive,Gastrointestinal and biliary perforation,Other specified and unspecified gastrointestinal disorders,3,107.62187786953083
"Complication of cardiovascular device, implant or graft, initial encounter | Skin and subcutaneous tissue infections",L03114,Cellulitis of left upper limb,T827XXA,"Infect/inflm react d/t oth cardi/vasc dev/implnt/grft, init",507,17.9485471442968,19.287032749629866,15.657797890998603,1.2317845002149148,Skin,Injury/poisoning,Skin and subcutaneous tissue infections,"Complication of cardiovascular device, implant or graft, initial encounter",1,17.9485471442968
"Complication of internal orthopedic device or implant, initial encounter | Unacceptable PDX",T8453XA,"Infect/inflm reaction due to internal r knee prosth, init",Z96651,Presence of right artificial knee joint,658,20.640399694575784,24.79288283218873,15.638783701176107,1.585345977406427,Injury/poisoning,Factors/status,"Complication of internal orthopedic device or implant, initial encounter",Unacceptable PDX,3,22.20066067378697
Appendicitis and other appendiceal conditions | Intestinal obstruction and ileus,K3533,"Acute appendicitis with perf and loc peritonitis, with abscs",K567,"Ileus, unspecified",1119,14.599264133364198,17.147666366058765,15.572823137245488,1.1011276641963992,Digestive,Digestive,Appendicitis and other appendiceal conditions,Intestinal obstruction and ileus,2,14.599264133364198
Acute bronchitis | Respiratory signs and symptoms,J210,Acute bronchiolitis due to respiratory syncytial virus,R0902,Hypoxemia,3719,10.194460833931,12.826869923119892,15.549643775624814,0.8248979917615177,Respiratory,Symptoms/signs,Acute bronchitis,Respiratory signs and symptoms,2,10.194460833931
Biliary tract disease | Other specified and unspecified nutritional and metabolic disorders,E806,Other disorders of bilirubin metabolism,K831,Obstruction of bile duct,779,14.412958442731757,15.601515674610647,15.51719713946991,1.0054338766455613,Endocrine/metabolic,Digestive,Other specified and unspecified nutritional and metabolic disorders,Biliary tract disease,1,14.412958442731757
Endocarditis and endocardial disease | Nonrheumatic and unspecified valve disorders,I330,Acute and subacute infective endocarditis,I351,Nonrheumatic aortic (valve) insufficiency,612,15.568054376587872,16.747876731925903,15.514810673577278,1.0794767067605031,Circulatory,Circulatory,Endocarditis and endocardial disease,Nonrheumatic and unspecified valve disorders,1,15.568054376587872
Allergic reactions | Unacceptable PDX,T783XXA,"Angioneurotic edema, initial encounter",X58XXXA,"Exposure to other specified factors, initial encounter",851,15.622588720530429,18.06691996631608,15.485207787646903,1.166721184117962,Injury/poisoning,External cause,Allergic reactions,Unacceptable PDX,1,15.622588720530429
"Chronic kidney disease | Complication of cardiovascular device, implant or graft, initial encounter",N186,End stage renal disease,T82868A,"Thrombosis due to vascular prosth dev/grft, init",5732,12.785223762573883,20.86403754761452,15.484925808926508,1.3473773013227577,Genitourinary,Injury/poisoning,Chronic kidney disease,"Complication of cardiovascular device, implant or graft, initial encounter",12,18.467747678332664
Epilepsy; convulsions | Nervous system congenital anomalies,G40909,"Epilepsy, unsp, not intractable, without status epilepticus",Q02,Microcephaly,780,7.775853378690406,9.44544400429699,15.337191115367904,0.6158522726389339,Nervous,Congenital,Epilepsy; convulsions,Nervous system congenital anomalies,1,7.775853378690406
Diabetes mellitus with complication | Skin and subcutaneous tissue infections,E11621,Type 2 diabetes mellitus with foot ulcer,L03115,Cellulitis of right lower limb,13955,15.30593278170766,22.112879032763555,15.32800782022978,1.442645338657719,Endocrine/metabolic,Skin,Diabetes mellitus with complication,Skin and subcutaneous tissue infections,43,91.71166015345952
"Alcohol-related disorders | Open wounds of head and neck, initial encounter",F10129,"Alcohol abuse with intoxication, unspecified",S0101XA,"Laceration without foreign body of scalp, initial encounter",890,17.64600126997967,19.36386340180758,15.315456010366928,1.2643347601730115,Mental/behavioural,Injury,Alcohol-related disorders,"Open wounds of head and neck, initial encounter",2,20.051377428336504
Epilepsy; convulsions | Respiratory failure; insufficiency; arrest,G40901,"Epilepsy, unsp, not intractable, with status epilepticus",J9600,"Acute respiratory failure, unsp w hypoxia or hypercapnia",1078,15.86964816771281,18.291274459314323,15.302356284557318,1.1953240480861975,Nervous,Respiratory,Epilepsy; convulsions,Respiratory failure; insufficiency; arrest,1,15.86964816771281
Gastrointestinal cancers - colorectal | Unacceptable PDX,C20,Malignant neoplasm of rectum,Z9221,Personal history of antineoplastic chemotherapy,2352,16.293442023970307,21.35905267587124,15.28402549932454,1.3974755980886828,Neoplasm,Factors/status,Gastrointestinal cancers - colorectal,Unacceptable PDX,10,26.56216056503718
Conditions due to neoplasm or the treatment of neoplasm | Gastrointestinal cancers - bile duct,C221,Intrahepatic bile duct carcinoma,G893,Neoplasm related pain (acute) (chronic),561,18.91089242129166,21.420147281720777,15.279516998834458,1.4018864132521165,Neoplasm,Nervous,Gastrointestinal cancers - bile duct,Conditions due to neoplasm or the treatment of neoplasm,1,18.91089242129166
Peripheral and visceral vascular disease | Unacceptable PDX,I739,"Peripheral vascular disease, unspecified",Z95820,Peripheral vascular angioplasty status w implants and grafts,4870,17.120358735082206,25.990537107732766,15.274834235582588,1.7015266226057006,Circulatory,Factors/status,Peripheral and visceral vascular disease,Unacceptable PDX,3,17.120358735082206
Postthrombotic syndrome and venous insufficiency/hypertension | Skin and subcutaneous tissue infections,I872,Venous insufficiency (chronic) (peripheral),L03116,Cellulitis of left lower limb,10711,14.887295395077563,20.620078519126963,15.239965207627757,1.353026613788226,Circulatory,Skin,Postthrombotic syndrome and venous insufficiency/hypertension,Skin and subcutaneous tissue infections,2,14.887295395077563
Nervous system signs and symptoms | Sequela of cerebral infarction and other cerebrovascular disease,I69354,Hemiplga following cerebral infrc affecting left nondom side,R414,Neurologic neglect syndrome,1006,19.634538471618324,23.378698428973205,15.21699724045536,1.5363542530466814,Circulatory,Symptoms/signs,Sequela of cerebral infarction and other cerebrovascular disease,Nervous system signs and symptoms,3,44.218274933841045
Coma; stupor; and brain damage | Other aftercare encounter,G931,"Anoxic brain damage, not elsewhere classified",Z515,Encounter for palliative care,7586,10.874266204620602,15.842635219290212,15.186896491704289,1.043177928284697,Nervous,Factors/status,Coma; stupor; and brain damage,Other aftercare encounter,2,15.359898654875582
Genitourinary congenital anomalies | Unacceptable PDX,Q613,"Polycystic kidney, unspecified",Z992,Dependence on renal dialysis,2014,13.198811971568892,18.981441727629893,15.170531441037156,1.2512047980259944,Congenital,Factors/status,Genitourinary congenital anomalies,Unacceptable PDX,3,30.20723201285088
"Conditions due to neoplasm or the treatment of neoplasm | Malignant neoplasm, unspecified",C801,"Malignant (primary) neoplasm, unspecified",G893,Neoplasm related pain (acute) (chronic),623,17.53340137382923,19.70859398294922,15.138730341893138,1.3018657138247571,Neoplasm,Nervous,"Malignant neoplasm, unspecified",Conditions due to neoplasm or the treatment of neoplasm,1,17.53340137382923
Intestinal obstruction and ileus | Unacceptable PDX,K567,"Ileus, unspecified",Z5331,Laparoscopic surgical procedure converted to open procedure,2002,14.916671444557132,17.79829282531967,15.13473018327364,1.17599009759617,Digestive,Factors/status,Intestinal obstruction and ileus,Unacceptable PDX,8,30.4024608159255
Multiple sclerosis | Nervous system signs and symptoms,G35,Multiple sclerosis,R532,Functional quadriplegia,931,13.795185914859832,15.060706694332795,15.077894834858403,0.99886004374524,Nervous,Symptoms/signs,Multiple sclerosis,Nervous system signs and symptoms,1,13.795185914859832
Aortic; peripheral; and visceral artery aneurysms | Nonrheumatic and unspecified valve disorders,I351,Nonrheumatic aortic (valve) insufficiency,I712,"Thoracic aortic aneurysm, without rupture",1485,22.6241145968174,25.948895324127875,15.073335138334066,1.721509877275627,Circulatory,Circulatory,Nonrheumatic and unspecified valve disorders,Aortic; peripheral; and visceral artery aneurysms,1,22.6241145968174
Coagulation and hemorrhagic disorders | Other specified and unspecified endocrine disorders,D65,Disseminated intravascular coagulation,E162,"Hypoglycemia, unspecified",569,15.59035717108189,16.926725923973304,15.071792820585593,1.1230731556271247,Blood/immune,Endocrine/metabolic,Coagulation and hemorrhagic disorders,Other specified and unspecified endocrine disorders,2,15.59035717108189
Hypertension with complications and secondary hypertension | Other and ill-defined heart disease,I119,Hypertensive heart disease without heart failure,I517,Cardiomegaly,1114,16.730224786459765,18.717470399493333,15.06677302707112,1.242301212466853,Circulatory,Circulatory,Hypertension with complications and secondary hypertension,Other and ill-defined heart disease,1,16.730224786459765
Gastroduodenal ulcer | Other specified and unspecified disorders of stomach and duodenum,K259,"Gastric ulcer, unsp as acute or chronic, w/o hemor or perf",K3189,Other diseases of stomach and duodenum,1095,16.814089452382976,18.62103200626253,14.978974556304392,1.2431446449333383,Digestive,Digestive,Gastroduodenal ulcer,Other specified and unspecified disorders of stomach and duodenum,2,17.853278942075143
Hematuria | Proteinuria,R319,"Hematuria, unspecified",R809,"Proteinuria, unspecified",1004,15.972024454789343,17.856101305260168,14.8918284235521,1.1990536552932571,Symptoms/signs,Symptoms/signs,Hematuria,Proteinuria,1,15.972024454789343
Other unspecified injury | Unacceptable PDX,S0990XA,"Unspecified injury of head, initial encounter",W19XXXA,"Unspecified fall, initial encounter",2861,18.63830428356344,24.957425861048705,14.883162739046352,1.676889939231281,Injury,External cause,Other unspecified injury,Unacceptable PDX,5,19.783534446076587
Abnormal findings without diagnosis | Other specified and unspecified nutritional and metabolic disorders,E806,Other disorders of bilirubin metabolism,R740,Nonspec elev of levels of transamns & lactic acid dehydrgnse,2337,15.756067528250831,19.08025163721965,14.880201848858295,1.2822575816526045,Endocrine/metabolic,Symptoms/signs,Other specified and unspecified nutritional and metabolic disorders,Abnormal findings without diagnosis,1,15.756067528250831
Calculus of urinary tract | Other specified and unspecified diseases of bladder and urethra,N210,Calculus in bladder,N319,"Neuromuscular dysfunction of bladder, unspecified",513,17.514458448759203,19.7123859415424,14.85015025480049,1.3274199656781336,Genitourinary,Genitourinary,Calculus of urinary tract,Other specified and unspecified diseases of bladder and urethra,1,17.514458448759203
Gastrointestinal hemorrhage | Hemorrhoids,K648,Other hemorrhoids,K921,Melena,3975,16.681621216411457,20.2517197733377,14.84141480307109,1.3645410523225232,Digestive,Digestive,Hemorrhoids,Gastrointestinal hemorrhage,10,26.0976405902908
"Complication of genitourinary device, implant or graft, initial encounter | Multiple sclerosis",G35,Multiple sclerosis,T83511A,"I/I react d/t indwelling urethral catheter, init",1283,11.43362617297624,12.465495640174458,14.740795824749371,0.8456460416638597,Nervous,Injury/poisoning,Multiple sclerosis,"Complication of genitourinary device, implant or graft, initial encounter",2,13.307189859475654
Other specified and unspecified diseases of kidney and ureters | Urinary system cancers - bladder,C679,"Malignant neoplasm of bladder, unspecified",N1330,Unspecified hydronephrosis,1186,19.80697406437717,22.405640983494912,14.718825553815536,1.5222438027799534,Neoplasm,Genitourinary,Urinary system cancers - bladder,Other specified and unspecified diseases of kidney and ureters,1,19.80697406437717
Other specified and unspecified disorders of stomach and duodenum | Unacceptable PDX,K3184,Gastroparesis,Z9641,Presence of insulin pump (external) (internal),2037,16.243349571485094,19.0629954864235,14.681788757913084,1.2984109634562797,Digestive,Factors/status,Other specified and unspecified disorders of stomach and duodenum,Unacceptable PDX,4,18.57562029349561
Encounter for antineoplastic therapies | Unacceptable PDX,Z5111,Encounter for antineoplastic chemotherapy,Z9484,Stem cells transplant status,663,19.86765570440623,22.017954872761564,14.673612751511612,1.50051355760996,Factors/status,Factors/status,Encounter for antineoplastic therapies,Unacceptable PDX,1,19.86765570440623
Nervous system cancers - brain | Nervous system signs and symptoms,C719,"Malignant neoplasm of brain, unspecified",R4701,Aphasia,610,14.211712718824645,16.176054265712345,14.605563596365384,1.1075268789858803,Neoplasm,Symptoms/signs,Nervous system cancers - brain,Nervous system signs and symptoms,1,14.211712718824645
Hepatic failure | Nutritional anemia,D539,"Nutritional anemia, unspecified",K7040,Alcoholic hepatic failure without coma,874,14.976783181531074,16.86299139573258,14.604487306025517,1.1546445309843398,Blood/immune,Digestive,Nutritional anemia,Hepatic failure,1,14.976783181531074
Conditions due to neoplasm or the treatment of neoplasm | Myelodysplastic syndrome (MDS),D469,"Myelodysplastic syndrome, unspecified",D61810,Antineoplastic chemotherapy induced pancytopenia,925,14.425895188731896,15.776448292446291,14.57531020731754,1.08240909236537,Neoplasm,Blood/immune,Myelodysplastic syndrome (MDS),Conditions due to neoplasm or the treatment of neoplasm,1,14.425895188731896
Abnormal findings without diagnosis | Nonspecific chest pain,R0789,Other chest pain,R9439,Abnormal result of other cardiovascular function study,677,16.341562199029806,19.718184636773884,14.532564091826362,1.3568276397875376,Symptoms/signs,Symptoms/signs,Nonspecific chest pain,Abnormal findings without diagnosis,2,17.815432371622244
Skin/Subcutaneous signs and symptoms | Transient cerebral ischemia,G459,"Transient cerebral ischemic attack, unspecified",R200,Anesthesia of skin,1015,14.60135387661238,15.96091335483003,14.424017072938115,1.106551196807399,Nervous,Symptoms/signs,Transient cerebral ischemia,Skin/Subcutaneous signs and symptoms,2,14.60135387661238
"Poisoning by drugs, initial encounter | Respiratory failure; insufficiency; arrest",J9602,Acute respiratory failure with hypercapnia,T402X1A,"Poisoning by oth opioids, accidental (unintentional), init",719,14.736056046880954,17.23227312298162,14.381768494915132,1.1982026500478242,Respiratory,Injury/poisoning,Respiratory failure; insufficiency; arrest,"Poisoning by drugs, initial encounter",1,14.736056046880954
Disorders of lipid metabolism | Pancreatic disorders (excluding diabetes),E781,Pure hyperglyceridemia,K8590,"Acute pancreatitis without necrosis or infection, unsp",2555,16.71774534377809,19.597598551156565,14.374523202960727,1.3633564240322098,Endocrine/metabolic,Digestive,Disorders of lipid metabolism,Pancreatic disorders (excluding diabetes),3,16.71774534377809
Gastrointestinal cancers - liver | Other specified and unspecified disorders of stomach and duodenum,C220,Liver cell carcinoma,K3189,Other diseases of stomach and duodenum,769,19.52311268782729,21.616629732183004,14.36379320693612,1.5049388013846208,Neoplasm,Digestive,Gastrointestinal cancers - liver,Other specified and unspecified disorders of stomach and duodenum,1,19.52311268782729
Nervous system signs and symptoms | Symptoms of mental and substance use conditions,R410,"Disorientation, unspecified",R451,Restlessness and agitation,2299,15.179280269200662,17.425701443743172,14.332695077059087,1.215800751362858,Symptoms/signs,Symptoms/signs,Nervous system signs and symptoms,Symptoms of mental and substance use conditions,2,15.179280269200662
Anxiety and fear-related disorders | Depressive disorders,F332,"Major depressv disorder, recurrent severe w/o psych features",F411,Generalized anxiety disorder,11363,14.212529661213049,19.66137425933365,14.318208570658369,1.3731727794233126,Mental/behavioural,Mental/behavioural,Depressive disorders,Anxiety and fear-related disorders,10,14.212529661213049
Cardiac dysrhythmias | Conduction disorders,I4430,Unspecified atrioventricular block,I4892,Unspecified atrial flutter,1037,19.865354612485675,26.483950399560808,14.306958112845754,1.8511237812167585,Circulatory,Circulatory,Conduction disorders,Cardiac dysrhythmias,2,19.865354612485675
Cardiac arrest and ventricular fibrillation | Other specified status,I469,"Cardiac arrest, cause unspecified",Z9911,Dependence on respirator [ventilator] status,1263,14.978308642721853,16.59902237518117,14.277452166573037,1.1626039563307724,Circulatory,Factors/status,Cardiac arrest and ventricular fibrillation,Other specified status,1,14.978308642721853
"Musculoskeletal pain, not low back pain | Spondylopathies/spondyloarthropathy (including infective)",M25511,Pain in right shoulder,M542,Cervicalgia,832,16.012040832549673,17.501353507899264,14.237383226571776,1.2292535242877929,Musculoskeletal,Musculoskeletal,"Musculoskeletal pain, not low back pain",Spondylopathies/spondyloarthropathy (including infective),2,16.149152776192953
Paralysis (other than cerebral palsy) | Respiratory failure; insufficiency; arrest,G8250,"Quadriplegia, unspecified",J9610,"Chronic respiratory failure, unsp w hypoxia or hypercapnia",670,13.791940593419527,14.852406143702432,14.22609701632372,1.044025365963697,Nervous,Respiratory,Paralysis (other than cerebral palsy),Respiratory failure; insufficiency; arrest,1,13.791940593419527
Esophageal disorders | Gastritis and duodenitis,K210,Gastro-esophageal reflux disease with esophagitis,K2970,"Gastritis, unspecified, without bleeding",5567,14.115061302727469,17.49805590942269,14.144668399106967,1.237077845566704,Digestive,Digestive,Esophageal disorders,Gastritis and duodenitis,17,57.92194607275378
Abdominal hernia | Gastrointestinal hemorrhage,K254,Chronic or unspecified gastric ulcer with hemorrhage,K449,Diaphragmatic hernia without obstruction or gangrene,4852,14.132070801165064,19.26243397537312,14.12286382207348,1.363918410461955,Digestive,Digestive,Gastrointestinal hemorrhage,Abdominal hernia,2,14.132070801165064
Esophageal disorders | Gastrointestinal hemorrhage,K210,Gastro-esophageal reflux disease with esophagitis,K920,Hematemesis,2133,14.785091815821206,16.923456908606298,14.120700167490307,1.1984856776131183,Digestive,Digestive,Esophageal disorders,Gastrointestinal hemorrhage,18,38.70850933458247
Fluid and electrolyte disorders | Hepatic failure,E874,Mixed disorder of acid-base balance,K7200,Acute and subacute hepatic failure without coma,2559,15.76414994303652,18.27997360708653,14.061397358319049,1.3000111682550295,Endocrine/metabolic,Digestive,Fluid and electrolyte disorders,Hepatic failure,2,15.76414994303652
Dysphagia | Postprocedural or postoperative digestive system complication,K9423,Gastrostomy malfunction,R1310,"Dysphagia, unspecified",2107,12.52715171718661,16.864819359497055,14.028233881480038,1.2022054595027714,Digestive,Symptoms/signs,Postprocedural or postoperative digestive system complication,Dysphagia,1,12.52715171718661
Nervous system cancers - brain | Unacceptable PDX,C719,"Malignant neoplasm of brain, unspecified",Z923,Personal history of irradiation,1031,13.630951989900565,17.000462378891527,13.987471638618644,1.21540638781023,Neoplasm,Factors/status,Nervous system cancers - brain,Unacceptable PDX,2,13.630951989900565
Genitourinary signs and symptoms | Shock,R34,Anuria and oliguria,R570,Cardiogenic shock,612,15.356788186776525,16.925415340776524,13.95232788810813,1.2130889896303556,Symptoms/signs,Symptoms/signs,Genitourinary signs and symptoms,Shock,1,15.356788186776525
Other aftercare encounter | Other specified and unspecified liver disease,K767,Hepatorenal syndrome,Z515,Encounter for palliative care,2664,10.081076130307054,13.892958579160211,13.882777530541532,1.0007333581912037,Digestive,Factors/status,Other specified and unspecified liver disease,Other aftercare encounter,1,10.081076130307054
Secondary malignancies | Spondylopathies/spondyloarthropathy (including infective),C7951,Secondary malignant neoplasm of bone,M4804,"Spinal stenosis, thoracic region",797,16.439004111488902,19.47524799893433,13.863394828732904,1.4047964614389,Neoplasm,Musculoskeletal,Secondary malignancies,Spondylopathies/spondyloarthropathy (including infective),1,16.439004111488902
Genitourinary signs and symptoms | Hepatic failure,K7200,Acute and subacute hepatic failure without coma,R34,Anuria and oliguria,554,14.916941840419888,16.300229176071053,13.859056043254308,1.17614281414245,Digestive,Symptoms/signs,Hepatic failure,Genitourinary signs and symptoms,1,14.916941840419888
Alcohol-related disorders | Unacceptable PDX,F10231,Alcohol dependence with withdrawal delirium,Z781,Physical restraint status,2300,17.332992574672303,20.36711559189547,13.791765777148433,1.476759098217991,Mental/behavioural,Factors/status,Alcohol-related disorders,Unacceptable PDX,2,17.539133696540187
Drug induced or toxic related condition | Sickle cell trait/anemia,D5700,"Hb-SS disease with crisis, unspecified",K5903,Drug induced constipation,716,11.944331278492516,12.78336121789645,13.76973227539414,0.928366722186728,Blood/immune,Digestive,Sickle cell trait/anemia,Drug induced or toxic related condition,1,11.944331278492516
"Superficial injury; contusion, initial encounter | Unacceptable PDX",S0083XA,"Contusion of other part of head, initial encounter",W19XXXA,"Unspecified fall, initial encounter",2319,17.652409353545913,23.11209922331606,13.76835639320502,1.67863894304206,Injury,External cause,"Superficial injury; contusion, initial encounter",Unacceptable PDX,15,22.184938205743755
Abdominal pain and other digestive/abdomen signs and symptoms | Unacceptable PDX,R188,Other ascites,Z7682,Awaiting organ transplant status,1179,14.971691955018702,17.903632338843497,13.764318178235438,1.3007278752937628,Symptoms/signs,Factors/status,Abdominal pain and other digestive/abdomen signs and symptoms,Unacceptable PDX,2,14.971691955018702
Septicemia | Skin and subcutaneous tissue infections,A401,"Sepsis due to streptococcus, group B",L03115,Cellulitis of right lower limb,739,14.592094543664173,18.06679572500019,13.742999507859512,1.3146180871699755,Infectious,Skin,Septicemia,Skin and subcutaneous tissue infections,4,14.592094543664173
"Traumatic brain injury (TBI); concussion, initial encounter | Unacceptable PDX",S065X9A,"Traum subdr hem w LOC of unsp duration, init",W19XXXA,"Unspecified fall, initial encounter",2717,15.092801675736752,19.02903268356832,13.742733516255225,1.3846614038655654,Injury,External cause,"Traumatic brain injury (TBI); concussion, initial encounter",Unacceptable PDX,39,40.55222548604269
Chronic obstructive pulmonary disease and bronchiectasis | Other specified and unspecified lower respiratory disease,J479,"Bronchiectasis, uncomplicated",J8410,"Pulmonary fibrosis, unspecified",914,20.49900317048572,23.03553943176803,13.653526107134685,1.6871494770666422,Respiratory,Respiratory,Chronic obstructive pulmonary disease and bronchiectasis,Other specified and unspecified lower respiratory disease,3,20.70791754660705
Hepatitis | Other specified and unspecified nutritional and metabolic disorders,E8809,"Oth disorders of plasma-protein metabolism, NEC",K7011,Alcoholic hepatitis with ascites,647,14.166630641336436,15.741481829777598,13.65261807365969,1.153000966177176,Endocrine/metabolic,Digestive,Other specified and unspecified nutritional and metabolic disorders,Hepatitis,1,14.166630641336436
Depressive disorders | Personality disorders,F332,"Major depressv disorder, recurrent severe w/o psych features",F603,Borderline personality disorder,3641,18.65190735498515,23.15998501912789,13.642186232609152,1.697674010912429,Mental/behavioural,Mental/behavioural,Depressive disorders,Personality disorders,3,18.65190735498515
Sequela of cerebral infarction and other cerebrovascular disease | Skin/Subcutaneous signs and symptoms,I69398,Other sequelae of cerebral infarction,R200,Anesthesia of skin,734,14.621820725026229,15.757473146252885,13.581724241690557,1.160196810496537,Circulatory,Symptoms/signs,Sequela of cerebral infarction and other cerebrovascular disease,Skin/Subcutaneous signs and symptoms,1,14.621820725026229
Chronic rheumatic heart disease | Other specified and unspecified liver disease,I081,Rheumatic disorders of both mitral and tricuspid valves,K761,Chronic passive congestion of liver,755,16.449281516466193,18.199353511879536,13.545733569651082,1.3435487578653391,Circulatory,Digestive,Chronic rheumatic heart disease,Other specified and unspecified liver disease,1,16.449281516466193
Biliary tract disease | Septicemia,A4151,Sepsis due to Escherichia coli [E. coli],K8309,Other cholangitis,773,15.51429196776815,17.264922669281873,13.526379092147376,1.2763890876978952,Infectious,Digestive,Septicemia,Biliary tract disease,1,15.51429196776815
Multiple sclerosis | Paralysis (other than cerebral palsy),G35,Multiple sclerosis,G8220,"Paraplegia, unspecified",1470,13.896212711795958,15.426610473033053,13.508181654634662,1.1420197675340098,Nervous,Nervous,Multiple sclerosis,Paralysis (other than cerebral palsy),2,14.131490049638408
General sensation/perception signs and symptoms | Suicidal ideation/attempt/intentional self-harm,R440,Auditory hallucinations,R45851,Suicidal ideations,1761,14.80064651041523,21.99957466824402,13.47082956769103,1.633126939784664,Symptoms/signs,Symptoms/signs,General sensation/perception signs and symptoms,Suicidal ideation/attempt/intentional self-harm,1,14.80064651041523
Chronic kidney disease | Nephritis; nephrosis; renal sclerosis,N049,Nephrotic syndrome with unspecified morphologic changes,N184,"Chronic kidney disease, stage 4 (severe)",656,9.130253722785318,10.714375971709226,13.455098586043016,0.7963060176179799,Genitourinary,Genitourinary,Nephritis; nephrosis; renal sclerosis,Chronic kidney disease,2,9.130253722785318
"Hepatic failure | Pleurisy, pleural effusion and pulmonary collapse",J948,Other specified pleural conditions,K7290,"Hepatic failure, unspecified without coma",557,17.43705337563089,19.39442458944685,13.451995478234702,1.4417507514648649,Respiratory,Digestive,"Pleurisy, pleural effusion and pulmonary collapse",Hepatic failure,1,17.43705337563089
Coagulation and hemorrhagic disorders | Hepatitis,D6959,Other secondary thrombocytopenia,K7010,Alcoholic hepatitis without ascites,2637,15.257971178671191,18.12440908200412,13.375274161652625,1.3550682298511256,Blood/immune,Digestive,Coagulation and hemorrhagic disorders,Hepatitis,6,89.5895337710236
Acute bronchitis | Asthma,J209,"Acute bronchitis, unspecified",J45901,Unspecified asthma with (acute) exacerbation,4024,12.461034265345866,14.687125313071194,13.354887473568583,1.099756575421494,Respiratory,Respiratory,Acute bronchitis,Asthma,4,12.461034265345866
Acute posthemorrhagic anemia | Gastritis and duodenitis,D62,Acute posthemorrhagic anemia,K2971,"Gastritis, unspecified, with bleeding",5738,8.570246301222316,16.356283877762728,13.320409838474548,1.2279114588891544,Blood/immune,Digestive,Acute posthemorrhagic anemia,Gastritis and duodenitis,1,8.570246301222316
Nervous system pain and pain syndromes | Opioid-related disorders,F1120,"Opioid dependence, uncomplicated",G894,Chronic pain syndrome,11352,12.72353456924585,16.972693868771742,13.28257563045879,1.2778164673010404,Mental/behavioural,Nervous,Opioid-related disorders,Nervous system pain and pain syndromes,1,12.72353456924585
Blindness and vision defects | Headache; including migraine,H538,Other visual disturbances,R51,Headache,1593,13.256089809565887,15.197134505223271,13.20805360087155,1.1505960654354457,Eye/ear,Symptoms/signs,Blindness and vision defects,Headache; including migraine,2,13.256089809565887
Fluid and electrolyte disorders | Other specified status,E870,Hyperosmolality and hypernatremia,Z9911,Dependence on respirator [ventilator] status,3841,11.241881629124656,14.190184100674015,13.18889640966833,1.0759189897246957,Endocrine/metabolic,Factors/status,Fluid and electrolyte disorders,Other specified status,3,15.830668945366966
Schizophrenia spectrum and other psychotic disorders | Symptoms of mental and substance use conditions,F22,Delusional disorders,R451,Restlessness and agitation,658,15.375296802774091,16.704613492368292,13.159006038147286,1.2694434096270244,Mental/behavioural,Symptoms/signs,Schizophrenia spectrum and other psychotic disorders,Symptoms of mental and substance use conditions,1,15.375296802774091
Benign neoplasms | Esophageal disorders,K210,Gastro-esophageal reflux disease with esophagitis,K317,Polyp of stomach and duodenum,788,15.386089742944474,17.14641234505061,13.094117558525722,1.309474446705757,Digestive,Digestive,Esophageal disorders,Benign neoplasms,2,22.094047188822167
Calculus of urinary tract | Urinary tract infections,N10,Acute pyelonephritis,N200,Calculus of kidney,1954,12.137685000004218,13.573844579544344,13.063494990169565,1.0390668492435466,Genitourinary,Genitourinary,Urinary tract infections,Calculus of urinary tract,5,28.44471648950936
Cardiac dysrhythmias | Shock,I472,Ventricular tachycardia,R570,Cardiogenic shock,7532,15.21752944263618,20.280334423095805,13.051411036918813,1.553880600781661,Circulatory,Symptoms/signs,Cardiac dysrhythmias,Shock,1,15.21752944263618
Cardiac arrest and ventricular fibrillation | Unacceptable PDX,I469,"Cardiac arrest, cause unspecified",R6521,Severe sepsis with septic shock,7076,13.204554932247929,17.793903009898116,13.04442753581704,1.3640999546388748,Circulatory,Symptoms/signs,Cardiac arrest and ventricular fibrillation,Unacceptable PDX,9,233.0805158803579
Other specified inflammatory condition of skin | Skin/Subcutaneous signs and symptoms,L299,"Pruritus, unspecified",R21,Rash and other nonspecific skin eruption,834,13.36820372739038,14.435622044649069,12.955227344189709,1.114270067296295,Skin,Symptoms/signs,Other specified inflammatory condition of skin,Skin/Subcutaneous signs and symptoms,1,13.36820372739038
Abnormal findings without diagnosis | Coronary atherosclerosis and other heart disease,I25110,Athscl heart disease of native cor art w unstable ang pctrs,R9439,Abnormal result of other cardiovascular function study,560,17.987967358964735,21.02842682695364,12.953856613046945,1.6233333018194829,Circulatory,Symptoms/signs,Coronary atherosclerosis and other heart disease,Abnormal findings without diagnosis,1,17.987967358964735
Multiple myeloma | Other specified and unspecified nutritional and metabolic disorders,C9000,Multiple myeloma not having achieved remission,E8352,Hypercalcemia,1913,16.074674893616027,18.430868053867165,12.89293651475077,1.4295322119038176,Neoplasm,Endocrine/metabolic,Multiple myeloma,Other specified and unspecified nutritional and metabolic disorders,1,16.074674893616027
Diabetes mellitus with complication | Infective arthritis,E1169,Type 2 diabetes mellitus with other specified complication,M009,"Pyogenic arthritis, unspecified",1411,15.15650392956586,17.855106602285062,12.866612447249098,1.3877084333959644,Endocrine/metabolic,Musculoskeletal,Diabetes mellitus with complication,Infective arthritis,2,15.15650392956586
Abdominal hernia | Gastroduodenal ulcer,K259,"Gastric ulcer, unsp as acute or chronic, w/o hemor or perf",K449,Diaphragmatic hernia without obstruction or gangrene,3870,12.755516890305206,16.701748071868057,12.857517545668342,1.298986994382506,Digestive,Digestive,Gastroduodenal ulcer,Abdominal hernia,2,12.755516890305206
Other specified and unspecified diseases of kidney and ureters | Secondary malignancies,C786,Secondary malignant neoplasm of retroperiton and peritoneum,N1330,Unspecified hydronephrosis,1467,13.487295270649597,14.932265380683145,12.83137188400024,1.163731011436319,Neoplasm,Genitourinary,Secondary malignancies,Other specified and unspecified diseases of kidney and ureters,3,24.4592097654162
Nervous system signs and symptoms | Other specified and unspecified diseases of bladder and urethra,N319,"Neuromuscular dysfunction of bladder, unspecified",R532,Functional quadriplegia,1198,13.22663742479515,14.677787877099563,12.807586531073104,1.146022932696107,Genitourinary,Symptoms/signs,Other specified and unspecified diseases of bladder and urethra,Nervous system signs and symptoms,1,13.22663742479515
Coagulation and hemorrhagic disorders | Fluid and electrolyte disorders,D65,Disseminated intravascular coagulation,E872,Acidosis,4365,7.991485717783563,15.118837177684265,12.710846030397477,1.1894438136948693,Blood/immune,Endocrine/metabolic,Coagulation and hemorrhagic disorders,Fluid and electrolyte disorders,5,19.42289899437044
Dysphagia | Other general signs and symptoms,R1310,"Dysphagia, unspecified",R490,Dysphonia,1267,11.92182315470917,15.694605841338642,12.691754427436225,1.2365986066836472,Symptoms/signs,Symptoms/signs,Dysphagia,Other general signs and symptoms,1,11.92182315470917
Anal and rectal conditions | Gastritis and duodenitis,K2970,"Gastritis, unspecified, without bleeding",K621,Rectal polyp,511,13.966526995905834,16.046075183191057,12.646250565211853,1.2688405231612023,Digestive,Digestive,Gastritis and duodenitis,Anal and rectal conditions,1,13.966526995905834
Acute myocardial infarction | Coronary atherosclerosis and other heart disease,I214,Non-ST elevation (NSTEMI) myocardial infarction,I25110,Athscl heart disease of native cor art w unstable ang pctrs,14708,13.695006718844024,20.29481577699072,12.5815351662082,1.6130635497883472,Circulatory,Circulatory,Acute myocardial infarction,Coronary atherosclerosis and other heart disease,10,16.409993556301433
Coma; stupor; and brain damage | Respiratory failure; insufficiency; arrest,G931,"Anoxic brain damage, not elsewhere classified",J9601,Acute respiratory failure with hypoxia,11661,8.148479632796551,14.99665869977809,12.578422426813042,1.1922527476744753,Nervous,Respiratory,Coma; stupor; and brain damage,Respiratory failure; insufficiency; arrest,7,20.52938042940252
Diabetes mellitus with complication | Spondylopathies/spondyloarthropathy (including infective),E1169,Type 2 diabetes mellitus with other specified complication,M4646,"Discitis, unspecified, lumbar region",573,16.498788765700354,19.49551754898175,12.564855420715595,1.5515910765546583,Endocrine/metabolic,Musculoskeletal,Diabetes mellitus with complication,Spondylopathies/spondyloarthropathy (including infective),1,16.498788765700354
Other specified status | Respiratory failure; insufficiency; arrest,J9621,Acute and chronic respiratory failure with hypoxia,Z9911,Dependence on respirator [ventilator] status,5281,10.49892948121144,14.460198798806058,12.50286680091784,1.1565506558659433,Respiratory,Factors/status,Respiratory failure; insufficiency; arrest,Other specified status,7,30.67116007747983
Occlusion or stenosis of precerebral or cerebral arteries without infarction | Other and ill-defined cerebrovascular disease,I6523,Occlusion and stenosis of bilateral carotid arteries,I672,Cerebral atherosclerosis,654,20.28596364992984,22.55198457811112,12.499784280783013,1.804189902123528,Circulatory,Circulatory,Occlusion or stenosis of precerebral or cerebral arteries without infarction,Other and ill-defined cerebrovascular disease,1,20.28596364992984
"Complication of other surgical or medical care, injury, initial encounter | Conditions due to neoplasm or the treatment of neoplasm",D61810,Antineoplastic chemotherapy induced pancytopenia,T80211A,"Bloodstream infection due to central venous catheter, init",618,14.888377000883764,16.166831602848188,12.487761423299286,1.2946140669123134,Blood/immune,Injury/poisoning,Conditions due to neoplasm or the treatment of neoplasm,"Complication of other surgical or medical care, injury, initial encounter",1,14.888377000883764
Diseases of white blood cells | Multiple myeloma,C9000,Multiple myeloma not having achieved remission,D709,"Neutropenia, unspecified",874,12.549452698035951,13.524606407739835,12.48759216876664,1.0830435703663457,Neoplasm,Blood/immune,Multiple myeloma,Diseases of white blood cells,1,12.549452698035951
Gastrointestinal hemorrhage | Other specified and unspecified disorders of stomach and duodenum,K3189,Other diseases of stomach and duodenum,K921,Melena,2273,12.912317755076012,14.680754591821778,12.444823580738737,1.179667553869037,Digestive,Digestive,Other specified and unspecified disorders of stomach and duodenum,Gastrointestinal hemorrhage,8,20.685464522113765
Drug induced or toxic related condition | Secondary malignancies,C7951,Secondary malignant neoplasm of bone,K5903,Drug induced constipation,3196,12.855442907544235,15.160311334734368,12.335047768767586,1.2290435853130917,Neoplasm,Digestive,Secondary malignancies,Drug induced or toxic related condition,7,19.893366356190807
Fluid and electrolyte disorders | Shock,E874,Mixed disorder of acid-base balance,R570,Cardiogenic shock,2487,14.277592968147404,16.39065071331237,12.32190153049656,1.330204650048996,Endocrine/metabolic,Symptoms/signs,Fluid and electrolyte disorders,Shock,4,14.277592968147404
Gastritis and duodenitis | Hemorrhoids,K2970,"Gastritis, unspecified, without bleeding",K648,Other hemorrhoids,4413,12.83425170855229,15.410598208190455,12.308408885810778,1.2520382082818116,Digestive,Digestive,Gastritis and duodenitis,Hemorrhoids,6,17.852161778828577
Nerve and nerve root disorders | Nervous system signs and symptoms,G510,Bell's palsy,R471,Dysarthria and anarthria,811,13.98816028989114,15.348679193016318,12.249846575486298,1.2529690962604567,Nervous,Symptoms/signs,Nerve and nerve root disorders,Nervous system signs and symptoms,1,13.98816028989114
Nutritional anemia | Other specified and unspecified liver disease,D539,"Nutritional anemia, unspecified",K7031,Alcoholic cirrhosis of liver with ascites,2894,12.296092628389266,14.118063515787489,12.2132524263203,1.155962639842128,Blood/immune,Digestive,Nutritional anemia,Other specified and unspecified liver disease,2,12.296092628389266
Conditions due to neoplasm or the treatment of neoplasm | Noninfectious gastroenteritis,D6481,Anemia due to antineoplastic chemotherapy,K521,Toxic gastroenteritis and colitis,664,14.741691241759389,15.847094383637302,12.213039572056545,1.297555312921075,Blood/immune,Digestive,Conditions due to neoplasm or the treatment of neoplasm,Noninfectious gastroenteritis,1,14.741691241759389
Urinary system cancers - bladder | Urinary tract infections,C679,"Malignant neoplasm of bladder, unspecified",N136,Pyonephrosis,1241,14.10815432694499,15.812793043471087,12.188052101268545,1.2974011689550686,Neoplasm,Genitourinary,Urinary system cancers - bladder,Urinary tract infections,1,14.10815432694499
Pericarditis and pericardial disease | Unacceptable PDX,I313,Pericardial effusion (noninflammatory),J910,Malignant pleural effusion,1413,14.678964775535976,16.399842529850872,12.180406748306863,1.3464117306370358,Circulatory,Respiratory,Pericarditis and pericardial disease,Unacceptable PDX,2,14.678964775535976
Other specified inflammatory condition of skin | Unacceptable PDX,L270,Gen skin eruption due to drugs and meds taken internally,R5081,Fever presenting with conditions classified elsewhere,546,14.01349116412108,15.0477423907177,12.178368379504333,1.235612351490566,Skin,Symptoms/signs,Other specified inflammatory condition of skin,Unacceptable PDX,1,14.01349116412108
Other specified and unspecified gastrointestinal disorders | Peritonitis and intra-abdominal abscess,K651,Peritoneal abscess,K660,Peritoneal adhesions (postprocedural) (postinfection),1232,13.330687373171513,14.735187680717852,12.177608201920924,1.2100231372523127,Digestive,Digestive,Peritonitis and intra-abdominal abscess,Other specified and unspecified gastrointestinal disorders,3,63.18918006914839
Acute hemorrhagic cerebrovascular disease | Other aftercare encounter,I615,"Nontraumatic intracerebral hemorrhage, intraventricular",Z515,Encounter for palliative care,2058,10.830881136354993,15.342870914866092,12.162447675670666,1.2614953275858636,Circulatory,Factors/status,Acute hemorrhagic cerebrovascular disease,Other aftercare encounter,1,10.830881136354993
Esophageal disorders | Gastroduodenal ulcer,K210,Gastro-esophageal reflux disease with esophagitis,K259,"Gastric ulcer, unsp as acute or chronic, w/o hemor or perf",1409,13.934503634662342,15.59607170038382,12.148666255695124,1.2837682237811578,Digestive,Digestive,Esophageal disorders,Gastroduodenal ulcer,8,43.56866940396667
Alcohol-related disorders | Epilepsy; convulsions,F10239,"Alcohol dependence with withdrawal, unspecified",G4089,Other seizures,1570,14.996251993416973,17.747597482947654,12.141232864240084,1.4617623828977169,Mental/behavioural,Nervous,Alcohol-related disorders,Epilepsy; convulsions,3,20.197580228966004
Benign neoplasms | Gastrointestinal hemorrhage,K635,Polyp of colon,K921,Melena,1596,15.023277127561016,17.101327269785187,12.11608894426293,1.411456068740962,Digestive,Digestive,Benign neoplasms,Gastrointestinal hemorrhage,8,18.62584555234867
Coronary atherosclerosis and other heart disease | Heart failure,I255,Ischemic cardiomyopathy,I5023,Acute on chronic systolic (congestive) heart failure,33065,12.710225743597244,21.472235149101145,12.111426427630814,1.7728906894166263,Circulatory,Circulatory,Coronary atherosclerosis and other heart disease,Heart failure,9,15.22174528475738
Conditions due to neoplasm or the treatment of neoplasm | Female reproductive system cancers - ovary,C569,Malignant neoplasm of unspecified ovary,G893,Neoplasm related pain (acute) (chronic),719,15.580244506151104,17.32944045243001,12.100331369190748,1.4321459407759158,Neoplasm,Nervous,Female reproductive system cancers - ovary,Conditions due to neoplasm or the treatment of neoplasm,2,22.283293156579024
Abdominal hernia | Gastritis and duodenitis,K2970,"Gastritis, unspecified, without bleeding",K449,Diaphragmatic hernia without obstruction or gangrene,13031,11.011484687742282,14.892131259775606,12.092028528035623,1.2315660044340686,Digestive,Digestive,Gastritis and duodenitis,Abdominal hernia,6,14.476914374773102
Genitourinary congenital anomalies | Other specified and unspecified diseases of kidney and ureters,N2581,Secondary hyperparathyroidism of renal origin,Q613,"Polycystic kidney, unspecified",818,13.19602272449078,15.151200309254603,12.053032273542245,1.257044697583129,Genitourinary,Congenital,Other specified and unspecified diseases of kidney and ureters,Genitourinary congenital anomalies,1,13.19602272449078
Unacceptable PDX | Urinary tract infections,B964,Proteus (mirabilis) (morganii) causing dis classd elswhr,N390,"Urinary tract infection, site not specified",11578,8.29545781436035,17.013447726110623,12.045535074416057,1.4124277270377217,Infectious,Genitourinary,Unacceptable PDX,Urinary tract infections,18,22.12813889700999
Acute and unspecified renal failure | Shock,N170,Acute kidney failure with tubular necrosis,R570,Cardiogenic shock,7261,13.211838366452175,17.224136132670633,11.964134459799215,1.4396474889634172,Genitourinary,Symptoms/signs,Acute and unspecified renal failure,Shock,4,13.211838366452175
Aplastic anemia | Hepatic failure,D61818,Other pancytopenia,K7290,"Hepatic failure, unspecified without coma",4961,13.354965065228372,16.325049603482327,11.95351824406142,1.3657108535048006,Blood/immune,Digestive,Aplastic anemia,Hepatic failure,3,14.599641273367457
"Abdominal pain and other digestive/abdomen signs and symptoms | Pleurisy, pleural effusion and pulmonary collapse",J948,Other specified pleural conditions,R188,Other ascites,879,13.601733090446492,15.926897399496877,11.933341118077871,1.3346553359954778,Respiratory,Symptoms/signs,"Pleurisy, pleural effusion and pulmonary collapse",Abdominal pain and other digestive/abdomen signs and symptoms,1,13.601733090446492
Diabetes mellitus with complication | Other specified diseases of veins and lymphatics,E11622,Type 2 diabetes mellitus with other skin ulcer,I878,Other specified disorders of veins,630,16.283599024021136,17.698665397395274,11.904306013378545,1.4867448280903393,Endocrine/metabolic,Circulatory,Diabetes mellitus with complication,Other specified diseases of veins and lymphatics,2,16.283599024021136
Encounter for antineoplastic therapies | Nausea and vomiting,R110,Nausea,Z5111,Encounter for antineoplastic chemotherapy,1815,12.193710938290437,13.573899444744002,11.81592011753836,1.1487805697498137,Symptoms/signs,Factors/status,Nausea and vomiting,Encounter for antineoplastic therapies,1,12.193710938290437
Nutritional anemia | Other specified and unspecified hematologic conditions,D539,"Nutritional anemia, unspecified",D7589,Other specified diseases of blood and blood-forming organs,1069,13.827653276591326,15.490923510441068,11.809885899456209,1.3116912087316912,Blood/immune,Blood/immune,Nutritional anemia,Other specified and unspecified hematologic conditions,1,13.827653276591326
Nervous system signs and symptoms | Skin/Subcutaneous signs and symptoms,R200,Anesthesia of skin,R29810,Facial weakness,1694,12.008124746464608,13.488495441098,11.779183833135257,1.145112906987188,Symptoms/signs,Symptoms/signs,Skin/Subcutaneous signs and symptoms,Nervous system signs and symptoms,4,14.032436114599902
Gangrene | Pressure ulcer of skin,I96,"Gangrene, not elsewhere classified",L89154,"Pressure ulcer of sacral region, stage 4",891,14.297715941516676,15.52198848975402,11.77783264926577,1.3178985431349002,Circulatory,Skin,Gangrene,Pressure ulcer of skin,1,14.297715941516676
Abnormal findings without diagnosis | Other general signs and symptoms,R590,Localized enlarged lymph nodes,R918,Other nonspecific abnormal finding of lung field,1978,12.951316628851002,14.59302770536176,11.7748552783826,1.239338179565827,Symptoms/signs,Symptoms/signs,Other general signs and symptoms,Abnormal findings without diagnosis,2,12.951316628851002
Chronic obstructive pulmonary disease and bronchiectasis | Unacceptable PDX,J441,Chronic obstructive pulmonary disease w (acute) exacerbation,Z9981,Dependence on supplemental oxygen,79766,9.06874003178149,18.67411145462945,11.75493222318558,1.5886192365955454,Respiratory,Factors/status,Chronic obstructive pulmonary disease and bronchiectasis,Unacceptable PDX,6,11.871182949674202
Abdominal pain and other digestive/abdomen signs and symptoms | Gastrointestinal cancers - bile duct,C221,Intrahepatic bile duct carcinoma,R188,Other ascites,758,13.908631501629085,16.325761464682042,11.752275553672256,1.3891574776410598,Neoplasm,Symptoms/signs,Gastrointestinal cancers - bile duct,Abdominal pain and other digestive/abdomen signs and symptoms,1,13.908631501629085
Hematuria | Other specified and unspecified diseases of kidney and ureters,N1330,Unspecified hydronephrosis,R310,Gross hematuria,1985,14.9935133383211,17.00423998397248,11.751183296896556,1.4470236362037887,Genitourinary,Symptoms/signs,Other specified and unspecified diseases of kidney and ureters,Hematuria,6,18.34467254313084
Gastrointestinal cancers - esophagus | Unacceptable PDX,C159,"Malignant neoplasm of esophagus, unspecified",Z9221,Personal history of antineoplastic chemotherapy,973,13.686237540690668,16.895494896287968,11.737236762479371,1.4394780678104824,Neoplasm,Factors/status,Gastrointestinal cancers - esophagus,Unacceptable PDX,3,14.852952163545249
Multiple myeloma | Neoplasms of unspecified nature or uncertain behavior,C9000,Multiple myeloma not having achieved remission,D472,Monoclonal gammopathy,567,18.68497487750556,20.25044509294435,11.70175175777321,1.7305481702337804,Neoplasm,Neoplasm,Multiple myeloma,Neoplasms of unspecified nature or uncertain behavior,1,18.68497487750556
Conditions due to neoplasm or the treatment of neoplasm | Other specified and unspecified diseases of kidney and ureters,G893,Neoplasm related pain (acute) (chronic),N131,"Hydronephrosis w ureteral stricture, NEC",527,13.696425969623771,14.987621356698394,11.701593009902654,1.2808188888482863,Nervous,Genitourinary,Conditions due to neoplasm or the treatment of neoplasm,Other specified and unspecified diseases of kidney and ureters,1,13.696425969623771
Heart failure | Unacceptable PDX,I5022,Chronic systolic (congestive) heart failure,Z95810,Presence of automatic (implantable) cardiac defibrillator,22650,13.215958917873564,20.551265862584124,11.700678811447435,1.7564165458911372,Circulatory,Factors/status,Heart failure,Unacceptable PDX,12,24.43755780357645
Noninfectious hepatitis | Other specified and unspecified nutritional and metabolic disorders,E7220,"Disorder of urea cycle metabolism, unspecified",K7581,Nonalcoholic steatohepatitis (NASH),608,14.717806838134422,15.842337417988936,11.697961494224408,1.3542818914056705,Endocrine/metabolic,Digestive,Other specified and unspecified nutritional and metabolic disorders,Noninfectious hepatitis,1,14.717806838134422
"Complication of genitourinary device, implant or graft, initial encounter | Nervous system signs and symptoms",R532,Functional quadriplegia,T83511A,"I/I react d/t indwelling urethral catheter, init",880,16.729583334708735,18.333857150464688,11.67880229387887,1.5698405272323075,Symptoms/signs,Injury/poisoning,Nervous system signs and symptoms,"Complication of genitourinary device, implant or graft, initial encounter",1,16.729583334708735
Coagulation and hemorrhagic disorders | Other aftercare encounter,D65,Disseminated intravascular coagulation,Z515,Encounter for palliative care,2283,9.212153906480063,12.248744176066948,11.657745935580838,1.050695755744883,Blood/immune,Factors/status,Coagulation and hemorrhagic disorders,Other aftercare encounter,1,9.212153906480063
Conditions due to neoplasm or the treatment of neoplasm | Encounter for antineoplastic therapies,G893,Neoplasm related pain (acute) (chronic),Z5111,Encounter for antineoplastic chemotherapy,1874,11.230278906979075,12.469862418408797,11.656496577129376,1.069777899036601,Nervous,Factors/status,Conditions due to neoplasm or the treatment of neoplasm,Encounter for antineoplastic therapies,1,11.230278906979075
Nonspecific chest pain | Respiratory signs and symptoms,R0602,Shortness of breath,R079,"Chest pain, unspecified",2163,12.584158744564307,14.337588438700358,11.62075290814502,1.2337916959452,Symptoms/signs,Symptoms/signs,Respiratory signs and symptoms,Nonspecific chest pain,3,12.584158744564307
Osteomyelitis | Unacceptable PDX,B9561,Methicillin suscep staph infct causing dis classd elswhr,M869,"Osteomyelitis, unspecified",1558,14.32203232194296,16.01485341022519,11.60997925765878,1.3794041362873783,Infectious,Musculoskeletal,Unacceptable PDX,Osteomyelitis,18,48.31147249942487
Other specified diseases of veins and lymphatics | Unacceptable PDX,I890,"Lymphedema, not elsewhere classified",Z6843,"Body mass index [BMI] 50.0-59.9, adult",4278,11.817965898589458,14.110403114026893,11.603393346328533,1.2160583281865225,Circulatory,Factors/status,Other specified diseases of veins and lymphatics,Unacceptable PDX,5,40.11696056470648
Diseases of white blood cells | Noninfectious gastroenteritis,D709,"Neutropenia, unspecified",K521,Toxic gastroenteritis and colitis,663,12.798588115892558,13.69151164163164,11.600907045219204,1.180210442878601,Blood/immune,Digestive,Diseases of white blood cells,Noninfectious gastroenteritis,1,12.798588115892558
Aplastic anemia | Coagulation and hemorrhagic disorders,D61818,Other pancytopenia,D684,Acquired coagulation factor deficiency,2006,13.045269079938928,15.245784995735736,11.599842524541884,1.314309652349168,Blood/immune,Blood/immune,Aplastic anemia,Coagulation and hemorrhagic disorders,2,13.045269079938928
Acquired absence of limb or organ | Unacceptable PDX,Z9013,Acquired absence of bilateral breasts and nipples,Z9221,Personal history of antineoplastic chemotherapy,2817,13.40462245851703,16.754520633944225,11.567741427820993,1.448383051997408,Factors/status,Factors/status,Acquired absence of limb or organ,Unacceptable PDX,8,13.40462245851703
Heart failure | Obesity,E662,Morbid (severe) obesity with alveolar hypoventilation,I5033,Acute on chronic diastolic (congestive) heart failure,9161,9.402778610802564,12.569388753437837,11.56628928662069,1.086726126414414,Endocrine/metabolic,Circulatory,Obesity,Heart failure,1,9.402778610802564
"Aspiration pneumonitis | Effect of foreign body entering opening, initial encounter",J690,Pneumonitis due to inhalation of food and vomit,T17890A,"Oth foreign object in oth prt resp tract cause asphyx, init",1113,11.83224183808637,15.2454282055031,11.549907335660372,1.319961083880976,Respiratory,Injury/poisoning,Aspiration pneumonitis,"Effect of foreign body entering opening, initial encounter",3,12.009165170041143
Benign neoplasms | Gastritis and duodenitis,K2970,"Gastritis, unspecified, without bleeding",K635,Polyp of colon,1940,12.655200317576648,14.623282739998624,11.5426259103832,1.266893933281179,Digestive,Digestive,Gastritis and duodenitis,Benign neoplasms,5,18.83978024849048
Hepatitis | Other specified and unspecified liver disease,B1920,Unspecified viral hepatitis C without hepatic coma,K7460,Unspecified cirrhosis of liver,8021,11.999726101866932,15.109318413154956,11.538563044274024,1.3094627429065278,Infectious,Digestive,Hepatitis,Other specified and unspecified liver disease,19,109.91285360405476
Cardiac arrest and ventricular fibrillation | Fluid and electrolyte disorders,E874,Mixed disorder of acid-base balance,I469,"Cardiac arrest, cause unspecified",1863,13.266916276682746,14.85925817196331,11.423225651387554,1.3007935433857414,Endocrine/metabolic,Circulatory,Fluid and electrolyte disorders,Cardiac arrest and ventricular fibrillation,2,13.266916276682746
Fluid and electrolyte disorders | Hypotension,E861,Hypovolemia,I9589,Other hypotension,3249,12.220304416073644,14.592774329254432,11.408057342372226,1.2791638305545163,Endocrine/metabolic,Circulatory,Fluid and electrolyte disorders,Hypotension,2,12.220304416073644
Malaise and fatigue | Other specified connective tissue disease,M797,Fibromyalgia,R5382,"Chronic fatigue, unspecified",847,14.291809162565093,17.532390419209946,11.39917804417641,1.538039878951348,Musculoskeletal,Symptoms/signs,Other specified connective tissue disease,Malaise and fatigue,1,14.291809162565093
Hepatitis | Nutritional anemia,D539,"Nutritional anemia, unspecified",K7010,Alcoholic hepatitis without ascites,1420,10.167182326642772,11.152303166595932,11.389069729207211,0.9792110709442676,Blood/immune,Digestive,Nutritional anemia,Hepatitis,2,22.887224633779283
"Effect of other external causes, initial encounter | Muscle disorders",M6282,Rhabdomyolysis,T68XXXA,"Hypothermia, initial encounter",594,13.141509849104912,14.51257974268088,11.381364056954812,1.2751177864144216,Musculoskeletal,Injury/poisoning,Muscle disorders,"Effect of other external causes, initial encounter",1,13.141509849104912
Nervous system signs and symptoms | Transient cerebral ischemia,G459,"Transient cerebral ischemic attack, unspecified",R4701,Aphasia,3233,14.850926127567256,17.741471283321573,11.369715868641588,1.5604146566453518,Nervous,Symptoms/signs,Transient cerebral ischemia,Nervous system signs and symptoms,4,23.261958736598707
Fever | Respiratory signs and symptoms,R05,Cough,R509,"Fever, unspecified",1697,11.665367827446651,12.976810126978728,11.364369477463178,1.1418856235458728,Symptoms/signs,Symptoms/signs,Respiratory signs and symptoms,Fever,1,11.665367827446651
Breast cancer - all other types | Conditions due to neoplasm or the treatment of neoplasm,C50919,Malignant neoplasm of unsp site of unspecified female breast,G893,Neoplasm related pain (acute) (chronic),1023,13.739376675714343,15.205538730018104,11.351296968224306,1.339541972391611,Neoplasm,Nervous,Breast cancer - all other types,Conditions due to neoplasm or the treatment of neoplasm,5,14.793335424098167
Cerebral infarction | Other and ill-defined cerebrovascular disease,I639,"Cerebral infarction, unspecified",I672,Cerebral atherosclerosis,965,15.977535260038326,18.41314350912215,11.345420348638577,1.622958245996737,Circulatory,Circulatory,Cerebral infarction,Other and ill-defined cerebrovascular disease,1,15.977535260038326
Abdominal pain and other digestive/abdomen signs and symptoms | Paralysis (other than cerebral palsy),G8220,"Paraplegia, unspecified",R159,Full incontinence of feces,522,11.482483570195736,12.155791880127454,11.335215368763778,1.0723917883046952,Nervous,Symptoms/signs,Paralysis (other than cerebral palsy),Abdominal pain and other digestive/abdomen signs and symptoms,1,11.482483570195736
Epilepsy; convulsions | Neurodevelopmental disorders,F79,Unspecified intellectual disabilities,G40909,"Epilepsy, unsp, not intractable, without status epilepticus",4816,10.662912802810007,14.527814175583492,11.299986373203962,1.2856488225537852,Mental/behavioural,Nervous,Neurodevelopmental disorders,Epilepsy; convulsions,1,10.662912802810007
Coma; stupor; and brain damage | Nervous system signs and symptoms,G931,"Anoxic brain damage, not elsewhere classified",R532,Functional quadriplegia,633,12.186153062838452,12.998317180500464,11.299121769005238,1.150382963050837,Nervous,Symptoms/signs,Coma; stupor; and brain damage,Nervous system signs and symptoms,1,12.186153062838452
Conditions due to neoplasm or the treatment of neoplasm | Respiratory cancers,C3490,Malignant neoplasm of unsp part of unsp bronchus or lung,G893,Neoplasm related pain (acute) (chronic),2522,13.59777022721934,15.57444981406572,11.288251547849509,1.3797043543942609,Neoplasm,Nervous,Respiratory cancers,Conditions due to neoplasm or the treatment of neoplasm,8,16.396072309169142
Fluid and electrolyte disorders | Obesity,E662,Morbid (severe) obesity with alveolar hypoventilation,E874,Mixed disorder of acid-base balance,2331,13.1053357114157,14.879688733148386,11.28031541712195,1.3190844566777884,Endocrine/metabolic,Endocrine/metabolic,Obesity,Fluid and electrolyte disorders,2,13.1053357114157
Gastrointestinal hemorrhage | Nutritional anemia,D500,Iron deficiency anemia secondary to blood loss (chronic),K922,"Gastrointestinal hemorrhage, unspecified",4831,12.227608717828248,14.605605057517185,11.271265916104474,1.2958264995459454,Blood/immune,Digestive,Nutritional anemia,Gastrointestinal hemorrhage,4,12.371638434010777
Obsessive-compulsive and related disorders | Personality disorders,F429,"Obsessive-compulsive disorder, unspecified",F603,Borderline personality disorder,801,16.588535968962535,18.1075450059478,11.262911881231815,1.6077143457121132,Mental/behavioural,Mental/behavioural,Obsessive-compulsive and related disorders,Personality disorders,1,16.588535968962535
Chronic rheumatic heart disease | Endocarditis and endocardial disease,I071,Rheumatic tricuspid insufficiency,I330,Acute and subacute infective endocarditis,547,10.883381077427728,11.535984241731663,11.25009877814673,1.025411818084679,Circulatory,Circulatory,Chronic rheumatic heart disease,Endocarditis and endocardial disease,1,10.883381077427728
Cardiac arrest and ventricular fibrillation | Respiratory failure; insufficiency; arrest,I469,"Cardiac arrest, cause unspecified",J9602,Acute respiratory failure with hypercapnia,3785,12.487642708504406,14.84587012790201,11.244568653564317,1.3202703087411138,Circulatory,Respiratory,Cardiac arrest and ventricular fibrillation,Respiratory failure; insufficiency; arrest,6,17.83079208623982
Coronary atherosclerosis and other heart disease | Postprocedural or postoperative circulatory system complication,I25110,Athscl heart disease of native cor art w unstable ang pctrs,I97190,Oth postproc cardiac functn disturb fol cardiac surgery,611,16.953787834359055,19.64711347063505,11.243829709296644,1.7473684659587465,Circulatory,Circulatory,Coronary atherosclerosis and other heart disease,Postprocedural or postoperative circulatory system complication,1,16.953787834359055
Aplastic anemia | Noninfectious hepatitis,D61818,Other pancytopenia,K7581,Nonalcoholic steatohepatitis (NASH),3083,12.419917355602765,14.624469917105774,11.2197364466654,1.3034593091045636,Blood/immune,Digestive,Aplastic anemia,Noninfectious hepatitis,2,12.419917355602765
"Open wounds to limbs, initial encounter | Unacceptable PDX",S51812A,"Laceration without foreign body of left forearm, init encntr",Z915,Personal history of self-harm,613,17.92787274709949,21.51499232964179,11.207087817097952,1.9197665513798967,Injury,Factors/status,"Open wounds to limbs, initial encounter",Unacceptable PDX,1,17.92787274709949
Endocarditis and endocardial disease | Opioid-related disorders,F1110,"Opioid abuse, uncomplicated",I330,Acute and subacute infective endocarditis,787,15.136068514805023,16.48268181900149,11.203557846451252,1.471200670796055,Mental/behavioural,Circulatory,Opioid-related disorders,Endocarditis and endocardial disease,2,16.064218153855517
Aspiration pneumonitis | Postprocedural or postoperative respiratory system complication,J690,Pneumonitis due to inhalation of food and vomit,J95851,Ventilator associated pneumonia,975,10.47936398801233,13.036193769978889,11.177722046061003,1.1662656949474606,Respiratory,Respiratory,Aspiration pneumonitis,Postprocedural or postoperative respiratory system complication,1,10.47936398801233
Intestinal obstruction and ileus | Peritonitis and intra-abdominal abscess,K567,"Ileus, unspecified",K651,Peritoneal abscess,2009,11.931293608868652,13.756728470399356,11.176179651457977,1.2308972206441526,Digestive,Digestive,Intestinal obstruction and ileus,Peritonitis and intra-abdominal abscess,2,13.697411112860692
Blindness and vision defects | Cerebral infarction,H532,Diplopia,I639,"Cerebral infarction, unspecified",1111,12.135770113901051,13.553515200791596,11.170725719219575,1.2133065963182998,Eye/ear,Circulatory,Blindness and vision defects,Cerebral infarction,2,12.135770113901051
Chronic obstructive pulmonary disease and bronchiectasis | Respiratory signs and symptoms,J479,"Bronchiectasis, uncomplicated",R042,Hemoptysis,505,12.828652128136252,13.678930707688126,11.11900202849096,1.2302300757422016,Respiratory,Symptoms/signs,Chronic obstructive pulmonary disease and bronchiectasis,Respiratory signs and symptoms,2,17.299085337872324
Conduction disorders | Endocarditis and endocardial disease,I330,Acute and subacute infective endocarditis,I442,"Atrioventricular block, complete",547,11.177582038330748,11.85560112435734,11.11303077405405,1.0668197870950733,Circulatory,Circulatory,Endocarditis and endocardial disease,Conduction disorders,1,11.177582038330748
Circulatory signs and symptoms | General sensation/perception signs and symptoms,R002,Palpitations,R42,Dizziness and giddiness,865,12.04886498194056,13.242606555897046,11.096745160258989,1.19337755032197,Symptoms/signs,Symptoms/signs,Circulatory signs and symptoms,General sensation/perception signs and symptoms,1,12.04886498194056
Genitourinary signs and symptoms | Other specified and unspecified diseases of bladder and urethra,N3289,Other specified disorders of bladder,R338,Other retention of urine,2192,17.38332670605478,20.89747449252256,11.07943196404326,1.8861503514207567,Genitourinary,Symptoms/signs,Other specified and unspecified diseases of bladder and urethra,Genitourinary signs and symptoms,3,17.38332670605478
Blindness and vision defects | General sensation/perception signs and symptoms,H538,Other visual disturbances,R42,Dizziness and giddiness,1087,11.607696550014769,12.771610846439357,11.072189054599669,1.1534856191002,Eye/ear,Symptoms/signs,Blindness and vision defects,General sensation/perception signs and symptoms,2,12.341565163958236
Muscle disorders | Other specified and unspecified diseases of bladder and urethra,M62838,Other muscle spasm,N319,"Neuromuscular dysfunction of bladder, unspecified",912,12.20413905852961,13.36700872271849,11.064413021536048,1.2081082563259895,Musculoskeletal,Genitourinary,Muscle disorders,Other specified and unspecified diseases of bladder and urethra,1,12.20413905852961
Acute myocardial infarction | Other and ill-defined heart disease,I214,Non-ST elevation (NSTEMI) myocardial infarction,I5181,Takotsubo syndrome,1786,11.14708619954142,14.07139249685437,11.060471314131528,1.2722235876943062,Circulatory,Circulatory,Acute myocardial infarction,Other and ill-defined heart disease,2,11.14708619954142
Endocarditis and endocardial disease | Unacceptable PDX,I330,Acute and subacute infective endocarditis,R6521,Severe sepsis with septic shock,2349,10.359185115262855,12.630992229108676,11.0466353223839,1.1434243876517205,Circulatory,Symptoms/signs,Endocarditis and endocardial disease,Unacceptable PDX,3,19.52423907849489
Nervous system signs and symptoms | Unacceptable PDX,R29810,Facial weakness,R402142,"Coma scale, eyes open, spontaneous, EMR",3364,12.556240346702491,14.615351008909393,11.030930645202606,1.3249426978552952,Symptoms/signs,Symptoms/signs,Nervous system signs and symptoms,Unacceptable PDX,69,53.397861115236
Intestinal obstruction and ileus | Other aftercare encounter,K567,"Ileus, unspecified",Z433,Encounter for attention to colostomy,692,12.08537364597613,13.717302686910251,11.025499512567194,1.244143421463568,Digestive,Factors/status,Intestinal obstruction and ileus,Other aftercare encounter,2,12.08537364597613
Coagulation and hemorrhagic disorders | Hematuria,D6832,Hemorrhagic disord d/t extrinsic circulating anticoagulants,R310,Gross hematuria,1242,18.150747414721195,20.40452651152873,11.014974758348773,1.852435158424959,Blood/immune,Symptoms/signs,Coagulation and hemorrhagic disorders,Hematuria,1,18.150747414721195
Heart failure | Shock,I5023,Acute on chronic systolic (congestive) heart failure,R570,Cardiogenic shock,8902,12.43607037953046,16.967187695084426,11.011619690535284,1.5408439604636976,Circulatory,Symptoms/signs,Heart failure,Shock,6,41.788002910626126
Myopathies | Unacceptable PDX,G7281,Critical illness myopathy,R6521,Severe sepsis with septic shock,1269,12.080639293287025,15.164492839137631,10.983334636239842,1.3806820370474675,Nervous,Symptoms/signs,Myopathies,Unacceptable PDX,2,12.080639293287025
Chronic obstructive pulmonary disease and bronchiectasis | Pneumothorax,J439,"Emphysema, unspecified",J9383,Other pneumothorax,854,11.152440702377609,12.72469532430011,10.970406723150203,1.1599109901229037,Respiratory,Respiratory,Chronic obstructive pulmonary disease and bronchiectasis,Pneumothorax,2,11.152440702377609
Postprocedural or postoperative respiratory system complication | Respiratory failure; insufficiency; arrest,J95851,Ventilator associated pneumonia,J9621,Acute and chronic respiratory failure with hypoxia,1173,9.541400317558915,12.442295909656032,10.934250495186456,1.1379194134187305,Respiratory,Respiratory,Postprocedural or postoperative respiratory system complication,Respiratory failure; insufficiency; arrest,3,11.177457957346087
Mental and substance use disorders in remission | Other specified diseases of veins and lymphatics,F1021,"Alcohol dependence, in remission",I8510,Secondary esophageal varices without bleeding,832,17.135539530777265,18.70814110301553,10.918550816530972,1.7134271220948956,Mental/behavioural,Circulatory,Mental and substance use disorders in remission,Other specified diseases of veins and lymphatics,2,17.135539530777265
"Complication of other surgical or medical care, injury, initial encounter | Gangrene",I96,"Gangrene, not elsewhere classified",T8131XA,"Disruption of external operation (surgical) wound, NEC, init",547,13.149918614451282,14.025954384794083,10.91002317243682,1.2856026209210425,Circulatory,Injury/poisoning,Gangrene,"Complication of other surgical or medical care, injury, initial encounter",1,13.149918614451282
Calculus of urinary tract | Other specified and unspecified diseases of kidney and ureters,N200,Calculus of kidney,N281,"Cyst of kidney, acquired",2319,12.064465377519705,13.60632189296004,10.900552655299194,1.2482231243886028,Genitourinary,Genitourinary,Calculus of urinary tract,Other specified and unspecified diseases of kidney and ureters,2,35.96539330748464
Coagulation and hemorrhagic disorders | Other specified and unspecified disorders of stomach and duodenum,D6959,Other secondary thrombocytopenia,K3189,Other diseases of stomach and duodenum,2869,12.521234502192298,14.534676649188915,10.891066163164831,1.3345503949234376,Blood/immune,Digestive,Coagulation and hemorrhagic disorders,Other specified and unspecified disorders of stomach and duodenum,3,34.7205922377509
Acquired foot deformities | Spondylopathies/spondyloarthropathy (including infective),M21372,"Foot drop, left foot",M48061,"Spinal stenosis, lumbar region without neurogenic claud",1015,12.84273425153125,14.639965744362003,10.853332729227986,1.3488912677427305,Musculoskeletal,Musculoskeletal,Acquired foot deformities,Spondylopathies/spondyloarthropathy (including infective),4,18.96468612866804
Trauma- and stressor-related disorders | Unacceptable PDX,F4310,"Post-traumatic stress disorder, unspecified",Z915,Personal history of self-harm,12984,13.938476047103803,19.517000739019107,10.847639296375132,1.799193373395163,Mental/behavioural,Factors/status,Trauma- and stressor-related disorders,Unacceptable PDX,8,27.294628006741355
Hepatic failure | Other specified and unspecified endocrine disorders,E162,"Hypoglycemia, unspecified",K7200,Acute and subacute hepatic failure without coma,1638,10.960607869741276,12.053442705911094,10.828723486044709,1.1130991313468033,Endocrine/metabolic,Digestive,Other specified and unspecified endocrine disorders,Hepatic failure,1,10.960607869741276
"Chronic kidney disease | Complication of other surgical or medical care, injury, initial encounter",N186,End stage renal disease,T80211A,"Bloodstream infection due to central venous catheter, init",2647,9.0919055938309,12.343516062834835,10.823547103395796,1.1404316851877665,Genitourinary,Injury/poisoning,Chronic kidney disease,"Complication of other surgical or medical care, injury, initial encounter",3,9.0919055938309
Intestinal obstruction and ileus | Other specified and unspecified gastrointestinal disorders,K567,"Ileus, unspecified",K660,Peritoneal adhesions (postprocedural) (postinfection),3876,10.281555487941338,11.93596556850077,10.805624998263715,1.1046066812811548,Digestive,Digestive,Intestinal obstruction and ileus,Other specified and unspecified gastrointestinal disorders,6,11.13773656999894
Diabetes mellitus with complication | Postthrombotic syndrome and venous insufficiency/hypertension,E11622,Type 2 diabetes mellitus with other skin ulcer,I872,Venous insufficiency (chronic) (peripheral),1046,13.984857249191691,15.782455920651511,10.78521658424404,1.4633415840445767,Endocrine/metabolic,Circulatory,Diabetes mellitus with complication,Postthrombotic syndrome and venous insufficiency/hypertension,2,17.324794566841256
Hemorrhoids | Other specified and unspecified disorders of stomach and duodenum,K3189,Other diseases of stomach and duodenum,K648,Other hemorrhoids,1662,11.814908257126554,13.070155623875715,10.751601424501969,1.2156473354834345,Digestive,Digestive,Other specified and unspecified disorders of stomach and duodenum,Hemorrhoids,4,17.075657309226887
Acute and unspecified renal failure | Coma; stupor; and brain damage,G931,"Anoxic brain damage, not elsewhere classified",N170,Acute kidney failure with tubular necrosis,3899,11.073783126611133,13.452774461759278,10.738466582902534,1.2527649416145117,Nervous,Genitourinary,Coma; stupor; and brain damage,Acute and unspecified renal failure,1,11.073783126611133
Aspiration pneumonitis | Postprocedural or postoperative digestive system complication,J690,Pneumonitis due to inhalation of food and vomit,K9423,Gastrostomy malfunction,1639,10.372741460717338,12.924514892799133,10.736816402294634,1.2037567197327648,Respiratory,Digestive,Aspiration pneumonitis,Postprocedural or postoperative digestive system complication,1,10.372741460717338
Epilepsy; convulsions | Nervous system cancers - brain,C719,"Malignant neoplasm of brain, unspecified",R569,Unspecified convulsions,542,12.10154020816596,13.543875454247113,10.70798045037277,1.2648393893710943,Neoplasm,Symptoms/signs,Nervous system cancers - brain,Epilepsy; convulsions,1,12.10154020816596
Coagulation and hemorrhagic disorders | Gastrointestinal hemorrhage,D6832,Hemorrhagic disord d/t extrinsic circulating anticoagulants,K921,Melena,1471,14.31615308077893,16.16977897177427,10.696238824598888,1.5117256857230503,Blood/immune,Digestive,Coagulation and hemorrhagic disorders,Gastrointestinal hemorrhage,4,14.31615308077893
"Internal organ injury, initial encounter | Unacceptable PDX",R402362,"Coma scale, best motor response, obeys commands, EMR",S270XXA,"Traumatic pneumothorax, initial encounter",727,12.549387628385974,13.5939014867405,10.693763855777004,1.2711989595129107,Symptoms/signs,Injury,Unacceptable PDX,"Internal organ injury, initial encounter",4,50.812181916540666
Shock | Unacceptable PDX,R570,Cardiogenic shock,R6521,Severe sepsis with septic shock,7616,11.457370485863084,14.911202920936809,10.683085215909038,1.3957768397027612,Symptoms/signs,Symptoms/signs,Shock,Unacceptable PDX,6,30.961553445301263
Coma; stupor; and brain damage | Unacceptable PDX,G931,"Anoxic brain damage, not elsewhere classified",R6521,Severe sepsis with septic shock,4454,10.458856336357098,12.988264544990288,10.663804516751291,1.217976616561904,Nervous,Symptoms/signs,Coma; stupor; and brain damage,Unacceptable PDX,12,92.46909584356212
Epilepsy; convulsions | Secondary malignancies,C7931,Secondary malignant neoplasm of brain,G4089,Other seizures,556,11.38829550005048,12.152942345412232,10.660973358076658,1.139946788836619,Neoplasm,Nervous,Secondary malignancies,Epilepsy; convulsions,1,11.38829550005048
"Fracture of head and neck, initial encounter | Respiratory failure; insufficiency; arrest",J9600,"Acute respiratory failure, unsp w hypoxia or hypercapnia",S0219XA,"Oth fracture of base of skull, init for clos fx",553,12.3707770096503,13.709375212914235,10.660617011394796,1.2859832782906202,Respiratory,Injury,Respiratory failure; insufficiency; arrest,"Fracture of head and neck, initial encounter",1,12.3707770096503
Bipolar and related disorders | Unacceptable PDX,F3181,Bipolar II disorder,Z915,Personal history of self-harm,1633,15.450920542050264,18.30641485618716,10.65562638230008,1.7180045733018288,Mental/behavioural,Factors/status,Bipolar and related disorders,Unacceptable PDX,8,23.993898032421
Gastroduodenal ulcer | Hemorrhoids,K259,"Gastric ulcer, unsp as acute or chronic, w/o hemor or perf",K648,Other hemorrhoids,1142,12.954530913832238,14.232113981297298,10.648020505556126,1.336597161310029,Digestive,Digestive,Gastroduodenal ulcer,Hemorrhoids,2,12.954530913832238
Circulatory signs and symptoms | Complications specified during childbirth,O7589,Other specified complications of labor and delivery,R030,"Elevated blood-pressure reading, w/o diagnosis of htn",1074,16.68454618490242,18.41236779673103,10.632316140314025,1.73173629844562,Pregnancy/childbirth,Symptoms/signs,Complications specified during childbirth,Circulatory signs and symptoms,1,16.68454618490242
Acute posthemorrhagic anemia | Gastrointestinal hemorrhage,D62,Acute posthemorrhagic anemia,K922,"Gastrointestinal hemorrhage, unspecified",22180,7.683178098397215,13.801290769690835,10.62251141351726,1.2992493236701583,Blood/immune,Digestive,Acute posthemorrhagic anemia,Gastrointestinal hemorrhage,3,12.636911469547364
"Effect of foreign body entering opening, initial encounter | Respiratory failure; insufficiency; arrest",J9621,Acute and chronic respiratory failure with hypoxia,T17990A,"Oth forn obj in resp tract, part unsp in cause asphyx, init",1294,10.29444796418311,13.79263976966869,10.619172985644338,1.2988431197339418,Respiratory,Injury/poisoning,Respiratory failure; insufficiency; arrest,"Effect of foreign body entering opening, initial encounter",7,11.77673075409712
Chronic rheumatic heart disease | Pulmonary heart disease,I081,Rheumatic disorders of both mitral and tricuspid valves,I2720,"Pulmonary hypertension, unspecified",10979,11.86232101731331,17.80164352927451,10.615826668408433,1.676896588962808,Circulatory,Circulatory,Chronic rheumatic heart disease,Pulmonary heart disease,12,23.66018745490441
Acute myocardial infarction | Conduction disorders,I2119,STEMI involving oth coronary artery of inferior wall,I442,"Atrioventricular block, complete",702,13.064233944351203,14.03834395739148,10.609283106617893,1.323213247899342,Circulatory,Circulatory,Acute myocardial infarction,Conduction disorders,1,13.064233944351203
Infective arthritis | Unacceptable PDX,B9561,Methicillin suscep staph infct causing dis classd elswhr,M009,"Pyogenic arthritis, unspecified",664,13.307404012909332,14.447188745784237,10.57678459027426,1.3659339114336273,Infectious,Musculoskeletal,Unacceptable PDX,Infective arthritis,1,13.307404012909332
Diabetes mellitus with complication | Other general signs and symptoms,E11649,Type 2 diabetes mellitus with hypoglycemia without coma,R680,"Hypothermia, not associated w low environmental temperature",1193,11.55376378418414,13.198904184764476,10.558452709471254,1.2500793959066234,Endocrine/metabolic,Symptoms/signs,Diabetes mellitus with complication,Other general signs and symptoms,1,11.55376378418414
Coagulation and hemorrhagic disorders | Leukemia - acute myeloid leukemia (AML),C9200,"Acute myeloblastic leukemia, not having achieved remission",D6959,Other secondary thrombocytopenia,940,11.716628439862507,13.089404332045174,10.530529872920903,1.2429957931845743,Neoplasm,Blood/immune,Leukemia - acute myeloid leukemia (AML),Coagulation and hemorrhagic disorders,1,11.716628439862507
Diabetes mellitus with complication | Proteinuria,E1121,Type 2 diabetes mellitus with diabetic nephropathy,R809,"Proteinuria, unspecified",964,11.707339051900515,12.924898752778468,10.514668734115295,1.229225482952504,Endocrine/metabolic,Symptoms/signs,Diabetes mellitus with complication,Proteinuria,1,11.707339051900515
Coma; stupor; and brain damage | Paralysis (other than cerebral palsy),G8250,"Quadriplegia, unspecified",G931,"Anoxic brain damage, not elsewhere classified",608,13.646562689317609,14.62298053003159,10.508274423521732,1.391568200512493,Nervous,Nervous,Paralysis (other than cerebral palsy),Coma; stupor; and brain damage,1,13.646562689317609
Pulmonary heart disease | Unacceptable PDX,I2781,Cor pulmonale (chronic),Z9981,Dependence on supplemental oxygen,3856,10.922236738473126,16.16603643367491,10.501688244381386,1.5393750088062332,Circulatory,Factors/status,Pulmonary heart disease,Unacceptable PDX,5,12.616935045778863
Nonrheumatic and unspecified valve disorders | Pulmonary heart disease,I2720,"Pulmonary hypertension, unspecified",I361,Nonrheumatic tricuspid (valve) insufficiency,4408,11.886785215951708,17.24941825842791,10.499442384091898,1.6428889866154373,Circulatory,Circulatory,Pulmonary heart disease,Nonrheumatic and unspecified valve disorders,2,11.886785215951708
Acute and unspecified renal failure | Myopathies,G7281,Critical illness myopathy,N170,Acute kidney failure with tubular necrosis,1059,12.193631019713864,14.710986010262864,10.481144724697463,1.4035667283172155,Nervous,Genitourinary,Myopathies,Acute and unspecified renal failure,1,12.193631019713864
Abdominal hernia | Anal and rectal conditions,K449,Diaphragmatic hernia without obstruction or gangrene,K621,Rectal polyp,781,11.199770690259442,13.833104037898623,10.456522908128251,1.3229162465799822,Digestive,Digestive,Abdominal hernia,Anal and rectal conditions,1,11.199770690259442
Abdominal pain and other digestive/abdomen signs and symptoms | Female reproductive system cancers - ovary,C569,Malignant neoplasm of unspecified ovary,R188,Other ascites,1031,12.16102206247354,14.01191363430796,10.431954143868994,1.3431724719134197,Neoplasm,Symptoms/signs,Female reproductive system cancers - ovary,Abdominal pain and other digestive/abdomen signs and symptoms,1,12.16102206247354
Diabetes mellitus with complication | Unacceptable PDX,D631,Anemia in chronic kidney disease,E1121,Type 2 diabetes mellitus with diabetic nephropathy,16307,9.90521671027132,15.091569487315754,10.426297362716566,1.447452433236918,Blood/immune,Endocrine/metabolic,Unacceptable PDX,Diabetes mellitus with complication,92,83.37833493173555
Genitourinary signs and symptoms | Unacceptable PDX,R34,Anuria and oliguria,R6521,Severe sepsis with septic shock,1314,10.307454944720838,12.457233363704905,10.421361266415348,1.1953556781349195,Symptoms/signs,Symptoms/signs,Genitourinary signs and symptoms,Unacceptable PDX,2,10.307454944720838
Hepatic failure | Other specified and unspecified gastrointestinal disorders,K559,"Vascular disorder of intestine, unspecified",K7200,Acute and subacute hepatic failure without coma,753,12.097378678543244,13.081252186686472,10.418464856298431,1.2555834633140088,Digestive,Digestive,Other specified and unspecified gastrointestinal disorders,Hepatic failure,1,12.097378678543244
"Pericarditis and pericardial disease | Pleurisy, pleural effusion and pulmonary collapse",I313,Pericardial effusion (noninflammatory),J90,"Pleural effusion, not elsewhere classified",6900,10.58959050679452,13.506172160798476,10.41720859387932,1.2965250757034943,Circulatory,Respiratory,Pericarditis and pericardial disease,"Pleurisy, pleural effusion and pulmonary collapse",1,10.58959050679452
Drug induced or toxic related condition | Unacceptable PDX,G620,Drug-induced polyneuropathy,Z9221,Personal history of antineoplastic chemotherapy,1227,11.86187646844023,14.220156910037822,10.412964994395525,1.3656203509462876,Nervous,Factors/status,Drug induced or toxic related condition,Unacceptable PDX,5,18.93917816855865
Acute posthemorrhagic anemia | Coagulation and hemorrhagic disorders,D62,Acute posthemorrhagic anemia,D6832,Hemorrhagic disord d/t extrinsic circulating anticoagulants,7359,7.963307592019926,14.24342295339656,10.401292173813111,1.369389756135936,Blood/immune,Blood/immune,Acute posthemorrhagic anemia,Coagulation and hemorrhagic disorders,1,7.963307592019926
Multiple sclerosis | Pressure ulcer of skin,G35,Multiple sclerosis,L89154,"Pressure ulcer of sacral region, stage 4",903,10.92522023495657,11.749141423787515,10.392475989185185,1.1305430424870966,Nervous,Skin,Multiple sclerosis,Pressure ulcer of skin,1,10.92522023495657
Aspiration pneumonitis | Other specified status,J690,Pneumonitis due to inhalation of food and vomit,Z9911,Dependence on respirator [ventilator] status,3537,9.291377711683458,11.415439792442069,10.37542956625575,1.100237799268453,Respiratory,Factors/status,Aspiration pneumonitis,Other specified status,1,9.291377711683458
Other specified inflammatory condition of skin | Sickle cell trait/anemia,D5700,"Hb-SS disease with crisis, unspecified",L299,"Pruritus, unspecified",507,12.664056882792575,13.412928147773064,10.374018130585537,1.2929347123683892,Blood/immune,Skin,Sickle cell trait/anemia,Other specified inflammatory condition of skin,1,12.664056882792575
Hypertension with complications and secondary hypertension | Other specified and unspecified lower respiratory disease,I161,Hypertensive emergency,J810,Acute pulmonary edema,1697,11.606361527000312,13.0389090751114,10.34350455681096,1.2605890975825575,Circulatory,Respiratory,Hypertension with complications and secondary hypertension,Other specified and unspecified lower respiratory disease,1,11.606361527000312
Hypertension with complications and secondary hypertension | Nervous system signs and symptoms,I674,Hypertensive encephalopathy,R4701,Aphasia,751,13.46023170117708,15.24265677917113,10.31596057482908,1.477579976057991,Circulatory,Symptoms/signs,Hypertension with complications and secondary hypertension,Nervous system signs and symptoms,1,13.46023170117708
Acute pulmonary embolism | Coagulation and hemorrhagic disorders,D6859,Other primary thrombophilia,I2699,Other pulmonary embolism without acute cor pulmonale,1497,10.813480997077946,12.155841241733311,10.27259580548504,1.183327123144738,Blood/immune,Circulatory,Coagulation and hemorrhagic disorders,Acute pulmonary embolism,1,10.813480997077946
"Pleurisy, pleural effusion and pulmonary collapse | Pneumothorax",J90,"Pleural effusion, not elsewhere classified",J939,"Pneumothorax, unspecified",1936,10.534523968888204,12.925624512708607,10.264505190279923,1.259254515741164,Respiratory,Respiratory,"Pleurisy, pleural effusion and pulmonary collapse",Pneumothorax,3,10.534523968888204
Anxiety and fear-related disorders | Obsessive-compulsive and related disorders,F411,Generalized anxiety disorder,F429,"Obsessive-compulsive disorder, unspecified",2270,11.478290358441944,13.809692919254392,10.258255755967513,1.3462028289966264,Mental/behavioural,Mental/behavioural,Anxiety and fear-related disorders,Obsessive-compulsive and related disorders,2,12.90063405203848
Other specified and unspecified lower respiratory disease | Scoliosis and other postural dorsopathic deformities,J984,Other disorders of lung,M419,"Scoliosis, unspecified",934,11.028655842493473,11.860117009891402,10.23134841539352,1.1591939330349972,Respiratory,Musculoskeletal,Other specified and unspecified lower respiratory disease,Scoliosis and other postural dorsopathic deformities,1,11.028655842493473
Muscle disorders | Paralysis (other than cerebral palsy),G8220,"Paraplegia, unspecified",M62838,Other muscle spasm,511,12.490068421464962,13.264915674091242,10.220965274373937,1.297814376431658,Nervous,Musculoskeletal,Paralysis (other than cerebral palsy),Muscle disorders,1,12.490068421464962
Nutritional anemia | Other specified female genital disorders,D500,Iron deficiency anemia secondary to blood loss (chronic),N939,"Abnormal uterine and vaginal bleeding, unspecified",709,10.188292889113972,11.13609718950354,10.212068174737592,1.090484023309969,Blood/immune,Genitourinary,Nutritional anemia,Other specified female genital disorders,2,17.796084790113287
Other specified and unspecified diseases of bladder and urethra | Urinary system cancers - bladder,C679,"Malignant neoplasm of bladder, unspecified",N3289,Other specified disorders of bladder,522,17.627048473448607,18.911762078388392,10.210078361519194,1.852264146146518,Neoplasm,Genitourinary,Urinary system cancers - bladder,Other specified and unspecified diseases of bladder and urethra,1,17.627048473448607
Abdominal pain and other digestive/abdomen signs and symptoms | Abnormal findings without diagnosis,R17,Unspecified jaundice,R740,Nonspec elev of levels of transamns & lactic acid dehydrgnse,1115,10.841785093697617,12.204222777320346,10.203076477457037,1.1961316573765473,Symptoms/signs,Symptoms/signs,Abdominal pain and other digestive/abdomen signs and symptoms,Abnormal findings without diagnosis,1,10.841785093697617
Diabetes mellitus with complication | Other specified and unspecified diseases of kidney and ureters,E1121,Type 2 diabetes mellitus with diabetic nephropathy,N2581,Secondary hyperparathyroidism of renal origin,5810,11.804731164057856,14.327015124650336,10.15412086426927,1.4109557406456343,Endocrine/metabolic,Genitourinary,Diabetes mellitus with complication,Other specified and unspecified diseases of kidney and ureters,7,12.643793782022994
Pressure ulcer of skin | Septicemia,A4159,Other Gram-negative sepsis,L89154,"Pressure ulcer of sacral region, stage 4",513,12.55371055099145,13.297606848196176,10.129980654498292,1.3126981483712188,Infectious,Skin,Septicemia,Pressure ulcer of skin,1,12.55371055099145
Nervous system pain and pain syndromes | Spondylopathies/spondyloarthropathy (including infective),G8929,Other chronic pain,M542,Cervicalgia,10576,7.820359908720593,12.613023307598985,10.125090068649508,1.245719615537338,Nervous,Musculoskeletal,Nervous system pain and pain syndromes,Spondylopathies/spondyloarthropathy (including infective),3,8.691855136851792
Postprocedural or postoperative respiratory system complication | Shock,J95821,Acute postprocedural respiratory failure,R570,Cardiogenic shock,629,12.169548816168808,13.166559773823936,10.105643724579132,1.302891743729297,Respiratory,Symptoms/signs,Postprocedural or postoperative respiratory system complication,Shock,1,12.169548816168808
Aplastic anemia | Diseases of white blood cells,D61818,Other pancytopenia,D709,"Neutropenia, unspecified",2424,10.267889359429086,11.689844673425052,10.092600003767098,1.1582589886710837,Blood/immune,Blood/immune,Aplastic anemia,Diseases of white blood cells,1,10.267889359429086
Chronic kidney disease | Other specified and unspecified endocrine disorders,E213,"Hyperparathyroidism, unspecified",N186,End stage renal disease,3290,9.115943353072105,12.422870094580288,10.090101354737786,1.2311937866458749,Endocrine/metabolic,Genitourinary,Other specified and unspecified endocrine disorders,Chronic kidney disease,3,9.448031511064924
Neurocognitive disorders | Unacceptable PDX,F05,Delirium due to known physiological condition,Z781,Physical restraint status,3941,10.22492889354945,11.809826758998891,10.06353203590206,1.1735270198243373,Mental/behavioural,Factors/status,Neurocognitive disorders,Unacceptable PDX,4,10.22492889354945
Conditions due to neoplasm or the treatment of neoplasm | Gastrointestinal cancers - colorectal,C189,"Malignant neoplasm of colon, unspecified",G893,Neoplasm related pain (acute) (chronic),902,12.405194957879996,13.574457228645317,10.046307159332237,1.35118875158378,Neoplasm,Nervous,Gastrointestinal cancers - colorectal,Conditions due to neoplasm or the treatment of neoplasm,3,17.6467148185689
Calculus of urinary tract | Unacceptable PDX,N200,Calculus of kidney,Z87442,Personal history of urinary calculi,5664,10.286207257719,12.488157712669418,10.02332985023376,1.2459090840334035,Genitourinary,Factors/status,Calculus of urinary tract,Unacceptable PDX,5,18.765185350051585
Hematuria | Urinary tract infections,N136,Pyonephrosis,R310,Gross hematuria,2170,11.15751834102567,12.488879514029916,10.01565521837825,1.2469358461055466,Genitourinary,Symptoms/signs,Urinary tract infections,Hematuria,1,11.15751834102567
Coronary atherosclerosis and other heart disease | Unacceptable PDX,I252,Old myocardial infarction,Z955,Presence of coronary angioplasty implant and graft,122942,7.952445000092294,18.621533737361187,10.001117281252853,1.861945342073665,Circulatory,Factors/status,Coronary atherosclerosis and other heart disease,Unacceptable PDX,4,18.18749750407016
Immunity disorders | Unacceptable PDX,D860,Sarcoidosis of lung,Z7952,Long term (current) use of systemic steroids,811,11.242693502279058,13.291544590986147,9.989806395493217,1.330510729115078,Blood/immune,Factors/status,Immunity disorders,Unacceptable PDX,2,11.242693502279058
"Opioid-related disorders | Poisoning by drugs, initial encounter",F1120,"Opioid dependence, uncomplicated",T402X1A,"Poisoning by oth opioids, accidental (unintentional), init",669,12.907308101201416,14.890794668718046,9.989769320495654,1.4906044565180432,Mental/behavioural,Injury/poisoning,Opioid-related disorders,"Poisoning by drugs, initial encounter",2,12.907308101201416
Epilepsy; convulsions | Other nervous system disorders (often hereditary or degenerative),G253,Myoclonus,R569,Unspecified convulsions,667,10.199399843556176,11.22286333501408,9.977497048583992,1.1248175048677995,Nervous,Symptoms/signs,Other nervous system disorders (often hereditary or degenerative),Epilepsy; convulsions,1,10.199399843556176
Abdominal hernia | Respiratory perinatal condition,K429,Umbilical hernia without obstruction or gangrene,P284,Other apnea of newborn,732,10.328350850344728,10.976061262888424,9.970629069268208,1.1008393940477832,Digestive,Perinatal,Abdominal hernia,Respiratory perinatal condition,1,10.328350850344728
Other specified and unspecified liver disease | Pancreatic disorders (excluding diabetes),K760,"Fatty (change of) liver, not elsewhere classified",K8520,Alcohol induced acute pancreatitis without necrosis or infct,2888,13.417221292350678,16.253560680615347,9.93671816832652,1.635707122339837,Digestive,Digestive,Other specified and unspecified liver disease,Pancreatic disorders (excluding diabetes),6,13.417221292350678
Conduction disorders | Shock,I442,"Atrioventricular block, complete",R570,Cardiogenic shock,1895,13.209464081120425,14.836964367988395,9.92661937536028,1.4946643773626,Circulatory,Symptoms/signs,Conduction disorders,Shock,1,13.209464081120425
Malaise and fatigue | Skin/Subcutaneous signs and symptoms,R200,Anesthesia of skin,R531,Weakness,2740,9.106576658711363,10.706483392521584,9.906458318736137,1.080757930639284,Symptoms/signs,Symptoms/signs,Skin/Subcutaneous signs and symptoms,Malaise and fatigue,1,9.106576658711363
Gastroduodenal ulcer | Gastrointestinal hemorrhage,K259,"Gastric ulcer, unsp as acute or chronic, w/o hemor or perf",K921,Melena,1279,11.593953848158778,12.7880416055371,9.903674979542592,1.2912420522636865,Digestive,Digestive,Gastroduodenal ulcer,Gastrointestinal hemorrhage,6,20.03230597591479
Cerebral infarction | Skin/Subcutaneous signs and symptoms,I639,"Cerebral infarction, unspecified",R200,Anesthesia of skin,1522,10.275788452361011,11.370495163417536,9.889033922187766,1.149808490180811,Circulatory,Symptoms/signs,Cerebral infarction,Skin/Subcutaneous signs and symptoms,1,10.275788452361011
Chronic kidney disease | Fluid and electrolyte disorders,E8770,"Fluid overload, unspecified",N186,End stage renal disease,20924,8.879021646209573,12.968789992786611,9.878395714358511,1.3128437418169157,Endocrine/metabolic,Genitourinary,Fluid and electrolyte disorders,Chronic kidney disease,6,17.029834801981035
Occlusion or stenosis of precerebral or cerebral arteries without infarction | Paralysis (other than cerebral palsy),G8194,"Hemiplegia, unspecified affecting left nondominant side",I6521,Occlusion and stenosis of right carotid artery,1514,13.309254904805965,14.844160420668072,9.852550522747718,1.5066312409558975,Nervous,Circulatory,Paralysis (other than cerebral palsy),Occlusion or stenosis of precerebral or cerebral arteries without infarction,4,14.0609676042699
Other aftercare encounter | Secondary malignancies,C787,Secondary malig neoplasm of liver and intrahepatic bile duct,Z515,Encounter for palliative care,15562,8.762751457557345,12.199499166989511,9.829934403407623,1.2410560097695522,Neoplasm,Factors/status,Secondary malignancies,Other aftercare encounter,12,9.34180970405751
Chronic obstructive pulmonary disease and bronchiectasis | Influenza,J1000,Flu due to oth ident flu virus w unsp type of pneumonia,J440,Chr obstructive pulmon disease with (acute) lower resp infct,2271,9.573466272234638,12.44559081629885,9.822967943298238,1.2669888457479808,Respiratory,Respiratory,Influenza,Chronic obstructive pulmonary disease and bronchiectasis,2,9.573466272234638
Suicidal ideation/attempt/intentional self-harm | Trauma- and stressor-related disorders,F4310,"Post-traumatic stress disorder, unspecified",R45851,Suicidal ideations,24709,10.8719760147817,16.48272845672186,9.810546761473574,1.6801029399758045,Mental/behavioural,Symptoms/signs,Trauma- and stressor-related disorders,Suicidal ideation/attempt/intentional self-harm,6,12.487430286890485
Bipolar and related disorders | Trauma- and stressor-related disorders,F3181,Bipolar II disorder,F4310,"Post-traumatic stress disorder, unspecified",2090,12.975366590734197,15.985211695431822,9.794212706695376,1.632107875756491,Mental/behavioural,Mental/behavioural,Bipolar and related disorders,Trauma- and stressor-related disorders,3,12.975366590734197
Acute phlebitis; thrombophlebitis and thromboembolism | Secondary malignancies,C787,Secondary malig neoplasm of liver and intrahepatic bile duct,I81,Portal vein thrombosis,1244,12.176146707040347,13.781860991692238,9.784447855259774,1.4085476457706905,Neoplasm,Circulatory,Secondary malignancies,Acute phlebitis; thrombophlebitis and thromboembolism,1,12.176146707040347
Acute and unspecified renal failure | Other specified status,N170,Acute kidney failure with tubular necrosis,Z9911,Dependence on respirator [ventilator] status,2627,9.496366717642305,11.097179429842498,9.771095232626385,1.1357150007901085,Genitourinary,Factors/status,Acute and unspecified renal failure,Other specified status,1,9.496366717642305
Abdominal pain and other digestive/abdomen signs and symptoms | Nutritional anemia,D500,Iron deficiency anemia secondary to blood loss (chronic),R195,Other fecal abnormalities,871,11.49398034623251,12.741721984605029,9.769690539635343,1.304209374177436,Blood/immune,Symptoms/signs,Nutritional anemia,Abdominal pain and other digestive/abdomen signs and symptoms,1,11.49398034623251
Headache; including migraine | Spondylopathies/spondyloarthropathy (including infective),M542,Cervicalgia,R51,Headache,2307,10.09363522244167,11.347581372047058,9.745862343014148,1.1643486202307205,Musculoskeletal,Symptoms/signs,Spondylopathies/spondyloarthropathy (including infective),Headache; including migraine,1,10.09363522244167
Cardiac arrest and ventricular fibrillation | Other general signs and symptoms,I469,"Cardiac arrest, cause unspecified",R680,"Hypothermia, not associated w low environmental temperature",501,11.570285894749896,12.327432466838696,9.70875659700487,1.2697230941644664,Circulatory,Symptoms/signs,Cardiac arrest and ventricular fibrillation,Other general signs and symptoms,1,11.570285894749896
Coagulation and hemorrhagic disorders | Noninfectious hepatitis,D6959,Other secondary thrombocytopenia,K7581,Nonalcoholic steatohepatitis (NASH),2295,10.862468025579128,12.294056284266295,9.70618161851981,1.2666212901692169,Blood/immune,Digestive,Coagulation and hemorrhagic disorders,Noninfectious hepatitis,3,17.411302202844976
Hepatic failure | Other specified status,K7200,Acute and subacute hepatic failure without coma,Z9911,Dependence on respirator [ventilator] status,1038,10.648781501350268,11.50678691996768,9.698645685908565,1.1864323424750134,Digestive,Factors/status,Hepatic failure,Other specified status,1,10.648781501350268
"Complication of other surgical or medical care, injury, initial encounter | Unacceptable PDX",T80211A,"Bloodstream infection due to central venous catheter, init",Z992,Dependence on renal dialysis,2033,8.987061437729668,11.278919460565897,9.678551398607866,1.1653520238770674,Injury/poisoning,Factors/status,"Complication of other surgical or medical care, injury, initial encounter",Unacceptable PDX,9,27.739636788793742
Abdominal hernia | Hemorrhoids,K449,Diaphragmatic hernia without obstruction or gangrene,K648,Other hemorrhoids,6853,10.457019762965045,13.293593408342408,9.672069387079562,1.3744311456347345,Digestive,Digestive,Abdominal hernia,Hemorrhoids,2,10.457019762965045
Obesity | Other specified diseases of veins and lymphatics,E662,Morbid (severe) obesity with alveolar hypoventilation,I890,"Lymphedema, not elsewhere classified",2286,12.044524993578056,13.568533386665449,9.640284503671584,1.4074826714395987,Endocrine/metabolic,Circulatory,Obesity,Other specified diseases of veins and lymphatics,2,12.044524993578056
Diverticulosis and diverticulitis | Shock,K5731,Dvrtclos of lg int w/o perforation or abscess w bleeding,R578,Other shock,543,12.129003309684888,12.857083026612584,9.626692381550116,1.3355659988942434,Digestive,Symptoms/signs,Diverticulosis and diverticulitis,Shock,1,12.129003309684888
Myocarditis and cardiomyopathy | Other and ill-defined heart disease,I420,Dilated cardiomyopathy,I513,"Intracardiac thrombosis, not elsewhere classified",924,12.86889096642595,14.240648606835189,9.626383818953292,1.479335218152939,Circulatory,Circulatory,Myocarditis and cardiomyopathy,Other and ill-defined heart disease,2,12.86889096642595
Skin/Subcutaneous signs and symptoms | Spondylopathies/spondyloarthropathy (including infective),M4802,"Spinal stenosis, cervical region",R202,Paresthesia of skin,950,11.04586852012485,11.99903492526749,9.622522544214668,1.2469739478533772,Musculoskeletal,Symptoms/signs,Spondylopathies/spondyloarthropathy (including infective),Skin/Subcutaneous signs and symptoms,1,11.04586852012485
Hypertension with complications and secondary hypertension | Peripheral and visceral vascular disease,I161,Hypertensive emergency,I701,Atherosclerosis of renal artery,824,11.119838085109256,12.259608158360065,9.621731277744829,1.2741582366488111,Circulatory,Circulatory,Hypertension with complications and secondary hypertension,Peripheral and visceral vascular disease,1,11.119838085109256
Opioid-related disorders | Skin and subcutaneous tissue infections,F1110,"Opioid abuse, uncomplicated",L03114,Cellulitis of left upper limb,1024,14.477514545300886,15.846931442538626,9.5942457439952,1.6517120642294187,Mental/behavioural,Skin,Opioid-related disorders,Skin and subcutaneous tissue infections,6,14.477514545300886
"Other specified and unspecified lower respiratory disease | Pleurisy, pleural effusion and pulmonary collapse",J811,Chronic pulmonary edema,J90,"Pleural effusion, not elsewhere classified",4344,9.771306553622733,12.0018401937775,9.580880598837716,1.2526865427415383,Respiratory,Respiratory,Other specified and unspecified lower respiratory disease,"Pleurisy, pleural effusion and pulmonary collapse",1,9.771306553622733
Hemorrhoids | Nutritional anemia,D500,Iron deficiency anemia secondary to blood loss (chronic),K648,Other hemorrhoids,3133,10.681879678093376,12.207045471522706,9.570972510522113,1.2754237312982095,Blood/immune,Digestive,Nutritional anemia,Hemorrhoids,2,10.681879678093376
Acute phlebitis; thrombophlebitis and thromboembolism | Chronic kidney disease,I82C11,Acute embolism and thrombosis of right internal jugular vein,N186,End stage renal disease,1128,9.188202101436485,12.446030199095864,9.552128687357438,1.3029588070320497,Circulatory,Genitourinary,Acute phlebitis; thrombophlebitis and thromboembolism,Chronic kidney disease,3,9.188202101436485
General sensation/perception signs and symptoms | Headache; including migraine,R42,Dizziness and giddiness,R51,Headache,3591,8.936730764710562,10.135779611208488,9.551712311212768,1.061147915783653,Symptoms/signs,Symptoms/signs,General sensation/perception signs and symptoms,Headache; including migraine,1,8.936730764710562
Abdominal hernia | Other specified and unspecified disorders of stomach and duodenum,K3189,Other diseases of stomach and duodenum,K449,Diaphragmatic hernia without obstruction or gangrene,4230,8.73717855105907,10.484569264413029,9.550283894698117,1.0978280206134587,Digestive,Digestive,Other specified and unspecified disorders of stomach and duodenum,Abdominal hernia,4,12.85138996355046
Leukemia - chronic lymphocytic leukemia (CLL) | Unacceptable PDX,C9110,Chronic lymphocytic leuk of B-cell type not achieve remis,D630,Anemia in neoplastic disease,873,12.81865508655015,13.921651262132576,9.549618333248986,1.457822792106931,Neoplasm,Blood/immune,Leukemia - chronic lymphocytic leukemia (CLL),Unacceptable PDX,1,12.81865508655015
Fluid and electrolyte disorders | Postprocedural or postoperative digestive system complication,E870,Hyperosmolality and hypernatremia,K9423,Gastrostomy malfunction,1375,9.695427057229466,11.615522198586827,9.533405371767149,1.2184022126013647,Endocrine/metabolic,Digestive,Fluid and electrolyte disorders,Postprocedural or postoperative digestive system complication,1,9.695427057229466
Abdominal pain and other digestive/abdomen signs and symptoms | Other specified and unspecified disorders of stomach and duodenum,K3189,Other diseases of stomach and duodenum,R188,Other ascites,3132,10.79617147790672,12.553925362235972,9.53133857035536,1.3171209132452335,Digestive,Symptoms/signs,Other specified and unspecified disorders of stomach and duodenum,Abdominal pain and other digestive/abdomen signs and symptoms,2,16.322726716839746
"Acute posthemorrhagic anemia | Fracture of the neck of the femur (hip), initial encounter",D62,Acute posthemorrhagic anemia,S72142A,"Displaced intertrochanteric fracture of left femur, init",6152,7.645944832927546,13.18108257711732,9.515097061285784,1.3852809374638315,Blood/immune,Injury,Acute posthemorrhagic anemia,"Fracture of the neck of the femur (hip), initial encounter",2,7.693646047146474
Cardiac dysrhythmias | Unacceptable PDX,I472,Ventricular tachycardia,Z95810,Presence of automatic (implantable) cardiac defibrillator,14378,12.048147019279332,16.524138208417696,9.478634152661002,1.743303723119091,Circulatory,Factors/status,Cardiac dysrhythmias,Unacceptable PDX,5,28.9053366928546
Fluid and electrolyte disorders | Other specified and unspecified nutritional and metabolic disorders,E8341,Hypermagnesemia,E875,Hyperkalemia,2375,8.302175332012006,11.618879297983666,9.46497483543149,1.2275657886050768,Endocrine/metabolic,Endocrine/metabolic,Other specified and unspecified nutritional and metabolic disorders,Fluid and electrolyte disorders,2,8.606168484036692
Abdominal pain and other digestive/abdomen signs and symptoms | Nausea and vomiting,R112,"Nausea with vomiting, unspecified",R197,"Diarrhea, unspecified",9661,8.771310232130435,10.818590975091483,9.45694133491755,1.1439841479344235,Symptoms/signs,Symptoms/signs,Nausea and vomiting,Abdominal pain and other digestive/abdomen signs and symptoms,9,15.787508991585682
Malaise and fatigue | Other aftercare encounter,R531,Weakness,Z4789,Encounter for other orthopedic aftercare,753,11.143850182157202,13.398701143657576,9.435696341389264,1.4200013076814233,Symptoms/signs,Factors/status,Malaise and fatigue,Other aftercare encounter,1,11.143850182157202
Nonrheumatic and unspecified valve disorders | Postprocedural or postoperative circulatory system complication,I350,Nonrheumatic aortic (valve) stenosis,I97190,Oth postproc cardiac functn disturb fol cardiac surgery,701,11.130698178064828,13.071398351612928,9.425529761059058,1.3868078169586318,Circulatory,Circulatory,Nonrheumatic and unspecified valve disorders,Postprocedural or postoperative circulatory system complication,2,11.130698178064828
Genitourinary signs and symptoms | Paralysis (other than cerebral palsy),G834,Cauda equina syndrome,R339,"Retention of urine, unspecified",663,9.560918712035374,11.163614201843696,9.42215304024905,1.1848262445064903,Nervous,Symptoms/signs,Paralysis (other than cerebral palsy),Genitourinary signs and symptoms,1,9.560918712035374
Aplastic anemia | Immunity disorders,D61818,Other pancytopenia,D801,Nonfamilial hypogammaglobulinemia,583,10.224100905663114,11.359889744265752,9.414873159759043,1.2065897810307291,Blood/immune,Blood/immune,Aplastic anemia,Immunity disorders,1,10.224100905663114
"Acute and unspecified renal failure | Complication of transplanted organs or tissue, initial encounter",N170,Acute kidney failure with tubular necrosis,T8619,Other complication of kidney transplant,1168,10.22053119297016,11.931924599077464,9.411042333781085,1.267864299818059,Genitourinary,Injury/poisoning,Acute and unspecified renal failure,"Complication of transplanted organs or tissue, initial encounter",1,10.22053119297016
Chronic obstructive pulmonary disease and bronchiectasis | Septicemia,A403,Sepsis due to Streptococcus pneumoniae,J440,Chr obstructive pulmon disease with (acute) lower resp infct,971,9.265962688089605,11.846020865408423,9.410709829050871,1.2587808019369318,Infectious,Respiratory,Septicemia,Chronic obstructive pulmonary disease and bronchiectasis,1,9.265962688089605
Cardiac dysrhythmias | Myocarditis and cardiomyopathy,I420,Dilated cardiomyopathy,I472,Ventricular tachycardia,7020,11.617727325676562,14.529634658538646,9.4091374613998,1.5442047390789275,Circulatory,Circulatory,Myocarditis and cardiomyopathy,Cardiac dysrhythmias,3,12.75316070237544
Coagulation and hemorrhagic disorders | Other specified and unspecified nutritional and metabolic disorders,D684,Acquired coagulation factor deficiency,E8809,"Oth disorders of plasma-protein metabolism, NEC",1082,10.560056051199204,11.525452186564204,9.40708168816014,1.2251889128453377,Blood/immune,Endocrine/metabolic,Coagulation and hemorrhagic disorders,Other specified and unspecified nutritional and metabolic disorders,4,10.560056051199204
Other and ill-defined heart disease | Shock,I513,"Intracardiac thrombosis, not elsewhere classified",R570,Cardiogenic shock,738,12.548022368570306,13.641460637448256,9.396240476563484,1.451799863091349,Circulatory,Symptoms/signs,Other and ill-defined heart disease,Shock,2,13.310836168508208
"Pleurisy, pleural effusion and pulmonary collapse | Postprocedural or postoperative respiratory system complication",J95821,Acute postprocedural respiratory failure,J9811,Atelectasis,1796,9.53093455091896,11.647807208487045,9.374055923482969,1.2425578963432569,Respiratory,Respiratory,Postprocedural or postoperative respiratory system complication,"Pleurisy, pleural effusion and pulmonary collapse",5,23.86447020339273
Hyperplasia of prostate | Other specified and unspecified diseases of bladder and urethra,N3289,Other specified disorders of bladder,N401,Benign prostatic hyperplasia with lower urinary tract symp,2800,13.929955076133066,17.34994868158166,9.36795024922426,1.852053887990959,Genitourinary,Genitourinary,Other specified and unspecified diseases of bladder and urethra,Hyperplasia of prostate,1,13.929955076133066
Circulatory signs and symptoms | Nonspecific chest pain,R002,Palpitations,R0789,Other chest pain,1179,10.34990314920191,11.668425678929571,9.355173876047171,1.2472697817840894,Symptoms/signs,Symptoms/signs,Circulatory signs and symptoms,Nonspecific chest pain,2,11.36617325826036
Other general signs and symptoms | Respiratory cancers,C3411,"Malignant neoplasm of upper lobe, right bronchus or lung",R590,Localized enlarged lymph nodes,524,11.661118312633194,12.372795887210591,9.3465197778123,1.3237864126262664,Neoplasm,Symptoms/signs,Respiratory cancers,Other general signs and symptoms,1,11.661118312633194
Aplastic anemia | Other specified and unspecified disorders of stomach and duodenum,D61818,Other pancytopenia,K3189,Other diseases of stomach and duodenum,2846,10.57184669733507,12.146608243424788,9.341240562714066,1.3003206760254582,Blood/immune,Digestive,Aplastic anemia,Other specified and unspecified disorders of stomach and duodenum,1,10.57184669733507
Coma; stupor; and brain damage | Fluid and electrolyte disorders,E870,Hyperosmolality and hypernatremia,G931,"Anoxic brain damage, not elsewhere classified",3950,9.083164316842016,10.945331924998234,9.331683788671365,1.1729214333522353,Endocrine/metabolic,Nervous,Fluid and electrolyte disorders,Coma; stupor; and brain damage,3,17.482858574216294
Abdominal pain and other digestive/abdomen signs and symptoms | Gastrointestinal and biliary perforation,K631,Perforation of intestine (nontraumatic),R188,Other ascites,991,10.650853337165266,12.040758698844542,9.330241094514587,1.2905088493290395,Digestive,Symptoms/signs,Gastrointestinal and biliary perforation,Abdominal pain and other digestive/abdomen signs and symptoms,1,10.650853337165266
Diabetes mellitus with complication | Esophageal disorders,E1043,Type 1 diabetes w diabetic autonomic (poly)neuropathy,K210,Gastro-esophageal reflux disease with esophagitis,595,7.895467794158621,8.345403737023487,9.302252228105464,0.8971379760923927,Endocrine/metabolic,Digestive,Diabetes mellitus with complication,Esophageal disorders,1,7.895467794158621
Other specified and unspecified nutritional and metabolic disorders | Secondary malignancies,C7951,Secondary malignant neoplasm of bone,E8352,Hypercalcemia,4048,10.648075393516796,12.413618646177568,9.27350704249095,1.3386110119180064,Neoplasm,Endocrine/metabolic,Secondary malignancies,Other specified and unspecified nutritional and metabolic disorders,4,10.648075393516796
Female reproductive system cancers - ovary | Unacceptable PDX,C569,Malignant neoplasm of unspecified ovary,Z9221,Personal history of antineoplastic chemotherapy,1385,12.338981045051776,14.93539267200987,9.255759713467029,1.6136322824239957,Neoplasm,Factors/status,Female reproductive system cancers - ovary,Unacceptable PDX,4,110.80777495438024
Benign neoplasms | Unacceptable PDX,D259,"Leiomyoma of uterus, unspecified",Z5331,Laparoscopic surgical procedure converted to open procedure,577,9.816981894395514,10.39241217078946,9.24984720888082,1.1235225767633932,Neoplasm,Factors/status,Benign neoplasms,Unacceptable PDX,1,9.816981894395514
Secondary malignancies | Unacceptable PDX,C7951,Secondary malignant neoplasm of bone,Z923,Personal history of irradiation,10689,10.8640646344304,14.092603074031528,9.244082699290717,1.5244998917104922,Neoplasm,Factors/status,Secondary malignancies,Unacceptable PDX,76,162.51985327349013
"Internal organ injury, initial encounter | Pleurisy, pleural effusion and pulmonary collapse",J90,"Pleural effusion, not elsewhere classified",S272XXA,"Traumatic hemopneumothorax, initial encounter",851,8.46141270286386,9.851883941476494,9.240539743569611,1.066158927386499,Respiratory,Injury,"Pleurisy, pleural effusion and pulmonary collapse","Internal organ injury, initial encounter",3,13.018313867824212
Gastritis and duodenitis | Nutritional anemia,D500,Iron deficiency anemia secondary to blood loss (chronic),K2971,"Gastritis, unspecified, with bleeding",958,10.454984790269448,11.499387708581438,9.220700805521329,1.2471273009634625,Blood/immune,Digestive,Nutritional anemia,Gastritis and duodenitis,1,10.454984790269448
Other specified and unspecified liver disease | Shock,K766,Portal hypertension,R578,Other shock,1732,10.91097888574916,12.192687847754852,9.21473308625098,1.3231731981414836,Digestive,Symptoms/signs,Other specified and unspecified liver disease,Shock,3,23.45238172525329
Anxiety and fear-related disorders | Personality disorders,F411,Generalized anxiety disorder,F603,Borderline personality disorder,3645,10.455867233340886,12.52314766360959,9.208864079798936,1.359901455281661,Mental/behavioural,Mental/behavioural,Anxiety and fear-related disorders,Personality disorders,2,10.455867233340886
Pulmonary heart disease | Shock,I2722,Pulmonary hypertension due to left heart disease,R570,Cardiogenic shock,872,11.802636491521746,12.815412866837828,9.186869209934407,1.3949706449482944,Circulatory,Symptoms/signs,Pulmonary heart disease,Shock,2,11.802636491521746
Coagulation and hemorrhagic disorders | Mental and substance use disorders in remission,D684,Acquired coagulation factor deficiency,F1021,"Alcohol dependence, in remission",623,13.7161024159894,14.669459281190804,9.18625320692807,1.5968925470209574,Blood/immune,Mental/behavioural,Coagulation and hemorrhagic disorders,Mental and substance use disorders in remission,1,13.7161024159894
Cardiac arrest and ventricular fibrillation | Heart failure,I4901,Ventricular fibrillation,I5021,Acute systolic (congestive) heart failure,1025,12.17344724961922,13.272769211622755,9.18166117774248,1.44557384058101,Circulatory,Circulatory,Cardiac arrest and ventricular fibrillation,Heart failure,1,12.17344724961922
"Diabetes mellitus with complication | Effect of other external causes, initial encounter",E11649,Type 2 diabetes mellitus with hypoglycemia without coma,T68XXXA,"Hypothermia, initial encounter",703,10.17754922503812,11.371192652087904,9.158283694650429,1.2416292212841245,Endocrine/metabolic,Injury/poisoning,Diabetes mellitus with complication,"Effect of other external causes, initial encounter",1,10.17754922503812
"Complication of cardiovascular device, implant or graft, initial encounter | Unacceptable PDX",T82855A,"Stenosis of coronary artery stent, initial encounter",Z955,Presence of coronary angioplasty implant and graft,6159,9.657420907034156,16.639365407778808,9.15357902013453,1.8177988490816848,Injury/poisoning,Factors/status,"Complication of cardiovascular device, implant or graft, initial encounter",Unacceptable PDX,11,39.91940768327368
Depressive disorders | Trauma- and stressor-related disorders,F332,"Major depressv disorder, recurrent severe w/o psych features",F4310,"Post-traumatic stress disorder, unspecified",9381,11.76696136650849,15.252821627973256,9.140830381942,1.6686472662380527,Mental/behavioural,Mental/behavioural,Depressive disorders,Trauma- and stressor-related disorders,4,11.76696136650849
Myocarditis and cardiomyopathy | Shock,I420,Dilated cardiomyopathy,R570,Cardiogenic shock,3012,11.872880826667286,13.611982529454222,9.135602590659213,1.489992848788314,Circulatory,Symptoms/signs,Myocarditis and cardiomyopathy,Shock,2,11.872880826667286
Heart failure | Other and ill-defined heart disease,I5023,Acute on chronic systolic (congestive) heart failure,I513,"Intracardiac thrombosis, not elsewhere classified",2189,10.804616379515188,13.489153374178676,9.134023187311346,1.476803057924937,Circulatory,Circulatory,Heart failure,Other and ill-defined heart disease,4,25.574352281356887
Conditions due to neoplasm or the treatment of neoplasm | Respiratory signs and symptoms,D61810,Antineoplastic chemotherapy induced pancytopenia,R040,Epistaxis,990,10.636221695224505,11.44457389352433,9.130480820264385,1.2534470110406453,Blood/immune,Symptoms/signs,Conditions due to neoplasm or the treatment of neoplasm,Respiratory signs and symptoms,1,10.636221695224505
Other specified and unspecified nutritional and metabolic disorders | Proteinuria,E8809,"Oth disorders of plasma-protein metabolism, NEC",R809,"Proteinuria, unspecified",763,10.099664093228402,10.918747712970012,9.127357128008216,1.1962660778841152,Endocrine/metabolic,Symptoms/signs,Other specified and unspecified nutritional and metabolic disorders,Proteinuria,1,10.099664093228402
Benign neoplasms | Nutritional anemia,D259,"Leiomyoma of uterus, unspecified",D500,Iron deficiency anemia secondary to blood loss (chronic),1943,7.964838560645785,8.704502884127425,9.124143645429664,0.9540076551170432,Neoplasm,Blood/immune,Benign neoplasms,Nutritional anemia,4,11.416809821758632
Hypertension with complications and secondary hypertension | Unacceptable PDX,I160,Hypertensive urgency,Z9115,Patient's noncompliance with renal dialysis,2172,9.91370639392685,11.53499110639321,9.105411462267986,1.2668281004316155,Circulatory,Factors/status,Hypertension with complications and secondary hypertension,Unacceptable PDX,2,11.067453721817566
"Fracture of the spine and back, initial encounter | Unacceptable PDX",S32019A,"Unsp fracture of first lumbar vertebra, init for clos fx",W19XXXA,"Unspecified fall, initial encounter",744,11.07299366743411,12.85037670324549,9.100606433104634,1.4120352086098988,Injury,External cause,"Fracture of the spine and back, initial encounter",Unacceptable PDX,4,13.36181059461781
Hypotension | Other specified and unspecified nutritional and metabolic disorders,E8339,Other disorders of phosphorus metabolism,I953,Hypotension of hemodialysis,1027,9.717117813219796,11.61962518690554,9.10031331251224,1.2768379272095431,Endocrine/metabolic,Circulatory,Other specified and unspecified nutritional and metabolic disorders,Hypotension,1,9.717117813219796
Gastritis and duodenitis | Pancreatic disorders (excluding diabetes),K2980,Duodenitis without bleeding,K8590,"Acute pancreatitis without necrosis or infection, unsp",1053,10.305546581732427,11.178890792444138,9.09483939818022,1.2291465855549812,Digestive,Digestive,Gastritis and duodenitis,Pancreatic disorders (excluding diabetes),1,10.305546581732427
Neurodevelopmental disorders | Obsessive-compulsive and related disorders,F429,"Obsessive-compulsive disorder, unspecified",F909,"Attention-deficit hyperactivity disorder, unspecified type",1617,15.002297570940213,17.327176810805383,9.09183317210115,1.905795727089988,Mental/behavioural,Mental/behavioural,Obsessive-compulsive and related disorders,Neurodevelopmental disorders,1,15.002297570940213
Alcohol-related disorders | Coagulation and hemorrhagic disorders,D6959,Other secondary thrombocytopenia,F10231,Alcohol dependence with withdrawal delirium,2064,11.879259427247778,13.527288261679027,9.088966580027646,1.4883197272838782,Blood/immune,Mental/behavioural,Coagulation and hemorrhagic disorders,Alcohol-related disorders,2,11.879259427247778
Gangrene | Skin and subcutaneous tissue infections,I96,"Gangrene, not elsewhere classified",L03115,Cellulitis of right lower limb,3414,10.504590640679671,12.486424214616362,9.081837962858238,1.3748785505402952,Circulatory,Skin,Gangrene,Skin and subcutaneous tissue infections,6,31.972101363519577
Conditions due to neoplasm or the treatment of neoplasm | Male reproductive system cancers - prostate,C61,Malignant neoplasm of prostate,G893,Neoplasm related pain (acute) (chronic),2205,9.564857676761308,10.584362248129407,9.079689381679785,1.1657185398308472,Neoplasm,Nervous,Male reproductive system cancers - prostate,Conditions due to neoplasm or the treatment of neoplasm,1,9.564857676761308
Other nervous system disorders (neither hereditary nor degenerative) | Other specified and unspecified nutritional and metabolic disorders,E7220,"Disorder of urea cycle metabolism, unspecified",G9341,Metabolic encephalopathy,2652,7.654351390848399,9.71684047139356,9.070598625364518,1.0712457769018604,Endocrine/metabolic,Nervous,Other specified and unspecified nutritional and metabolic disorders,Other nervous system disorders (neither hereditary nor degenerative),2,8.75786739968551
Other specified connective tissue disease | Skin and subcutaneous tissue infections,L03116,Cellulitis of left lower limb,M726,Necrotizing fasciitis,787,10.49504863851829,12.193301668689772,9.070295000619032,1.3443114769539029,Skin,Musculoskeletal,Skin and subcutaneous tissue infections,Other specified connective tissue disease,2,10.49504863851829
Gastrointestinal cancers - colorectal | Intestinal obstruction and ileus,C182,Malignant neoplasm of ascending colon,K567,"Ileus, unspecified",596,10.442911311120811,11.624465216724886,9.05139128742568,1.2842738588567877,Neoplasm,Digestive,Gastrointestinal cancers - colorectal,Intestinal obstruction and ileus,1,10.442911311120811
Bipolar and related disorders | Schizophrenia spectrum and other psychotic disorders,F209,"Schizophrenia, unspecified",F319,"Bipolar disorder, unspecified",11570,10.187061337855557,13.599977923893604,9.03567004727747,1.5051432658269102,Mental/behavioural,Mental/behavioural,Schizophrenia spectrum and other psychotic disorders,Bipolar and related disorders,2,10.187061337855557
Other specified and unspecified diseases of kidney and ureters | Other specified and unspecified nutritional and metabolic disorders,E8339,Other disorders of phosphorus metabolism,N2581,Secondary hyperparathyroidism of renal origin,10892,9.007734307327702,11.433505737312451,9.021548166172776,1.2673551730492951,Endocrine/metabolic,Genitourinary,Other specified and unspecified nutritional and metabolic disorders,Other specified and unspecified diseases of kidney and ureters,1,9.007734307327702
Biliary tract disease | Other specified and unspecified liver disease,K760,"Fatty (change of) liver, not elsewhere classified",K828,Other specified diseases of gallbladder,1600,9.616065194942964,10.897766264011468,9.019743126380284,1.2082124858011176,Digestive,Digestive,Other specified and unspecified liver disease,Biliary tract disease,2,9.616065194942964
Malaise and fatigue | Other general signs and symptoms,R5383,Other fatigue,R630,Anorexia,1028,10.630063370106209,11.444615417002362,9.01719304241306,1.2691993354441602,Symptoms/signs,Symptoms/signs,Malaise and fatigue,Other general signs and symptoms,1,10.630063370106209
"Effect of other external causes, initial encounter | Unacceptable PDX",T68XXXA,"Hypothermia, initial encounter",X58XXXA,"Exposure to other specified factors, initial encounter",555,10.035062592567847,10.962359827021729,9.004065090239338,1.2174900688917982,Injury/poisoning,External cause,"Effect of other external causes, initial encounter",Unacceptable PDX,1,10.035062592567847
Hepatitis | Other specified diseases of veins and lymphatics,B182,Chronic viral hepatitis C,I8510,Secondary esophageal varices without bleeding,1570,13.97279281430906,15.819354181597484,9.000443029641534,1.7576195004511384,Infectious,Circulatory,Hepatitis,Other specified diseases of veins and lymphatics,7,50.38425036495312
Fluid and electrolyte disorders | Myopathies,E870,Hyperosmolality and hypernatremia,G7281,Critical illness myopathy,1091,10.170894184422323,12.285804642569788,8.998087346789116,1.3653795711322876,Endocrine/metabolic,Nervous,Fluid and electrolyte disorders,Myopathies,1,10.170894184422323
Blindness and vision defects | Nervous system signs and symptoms,H532,Diplopia,R29810,Facial weakness,873,10.01218367825718,10.9036986251484,8.981735923786824,1.2139856613098077,Eye/ear,Symptoms/signs,Blindness and vision defects,Nervous system signs and symptoms,9,149.9458256817353
Aplastic anemia | Multiple myeloma,C9000,Multiple myeloma not having achieved remission,D61818,Other pancytopenia,2233,10.853815947589956,12.40777425319559,8.974017521436974,1.382633165531059,Neoplasm,Blood/immune,Multiple myeloma,Aplastic anemia,1,10.853815947589956
Coagulation and hemorrhagic disorders | Other specified and unspecified gastrointestinal disorders,D689,"Coagulation defect, unspecified",K661,Hemoperitoneum,571,9.414248325440964,10.06461241479306,8.955291892891228,1.1238731841652665,Blood/immune,Digestive,Coagulation and hemorrhagic disorders,Other specified and unspecified gastrointestinal disorders,1,9.414248325440964
Hypotension | Nervous system pain and pain syndromes,G8918,Other acute postprocedural pain,I9581,Postprocedural hypotension,1013,9.959776560729898,10.769394771021902,8.952471771139617,1.202952106002675,Nervous,Circulatory,Nervous system pain and pain syndromes,Hypotension,1,9.959776560729898
Gastrointestinal hemorrhage | Shock,K922,"Gastrointestinal hemorrhage, unspecified",R578,Other shock,1512,10.73357126603243,11.857559988462835,8.949881767958285,1.3248845399181035,Digestive,Symptoms/signs,Gastrointestinal hemorrhage,Shock,9,30.42516988759745
"Complication of cardiovascular device, implant or graft, initial encounter | Other specified and unspecified diseases of kidney and ureters",N2581,Secondary hyperparathyroidism of renal origin,T82868A,"Thrombosis due to vascular prosth dev/grft, init",1482,10.47234849945712,11.773358553460046,8.935593506295891,1.3175799173456924,Genitourinary,Injury/poisoning,Other specified and unspecified diseases of kidney and ureters,"Complication of cardiovascular device, implant or graft, initial encounter",4,16.857942687087164
Coagulation and hemorrhagic disorders | Nutritional anemia,D539,"Nutritional anemia, unspecified",D684,Acquired coagulation factor deficiency,1041,9.842356449157858,10.692322494950538,8.928149475915218,1.197596716295397,Blood/immune,Blood/immune,Nutritional anemia,Coagulation and hemorrhagic disorders,1,9.842356449157858
Abdominal pain and other digestive/abdomen signs and symptoms | Biliary tract disease,K8020,Calculus of gallbladder w/o cholecystitis w/o obstruction,R161,"Splenomegaly, not elsewhere classified",844,9.301137568246409,10.017364704222391,8.902600948628733,1.1252177607450065,Digestive,Symptoms/signs,Biliary tract disease,Abdominal pain and other digestive/abdomen signs and symptoms,3,20.33328060404932
Fluid and electrolyte disorders | Respiratory failure; insufficiency; arrest,E874,Mixed disorder of acid-base balance,J9621,Acute and chronic respiratory failure with hypoxia,7473,8.921164389563451,11.754983915958102,8.902350103475607,1.3204360398462407,Endocrine/metabolic,Respiratory,Fluid and electrolyte disorders,Respiratory failure; insufficiency; arrest,6,24.026351971055856
Chronic rheumatic heart disease | Myocarditis and cardiomyopathy,I081,Rheumatic disorders of both mitral and tricuspid valves,I420,Dilated cardiomyopathy,2411,10.400558692330984,11.644699042493135,8.901207601844188,1.3082156448166136,Circulatory,Circulatory,Chronic rheumatic heart disease,Myocarditis and cardiomyopathy,2,10.400558692330984
Malaise and fatigue | Respiratory signs and symptoms,R05,Cough,R5383,Other fatigue,936,9.91433468219866,10.607779964372304,8.897776423937794,1.19218324432541,Symptoms/signs,Symptoms/signs,Respiratory signs and symptoms,Malaise and fatigue,2,11.066219475183232
Aortic; peripheral; and visceral artery aneurysms | Peripheral and visceral vascular disease,I701,Atherosclerosis of renal artery,I714,"Abdominal aortic aneurysm, without rupture",849,14.199832245952225,15.790389060764468,8.89158734135439,1.7758796550672171,Circulatory,Circulatory,Peripheral and visceral vascular disease,Aortic; peripheral; and visceral artery aneurysms,3,14.199832245952225
Biliary tract disease | Other specified and unspecified gastrointestinal disorders,K660,Peritoneal adhesions (postprocedural) (postinfection),K8000,Calculus of gallbladder w acute cholecyst w/o obstruction,1239,9.791148524284765,10.596683414594626,8.888135803994729,1.192227892133691,Digestive,Digestive,Other specified and unspecified gastrointestinal disorders,Biliary tract disease,4,18.16171263969082
Stimulant-related disorders | Unacceptable PDX,F1490,"Cocaine use, unspecified, uncomplicated",Z7289,Other problems related to lifestyle,937,14.523504335233666,15.888608571747286,8.871920055822121,1.790887256848141,Mental/behavioural,Factors/status,Stimulant-related disorders,Unacceptable PDX,2,14.523504335233666
Heart failure | Pulmonary heart disease,I2722,Pulmonary hypertension due to left heart disease,I5033,Acute on chronic diastolic (congestive) heart failure,3818,11.254707675395194,15.557172752448752,8.871735081565443,1.753565972092084,Circulatory,Circulatory,Pulmonary heart disease,Heart failure,14,101.1540183620782
Other specified and unspecified nutritional and metabolic disorders | Peritonitis and intra-abdominal abscess,E8809,"Oth disorders of plasma-protein metabolism, NEC",K652,Spontaneous bacterial peritonitis,506,10.309252406247952,11.109316288704624,8.871732731279549,1.2522149421314177,Endocrine/metabolic,Digestive,Other specified and unspecified nutritional and metabolic disorders,Peritonitis and intra-abdominal abscess,1,10.309252406247952
Anxiety and fear-related disorders | Suicidal ideation/attempt/intentional self-harm,F411,Generalized anxiety disorder,R45851,Suicidal ideations,19038,8.352910431370358,11.290320418860652,8.868648244943797,1.2730598967320077,Mental/behavioural,Symptoms/signs,Anxiety and fear-related disorders,Suicidal ideation/attempt/intentional self-harm,3,8.963952542189547
Epilepsy; convulsions | Other nervous system disorders (neither hereditary nor degenerative),G936,Cerebral edema,R569,Unspecified convulsions,3740,9.16732279710291,10.45211877970408,8.861078661839702,1.1795537742731257,Nervous,Symptoms/signs,Other nervous system disorders (neither hereditary nor degenerative),Epilepsy; convulsions,5,14.32315644586306
Abdominal pain and other digestive/abdomen signs and symptoms | Other specified and unspecified diseases of bladder and urethra,N319,"Neuromuscular dysfunction of bladder, unspecified",R159,Full incontinence of feces,809,9.74276535528157,10.475090287927191,8.855434373285787,1.1828996575851125,Genitourinary,Symptoms/signs,Other specified and unspecified diseases of bladder and urethra,Abdominal pain and other digestive/abdomen signs and symptoms,1,9.74276535528157
Abnormal findings without diagnosis | Biliary tract disease,K838,Other specified diseases of biliary tract,R740,Nonspec elev of levels of transamns & lactic acid dehydrgnse,1032,8.982387688624861,9.894237056803169,8.846354103367348,1.1184536523398882,Digestive,Symptoms/signs,Biliary tract disease,Abnormal findings without diagnosis,3,9.92246665070475
Acquired absence of limb or organ | Secondary malignancies,C7951,Secondary malignant neoplasm of bone,Z9013,Acquired absence of bilateral breasts and nipples,1346,9.696852763721328,10.76592396279421,8.832270844114221,1.2189304599924675,Neoplasm,Factors/status,Secondary malignancies,Acquired absence of limb or organ,4,9.696852763721328
Abdominal hernia | Respiratory distress syndrome,K429,Umbilical hernia without obstruction or gangrene,P220,Respiratory distress syndrome of newborn,646,9.405722972191816,9.927860473950338,8.82628385708557,1.1248063890422515,Digestive,Perinatal,Abdominal hernia,Respiratory distress syndrome,1,9.405722972191816
Diverticulosis and diverticulitis | Gastrointestinal hemorrhage,K5730,Dvrtclos of lg int w/o perforation or abscess w/o bleeding,K921,Melena,3941,11.011665452030854,12.79457194174836,8.8221565539966,1.4502771361444706,Digestive,Digestive,Diverticulosis and diverticulitis,Gastrointestinal hemorrhage,4,11.392684464702842
Nutritional anemia | Other specified diseases of veins and lymphatics,D500,Iron deficiency anemia secondary to blood loss (chronic),I8511,Secondary esophageal varices with bleeding,504,8.471240381066544,9.093663899474697,8.804746913166285,1.0328137752462112,Blood/immune,Circulatory,Nutritional anemia,Other specified diseases of veins and lymphatics,1,8.471240381066544
Obsessive-compulsive and related disorders | Trauma- and stressor-related disorders,F429,"Obsessive-compulsive disorder, unspecified",F4310,"Post-traumatic stress disorder, unspecified",2269,11.50595469165406,13.843126663735593,8.804038570712247,1.572360974176841,Mental/behavioural,Mental/behavioural,Obsessive-compulsive and related disorders,Trauma- and stressor-related disorders,1,11.50595469165406
"Hepatitis | Poisoning by drugs, initial encounter",B1920,Unspecified viral hepatitis C without hepatic coma,T401X1A,"Poisoning by heroin, accidental (unintentional), init encntr",504,14.749207297352443,16.977675433435568,8.802786263690122,1.928670641869992,Infectious,Injury/poisoning,Hepatitis,"Poisoning by drugs, initial encounter",1,14.749207297352443
Esophageal disorders | Hemorrhoids,K209,"Esophagitis, unspecified",K648,Other hemorrhoids,993,10.23826213681189,11.032332101340304,8.794367539482563,1.2544770333750932,Digestive,Digestive,Esophageal disorders,Hemorrhoids,2,10.23826213681189
Conduction disorders | Myocarditis and cardiomyopathy,I420,Dilated cardiomyopathy,I447,"Left bundle-branch block, unspecified",3740,10.248547593918994,11.783053436978326,8.772060536044982,1.343248075929364,Circulatory,Circulatory,Myocarditis and cardiomyopathy,Conduction disorders,2,10.248547593918994
"Open wounds of head and neck, initial encounter | Unacceptable PDX",S0101XA,"Laceration without foreign body of scalp, initial encounter",W19XXXA,"Unspecified fall, initial encounter",2313,11.086326462470993,13.073080463412117,8.766931394872248,1.4911808789856071,Injury,External cause,"Open wounds of head and neck, initial encounter",Unacceptable PDX,19,28.53646956023681
Other nervous system disorders (neither hereditary nor degenerative) | Postprocedural or postoperative respiratory system complication,G9340,"Encephalopathy, unspecified",J95851,Ventilator associated pneumonia,502,9.197283611529295,10.238346032962534,8.759674715018287,1.1688043638662855,Nervous,Respiratory,Other nervous system disorders (neither hereditary nor degenerative),Postprocedural or postoperative respiratory system complication,1,9.197283611529295
Pressure ulcer of skin | Unacceptable PDX,L89154,"Pressure ulcer of sacral region, stage 4",R6521,Severe sepsis with septic shock,3030,9.538965210491536,11.489990511726466,8.748638111273841,1.3133461877820742,Skin,Symptoms/signs,Pressure ulcer of skin,Unacceptable PDX,23,30.258995082664526
"Disruptive, impulse-control and conduct disorders | Trauma- and stressor-related disorders",F4310,"Post-traumatic stress disorder, unspecified",F913,Oppositional defiant disorder,1130,12.175274981564224,14.661543102043682,8.735732803414695,1.6783415234853174,Mental/behavioural,Mental/behavioural,Trauma- and stressor-related disorders,"Disruptive, impulse-control and conduct disorders",1,12.175274981564224
Other aftercare encounter | Unacceptable PDX,J910,Malignant pleural effusion,Z515,Encounter for palliative care,4880,9.212146339975058,12.396713890856244,8.73551262139048,1.4191169343056813,Respiratory,Factors/status,Unacceptable PDX,Other aftercare encounter,14,99.23525227059886
Gastrointestinal cancers - stomach | Unacceptable PDX,C169,"Malignant neoplasm of stomach, unspecified",Z9221,Personal history of antineoplastic chemotherapy,665,10.38587279450691,12.08461859745796,8.728797314635562,1.3844540274976598,Neoplasm,Factors/status,Gastrointestinal cancers - stomach,Unacceptable PDX,1,10.38587279450691
Acute hemorrhagic cerebrovascular disease | Cerebral infarction,I619,"Nontraumatic intracerebral hemorrhage, unspecified",I639,"Cerebral infarction, unspecified",664,11.754308317725718,12.988171095431596,8.71556533493737,1.4902270359177945,Circulatory,Circulatory,Acute hemorrhagic cerebrovascular disease,Cerebral infarction,1,11.754308317725718
Acute and unspecified renal failure | Other specified connective tissue disease,M726,Necrotizing fasciitis,N170,Acute kidney failure with tubular necrosis,739,9.460924961612228,10.865263698104354,8.707966790106871,1.2477383021773107,Musculoskeletal,Genitourinary,Other specified connective tissue disease,Acute and unspecified renal failure,1,9.460924961612228
Suicidal ideation/attempt/intentional self-harm | Unacceptable PDX,R45851,Suicidal ideations,Z590,Homelessness,21409,11.0538642663272,16.478700183105452,8.702189247899486,1.89362696140894,Symptoms/signs,Factors/status,Suicidal ideation/attempt/intentional self-harm,Unacceptable PDX,5,21.64608663687122
Fluid and electrolyte disorders | Pneumonia (except that caused by tuberculosis),E870,Hyperosmolality and hypernatremia,J15212,Pneumonia due to Methicillin resistant Staphylococcus aureus,1624,9.46999535216081,11.311012832471842,8.701843455018741,1.2998409924219307,Endocrine/metabolic,Respiratory,Fluid and electrolyte disorders,Pneumonia (except that caused by tuberculosis),5,12.25291735373782
Hepatitis | Skin and subcutaneous tissue infections,B1920,Unspecified viral hepatitis C without hepatic coma,L02414,Cutaneous abscess of left upper limb,614,13.092740841906709,14.839511835837827,8.701587138125134,1.7053799037212407,Infectious,Skin,Hepatitis,Skin and subcutaneous tissue infections,2,13.098775206649512
Epilepsy; convulsions | Other general signs and symptoms,G40909,"Epilepsy, unsp, not intractable, without status epilepticus",R6250,Unsp lack of expected normal physiol dev in childhood,2893,7.645849578962903,9.347402931509196,8.700200869756484,1.074389324044518,Nervous,Symptoms/signs,Epilepsy; convulsions,Other general signs and symptoms,1,7.645849578962903
Asthma | Unacceptable PDX,J4540,"Moderate persistent asthma, uncomplicated",Z7951,Long term (current) use of inhaled steroids,2084,8.677829531211353,10.66324980532424,8.699100910667198,1.2257875744662905,Respiratory,Factors/status,Asthma,Unacceptable PDX,5,13.43700575516156
Malnutrition | Other specified and unspecified disorders of stomach and duodenum,E43,Unspecified severe protein-calorie malnutrition,K311,Adult hypertrophic pyloric stenosis,1574,9.1033779829089,11.619113205615614,8.695341791734048,1.336245714534299,Endocrine/metabolic,Digestive,Malnutrition,Other specified and unspecified disorders of stomach and duodenum,1,9.1033779829089
Acute and unspecified renal failure | Other specified and unspecified gastrointestinal disorders,K661,Hemoperitoneum,N170,Acute kidney failure with tubular necrosis,1169,8.397737084360836,9.510784403467598,8.693061120728826,1.094066206527513,Digestive,Genitourinary,Other specified and unspecified gastrointestinal disorders,Acute and unspecified renal failure,1,8.397737084360836
Aspiration pneumonitis | Pneumonia (except that caused by tuberculosis),J15212,Pneumonia due to Methicillin resistant Staphylococcus aureus,J690,Pneumonitis due to inhalation of food and vomit,1779,9.310865296252487,11.312859816566837,8.690817013974906,1.301702682081059,Respiratory,Respiratory,Pneumonia (except that caused by tuberculosis),Aspiration pneumonitis,4,12.386746600924251
Malnutrition | Osteomyelitis,E43,Unspecified severe protein-calorie malnutrition,M4628,"Osteomyelitis of vertebra, sacral and sacrococcygeal region",881,8.446996719232802,10.518109608827231,8.6866990300753,1.2108292888254997,Endocrine/metabolic,Musculoskeletal,Malnutrition,Osteomyelitis,1,8.446996719232802
Conditions due to neoplasm or the treatment of neoplasm | Female reproductive system cancers - endometrium,C541,Malignant neoplasm of endometrium,G893,Neoplasm related pain (acute) (chronic),559,11.931079070707783,12.918770268188275,8.674963725996541,1.4892016469733684,Neoplasm,Nervous,Female reproductive system cancers - endometrium,Conditions due to neoplasm or the treatment of neoplasm,1,11.931079070707783
Fluid and electrolyte disorders | Unacceptable PDX,E870,Hyperosmolality and hypernatremia,R6521,Severe sepsis with septic shock,19251,8.865934397844523,12.0226027601395,8.6696241755073,1.3867501654921508,Endocrine/metabolic,Symptoms/signs,Fluid and electrolyte disorders,Unacceptable PDX,15,70.5835251214677
Coagulation and hemorrhagic disorders | Diverticulosis and diverticulitis,D6832,Hemorrhagic disord d/t extrinsic circulating anticoagulants,K5731,Dvrtclos of lg int w/o perforation or abscess w bleeding,560,15.931119432946993,17.06419385162753,8.662764561082085,1.9698323475497992,Blood/immune,Digestive,Coagulation and hemorrhagic disorders,Diverticulosis and diverticulitis,1,15.931119432946993
Rheumatoid arthritis and related disease | Systemic lupus erythematosus and connective tissue disorders,M069,"Rheumatoid arthritis, unspecified",M329,"Systemic lupus erythematosus, unspecified",4780,10.409632512676811,12.680548960144344,8.64118303948584,1.4674551970720493,Musculoskeletal,Musculoskeletal,Rheumatoid arthritis and related disease,Systemic lupus erythematosus and connective tissue disorders,2,13.823463902705264
Abdominal hernia | Biliary tract disease,K429,Umbilical hernia without obstruction or gangrene,K8000,Calculus of gallbladder w acute cholecyst w/o obstruction,599,8.1023326236624,8.496076763344156,8.626481370566617,0.98488322160326,Digestive,Digestive,Abdominal hernia,Biliary tract disease,1,8.1023326236624
Anxiety and fear-related disorders | Sedative-related disorders,F1320,"Sedative, hypnotic or anxiolytic dependence, uncomplicated",F411,Generalized anxiety disorder,1139,9.681192397063532,11.183861139690642,8.622419754386375,1.297067581754091,Mental/behavioural,Mental/behavioural,Sedative-related disorders,Anxiety and fear-related disorders,1,9.681192397063532
General sensation/perception signs and symptoms | Nausea and vomiting,R110,Nausea,R42,Dizziness and giddiness,2235,9.140845955945506,10.101421772535424,8.609548919403268,1.1732811866333597,Symptoms/signs,Symptoms/signs,Nausea and vomiting,General sensation/perception signs and symptoms,1,9.140845955945506
Conditions due to neoplasm or the treatment of neoplasm | Other specified and unspecified nutritional and metabolic disorders,E8352,Hypercalcemia,G893,Neoplasm related pain (acute) (chronic),2337,9.876138666383405,10.985419195557078,8.609111523144012,1.2760224055670322,Endocrine/metabolic,Nervous,Other specified and unspecified nutritional and metabolic disorders,Conditions due to neoplasm or the treatment of neoplasm,1,9.876138666383405
Skin and subcutaneous tissue infections | Unacceptable PDX,B9561,Methicillin suscep staph infct causing dis classd elswhr,L03115,Cellulitis of right lower limb,4393,9.179256182713043,10.78657115645178,8.605469981237018,1.25345520697537,Infectious,Skin,Unacceptable PDX,Skin and subcutaneous tissue infections,19,26.764874359797314
"Nervous system pain and pain syndromes | Poisoning by drugs, initial encounter",G894,Chronic pain syndrome,T402X1A,"Poisoning by oth opioids, accidental (unintentional), init",627,10.408202145465152,11.850994686415527,8.598072236207292,1.3783316028109036,Nervous,Injury/poisoning,Nervous system pain and pain syndromes,"Poisoning by drugs, initial encounter",1,10.408202145465152
Gastrointestinal hemorrhage | Other specified diseases of veins and lymphatics,I8510,Secondary esophageal varices without bleeding,K921,Melena,1027,9.55461405287168,10.332997247346595,8.589552251551343,1.2029727446480545,Circulatory,Digestive,Other specified diseases of veins and lymphatics,Gastrointestinal hemorrhage,7,21.792759291438507
Abdominal hernia | Intestinal obstruction and ileus,K432,Incisional hernia without obstruction or gangrene,K567,"Ileus, unspecified",992,9.596410349747377,10.635172625293173,8.580524172534655,1.2394548877719185,Digestive,Digestive,Abdominal hernia,Intestinal obstruction and ileus,2,11.487159674666636
Respiratory signs and symptoms | Unacceptable PDX,R040,Epistaxis,R5081,Fever presenting with conditions classified elsewhere,813,9.911758011098172,10.555778704976884,8.579849725495539,1.230298786423934,Symptoms/signs,Symptoms/signs,Respiratory signs and symptoms,Unacceptable PDX,1,9.911758011098172
Dysphagia | Gastrointestinal cancers - esophagus,C159,"Malignant neoplasm of esophagus, unspecified",R1310,"Dysphagia, unspecified",1034,9.81271850488858,12.179724410939889,8.571998913586448,1.4208733031493117,Neoplasm,Symptoms/signs,Gastrointestinal cancers - esophagus,Dysphagia,1,9.81271850488858
Peritonitis and intra-abdominal abscess | Secondary malignancies,C787,Secondary malig neoplasm of liver and intrahepatic bile duct,K750,Abscess of liver,514,10.765646133627184,11.89155661903064,8.564174089743648,1.3885234576527146,Neoplasm,Digestive,Secondary malignancies,Peritonitis and intra-abdominal abscess,1,10.765646133627184
Coagulation and hemorrhagic disorders | Shock,D689,"Coagulation defect, unspecified",R570,Cardiogenic shock,2476,10.33996894775392,11.578662278149594,8.555672137152886,1.3533316953403831,Blood/immune,Symptoms/signs,Coagulation and hemorrhagic disorders,Shock,9,29.240270316828266
Neurocognitive disorders | Symptoms of mental and substance use conditions,F05,Delirium due to known physiological condition,R451,Restlessness and agitation,2309,9.493366239517863,10.605874944691717,8.55398603261894,1.239875176817954,Mental/behavioural,Symptoms/signs,Neurocognitive disorders,Symptoms of mental and substance use conditions,2,11.858109047487618
Aspiration pneumonitis | Fluid and electrolyte disorders,E870,Hyperosmolality and hypernatremia,J690,Pneumonitis due to inhalation of food and vomit,22834,9.242929937472136,13.049965427878004,8.545138921053184,1.527180019943971,Endocrine/metabolic,Respiratory,Fluid and electrolyte disorders,Aspiration pneumonitis,1,9.242929937472136
Muscle disorders | Skin and subcutaneous tissue infections,L03115,Cellulitis of right lower limb,M609,"Myositis, unspecified",503,8.964456965360439,10.117352336119849,8.540474101889009,1.184635913114245,Skin,Musculoskeletal,Skin and subcutaneous tissue infections,Muscle disorders,1,8.964456965360439
Other specified status | Shock,R570,Cardiogenic shock,Z9911,Dependence on respirator [ventilator] status,984,9.407551429184268,10.096843388247205,8.534566448843723,1.183052876647898,Symptoms/signs,Factors/status,Shock,Other specified status,1,9.407551429184268
Gastrointestinal cancers - esophagus | Malnutrition,C159,"Malignant neoplasm of esophagus, unspecified",E43,Unspecified severe protein-calorie malnutrition,1209,9.530614261955252,12.315316558673128,8.530803345274705,1.443629170691726,Neoplasm,Endocrine/metabolic,Gastrointestinal cancers - esophagus,Malnutrition,1,9.530614261955252
Gastritis and duodenitis | Other specified and unspecified gastrointestinal disorders,K2970,"Gastritis, unspecified, without bleeding",K5521,Angiodysplasia of colon with hemorrhage,509,9.86170188645021,10.848093850685537,8.509011548480235,1.2748947147243062,Digestive,Digestive,Gastritis and duodenitis,Other specified and unspecified gastrointestinal disorders,1,9.86170188645021
Coronary atherosclerosis and other heart disease | Shock,I255,Ischemic cardiomyopathy,R570,Cardiogenic shock,7935,10.507200032375565,13.710021591102423,8.502013388645164,1.6125617503040868,Circulatory,Symptoms/signs,Coronary atherosclerosis and other heart disease,Shock,1,10.507200032375565
"Pathological fracture, initial encounter | Unacceptable PDX",M8458XA,"Pathological fracture in neoplastic disease, oth site, init",Z923,Personal history of irradiation,698,10.56444197017817,12.427643011386904,8.501525966717244,1.4618132156556456,Musculoskeletal,Factors/status,"Pathological fracture, initial encounter",Unacceptable PDX,3,26.3889788801984
Hepatic failure | Hepatitis,B182,Chronic viral hepatitis C,K7290,"Hepatic failure, unspecified without coma",3061,12.054980959019176,13.860470204172238,8.498536952054371,1.6309242734800034,Infectious,Digestive,Hepatitis,Hepatic failure,5,35.880734456402685
Respiratory cancers | Respiratory signs and symptoms,C3411,"Malignant neoplasm of upper lobe, right bronchus or lung",R042,Hemoptysis,519,11.114909287428189,11.775192062947912,8.475075011021648,1.3893908959666474,Neoplasm,Symptoms/signs,Respiratory cancers,Respiratory signs and symptoms,1,11.114909287428189
Noninfectious gastroenteritis | Other specified and unspecified gastrointestinal disorders,K529,"Noninfective gastroenteritis and colitis, unspecified",K633,Ulcer of intestine,533,9.393680489749746,10.477052724258458,8.473721733052635,1.236416896178172,Digestive,Digestive,Noninfectious gastroenteritis,Other specified and unspecified gastrointestinal disorders,1,9.393680489749746
Nervous system pain and pain syndromes | Other specified status,G894,Chronic pain syndrome,Z765,Malingerer [conscious simulation],984,8.878711175166046,9.93383063788584,8.47294456672036,1.172417753906178,Nervous,Factors/status,Nervous system pain and pain syndromes,Other specified status,1,8.878711175166046
Respiratory failure; insufficiency; arrest | Shock,J9602,Acute respiratory failure with hypercapnia,R570,Cardiogenic shock,3707,9.859598827046616,11.361702745736835,8.471528536952048,1.3411632500767845,Respiratory,Symptoms/signs,Respiratory failure; insufficiency; arrest,Shock,5,12.263066580094588
Fluid and electrolyte disorders | Hepatitis,E8770,"Fluid overload, unspecified",K7011,Alcoholic hepatitis with ascites,692,9.198167645853216,10.199775189072716,8.460133591147907,1.2056281474969912,Endocrine/metabolic,Digestive,Fluid and electrolyte disorders,Hepatitis,1,9.198167645853216
"Effect of foreign body entering opening, initial encounter | Fluid and electrolyte disorders",E870,Hyperosmolality and hypernatremia,T17890A,"Oth foreign object in oth prt resp tract cause asphyx, init",805,9.534927585011792,11.33880816173359,8.456165159930876,1.3408924668905449,Endocrine/metabolic,Injury/poisoning,Fluid and electrolyte disorders,"Effect of foreign body entering opening, initial encounter",2,9.534927585011792
Malnutrition | Pressure ulcer of skin,E43,Unspecified severe protein-calorie malnutrition,L89154,"Pressure ulcer of sacral region, stage 4",4054,8.753824134102238,11.186815167519734,8.45065626320145,1.3237806413015452,Endocrine/metabolic,Skin,Malnutrition,Pressure ulcer of skin,3,9.29122677656862
Other specified and unspecified disorders of stomach and duodenum | Shock,K3189,Other diseases of stomach and duodenum,R578,Other shock,793,10.264837494374625,10.94076043004541,8.444222817994056,1.2956503713676768,Digestive,Symptoms/signs,Other specified and unspecified disorders of stomach and duodenum,Shock,1,10.264837494374625
"Complication of cardiovascular device, implant or graft, initial encounter | Coronary atherosclerosis and other heart disease",I252,Old myocardial infarction,T82855A,"Stenosis of coronary artery stent, initial encounter",6044,8.832430994668375,14.924747206142566,8.431461911176438,1.7701256749270096,Circulatory,Injury/poisoning,Coronary atherosclerosis and other heart disease,"Complication of cardiovascular device, implant or graft, initial encounter",6,42.89726659307656
Cardiac arrest and ventricular fibrillation | Conduction disorders,I442,"Atrioventricular block, complete",I4901,Ventricular fibrillation,657,10.781806419493437,11.460102563332956,8.422697806409127,1.3606213622685788,Circulatory,Circulatory,Conduction disorders,Cardiac arrest and ventricular fibrillation,2,10.781806419493437
Depressive disorders | Unacceptable PDX,F331,"Major depressive disorder, recurrent, moderate",Z915,Personal history of self-harm,2613,11.57861491166439,13.345809572472572,8.418318443796487,1.585329619160129,Mental/behavioural,Factors/status,Depressive disorders,Unacceptable PDX,8,18.80546717154525
Coagulation and hemorrhagic disorders | Unacceptable PDX,D689,"Coagulation defect, unspecified",R6521,Severe sepsis with septic shock,6805,8.883903482224992,10.865723315868316,8.41518581807584,1.2912042052034924,Blood/immune,Symptoms/signs,Coagulation and hemorrhagic disorders,Unacceptable PDX,16,26.162420775203486
Fluid and electrolyte disorders | Other specified and unspecified diseases of kidney and ureters,E875,Hyperkalemia,N250,Renal osteodystrophy,3817,8.048875915435982,11.17074107278037,8.400710974837255,1.3297375789073351,Endocrine/metabolic,Genitourinary,Fluid and electrolyte disorders,Other specified and unspecified diseases of kidney and ureters,3,13.480856634660668
Other specified and unspecified diseases of bladder and urethra | Urinary tract infections,N136,Pyonephrosis,N319,"Neuromuscular dysfunction of bladder, unspecified",2283,8.382670274680537,9.21647961210807,8.377305616900955,1.100172302836142,Genitourinary,Genitourinary,Urinary tract infections,Other specified and unspecified diseases of bladder and urethra,4,19.91751037735706
CNS abscess | Diabetes mellitus with complication,E1169,Type 2 diabetes mellitus with other specified complication,G061,Intraspinal abscess and granuloma,527,11.363903017359258,12.697929174852902,8.366728204451814,1.5176696152381908,Endocrine/metabolic,Nervous,Diabetes mellitus with complication,CNS abscess,1,11.363903017359258
Endocarditis and endocardial disease | Hepatitis,B1920,Unspecified viral hepatitis C without hepatic coma,I330,Acute and subacute infective endocarditis,1212,10.362996709476969,11.52413008561081,8.358104739839542,1.3787970412335429,Infectious,Circulatory,Hepatitis,Endocarditis and endocardial disease,2,11.502172991854554
Nervous system pain and pain syndromes | Unacceptable PDX,G8911,Acute pain due to trauma,W010XXA,"Fall same lev from slip/trip w/o strike against object, init",789,8.931090615415396,9.720983489957211,8.355163157807818,1.1634702167213873,Nervous,External cause,Nervous system pain and pain syndromes,Unacceptable PDX,1,8.931090615415396
"Complication of other surgical or medical care, injury, initial encounter | Intestinal obstruction and ileus",K567,"Ileus, unspecified",T8143XA,"Infct fol a procedure, organ and space surgical site, init",596,9.097717414588342,9.978644577686374,8.34016412214105,1.1964566202235238,Digestive,Injury/poisoning,Intestinal obstruction and ileus,"Complication of other surgical or medical care, injury, initial encounter",1,9.097717414588342
Heart failure | Myocarditis and cardiomyopathy,I429,"Cardiomyopathy, unspecified",I5023,Acute on chronic systolic (congestive) heart failure,22368,9.538191338583555,13.502693414753924,8.334800721195187,1.6200379428888942,Circulatory,Circulatory,Myocarditis and cardiomyopathy,Heart failure,25,25.282774551021564
Gastrointestinal cancers - stomach | Malnutrition,C169,"Malignant neoplasm of stomach, unspecified",E43,Unspecified severe protein-calorie malnutrition,1028,8.997830896948246,11.41396116132402,8.320737717930314,1.3717487016479484,Neoplasm,Endocrine/metabolic,Gastrointestinal cancers - stomach,Malnutrition,1,8.997830896948246
Benign neoplasms | Other specified and unspecified disorders of stomach and duodenum,K3189,Other diseases of stomach and duodenum,K635,Polyp of colon,613,9.774408324913477,10.334289805835436,8.320157904498974,1.2420785668319296,Digestive,Digestive,Other specified and unspecified disorders of stomach and duodenum,Benign neoplasms,1,9.774408324913477
Conditions due to neoplasm or the treatment of neoplasm | Other general signs and symptoms,G893,Neoplasm related pain (acute) (chronic),R64,Cachexia,3185,8.963117932658708,10.106114687255356,8.313240155346543,1.2156649511389073,Nervous,Symptoms/signs,Conditions due to neoplasm or the treatment of neoplasm,Other general signs and symptoms,1,8.963117932658708
Neoplasms of unspecified nature or uncertain behavior | Unacceptable PDX,D473,Essential (hemorrhagic) thrombocythemia,Z9081,Acquired absence of spleen,597,9.219195085391716,9.71264056896347,8.311500193923075,1.1685785167959009,Neoplasm,Factors/status,Neoplasms of unspecified nature or uncertain behavior,Unacceptable PDX,1,9.219195085391716
Other specified and unspecified circulatory disease | Unacceptable PDX,I776,"Arteritis, unspecified",Z7952,Long term (current) use of systemic steroids,568,9.001436097298873,10.232260618035111,8.30452283121609,1.2321310719470595,Circulatory,Factors/status,Other specified and unspecified circulatory disease,Unacceptable PDX,1,9.001436097298873
Acute and unspecified renal failure | Cardiac arrest and ventricular fibrillation,I469,"Cardiac arrest, cause unspecified",N170,Acute kidney failure with tubular necrosis,4295,9.69410915163136,11.54336499215512,8.291186698596258,1.3922452131140013,Circulatory,Genitourinary,Cardiac arrest and ventricular fibrillation,Acute and unspecified renal failure,2,9.69410915163136
Coronary atherosclerosis and other heart disease | Other and ill-defined heart disease,I255,Ischemic cardiomyopathy,I513,"Intracardiac thrombosis, not elsewhere classified",2124,9.9371670480627,12.284331914462014,8.286964276529718,1.482368151296804,Circulatory,Circulatory,Coronary atherosclerosis and other heart disease,Other and ill-defined heart disease,1,9.9371670480627
Coagulation and hemorrhagic disorders | Respiratory failure; insufficiency; arrest,D65,Disseminated intravascular coagulation,J9602,Acute respiratory failure with hypercapnia,777,9.080333350261814,9.97569344115747,8.279171471468198,1.2049144622183332,Blood/immune,Respiratory,Coagulation and hemorrhagic disorders,Respiratory failure; insufficiency; arrest,2,9.62357480468484
Genitourinary signs and symptoms | Hematuria,R300,Dysuria,R319,"Hematuria, unspecified",524,8.814234823924068,9.33269175265112,8.278676155421316,1.1273169257308824,Symptoms/signs,Symptoms/signs,Genitourinary signs and symptoms,Hematuria,1,8.814234823924068
Aspiration pneumonitis | Unacceptable PDX,J690,Pneumonitis due to inhalation of food and vomit,R6521,Severe sepsis with septic shock,20291,8.387354994333434,11.35560610360715,8.267276205350377,1.3735607498220612,Respiratory,Symptoms/signs,Aspiration pneumonitis,Unacceptable PDX,10,12.724080552055844
Anal and rectal conditions | Noninfectious gastroenteritis,K529,"Noninfective gastroenteritis and colitis, unspecified",K6289,Other specified diseases of anus and rectum,649,8.82498872337035,9.782213440550178,8.255890862481577,1.184876787192632,Digestive,Digestive,Noninfectious gastroenteritis,Anal and rectal conditions,1,8.82498872337035
Abdominal pain and other digestive/abdomen signs and symptoms | Coagulation and hemorrhagic disorders,D689,"Coagulation defect, unspecified",R188,Other ascites,4319,9.136353013343571,10.563527772425545,8.25309836409725,1.2799469128320533,Blood/immune,Symptoms/signs,Coagulation and hemorrhagic disorders,Abdominal pain and other digestive/abdomen signs and symptoms,5,14.634096526730604
Anxiety and fear-related disorders | Trauma- and stressor-related disorders,F410,Panic disorder [episodic paroxysmal anxiety],F4310,"Post-traumatic stress disorder, unspecified",5669,9.693486931632483,11.680763823799756,8.235990726538878,1.418258496353179,Mental/behavioural,Mental/behavioural,Anxiety and fear-related disorders,Trauma- and stressor-related disorders,1,9.693486931632483
"Fracture of head and neck, initial encounter | Unacceptable PDX",S022XXA,"Fracture of nasal bones, init encntr for closed fracture",W19XXXA,"Unspecified fall, initial encounter",1007,8.404569768609978,9.399189420332691,8.220306768096043,1.1434110289912816,Injury,External cause,"Fracture of head and neck, initial encounter",Unacceptable PDX,7,19.751832369185127
Malnutrition | Postprocedural or postoperative digestive system complication,E43,Unspecified severe protein-calorie malnutrition,K9423,Gastrostomy malfunction,1637,8.084669502613238,9.987199817645818,8.212529500768516,1.2160930218529176,Endocrine/metabolic,Digestive,Malnutrition,Postprocedural or postoperative digestive system complication,2,8.084669502613238
Nervous system pain and pain syndromes | Postprocedural or postoperative musculoskeletal system complication,G894,Chronic pain syndrome,M961,"Postlaminectomy syndrome, not elsewhere classified",559,10.410577314949794,11.84640539785589,8.180584529467522,1.448112339061299,Nervous,Musculoskeletal,Nervous system pain and pain syndromes,Postprocedural or postoperative musculoskeletal system complication,1,10.410577314949794
Biliary tract disease | Conditions due to neoplasm or the treatment of neoplasm,G893,Neoplasm related pain (acute) (chronic),K831,Obstruction of bile duct,1184,7.986425646142863,8.546963840787061,8.180141723450298,1.044843002693362,Nervous,Digestive,Conditions due to neoplasm or the treatment of neoplasm,Biliary tract disease,1,7.986425646142863
Coma; stupor; and brain damage | Pressure ulcer of skin,G931,"Anoxic brain damage, not elsewhere classified",L89154,"Pressure ulcer of sacral region, stage 4",615,9.667242387280302,10.206002832256186,8.174244944660261,1.2485560319455742,Nervous,Skin,Coma; stupor; and brain damage,Pressure ulcer of skin,1,9.667242387280302
Chronic kidney disease | Postthrombotic syndrome and venous insufficiency/hypertension,I871,Compression of vein,N186,End stage renal disease,1829,7.899215201600929,10.172774312692756,8.172260629218604,1.2447931819895266,Circulatory,Genitourinary,Postthrombotic syndrome and venous insufficiency/hypertension,Chronic kidney disease,2,8.005738899787868
Conditions due to neoplasm or the treatment of neoplasm | Gastrointestinal cancers - liver,C220,Liver cell carcinoma,G893,Neoplasm related pain (acute) (chronic),676,11.29401666847186,12.210193218652297,8.15259066990193,1.4977071354422824,Neoplasm,Nervous,Gastrointestinal cancers - liver,Conditions due to neoplasm or the treatment of neoplasm,1,11.29401666847186
Encounter for antineoplastic therapies | Secondary malignancies,C7800,Secondary malignant neoplasm of unspecified lung,Z5111,Encounter for antineoplastic chemotherapy,848,7.784979938308522,8.223787194531242,8.1475135303761,1.0093615879090931,Neoplasm,Factors/status,Secondary malignancies,Encounter for antineoplastic therapies,1,7.784979938308522
Abdominal hernia | Benign neoplasms,K449,Diaphragmatic hernia without obstruction or gangrene,K635,Polyp of colon,2762,9.453258636862431,11.397256257866804,8.144673623050057,1.3993508868927156,Digestive,Digestive,Abdominal hernia,Benign neoplasms,6,17.56351821141747
Personality disorders | Schizophrenia spectrum and other psychotic disorders,F250,"Schizoaffective disorder, bipolar type",F603,Borderline personality disorder,1178,12.25082942123218,13.347009062862105,8.141973706735143,1.6392842256198017,Mental/behavioural,Mental/behavioural,Schizophrenia spectrum and other psychotic disorders,Personality disorders,2,12.25082942123218
Acute hemorrhagic cerebrovascular disease | Fluid and electrolyte disorders,E870,Hyperosmolality and hypernatremia,I615,"Nontraumatic intracerebral hemorrhage, intraventricular",1113,9.396509056430856,11.164903112241063,8.135955025694173,1.3722916457848116,Endocrine/metabolic,Circulatory,Fluid and electrolyte disorders,Acute hemorrhagic cerebrovascular disease,2,9.396509056430856
Paralysis (other than cerebral palsy) | Skin/Subcutaneous signs and symptoms,G8194,"Hemiplegia, unspecified affecting left nondominant side",R200,Anesthesia of skin,981,9.00775626126286,9.656404197638354,8.130778630111045,1.1876358509967786,Nervous,Symptoms/signs,Paralysis (other than cerebral palsy),Skin/Subcutaneous signs and symptoms,2,9.00775626126286
Aspiration pneumonitis | Respiratory failure; insufficiency; arrest,J690,Pneumonitis due to inhalation of food and vomit,J9602,Acute respiratory failure with hypercapnia,11422,8.34722974568013,10.578002111457682,8.122889523341852,1.302246211900438,Respiratory,Respiratory,Aspiration pneumonitis,Respiratory failure; insufficiency; arrest,2,11.561837055596207
Abdominal hernia | Dysphagia,K449,Diaphragmatic hernia without obstruction or gangrene,R1314,"Dysphagia, pharyngoesophageal phase",651,9.654210159742744,11.516406295191883,8.117476925990056,1.4187174660539337,Digestive,Symptoms/signs,Abdominal hernia,Dysphagia,1,9.654210159742744
Fungal infections | Postthrombotic syndrome and venous insufficiency/hypertension,B351,Tinea unguium,I872,Venous insufficiency (chronic) (peripheral),849,11.299671261630492,12.429404391285246,8.108935481699946,1.5328034634552996,Infectious,Circulatory,Fungal infections,Postthrombotic syndrome and venous insufficiency/hypertension,2,13.068512099338037
Malaise and fatigue | Myopathies,G7281,Critical illness myopathy,R5381,Other malaise,629,10.071985410414433,11.217911016317515,8.103806677722838,1.3842767309782047,Nervous,Symptoms/signs,Myopathies,Malaise and fatigue,1,10.071985410414433
Heart failure | Other aftercare encounter,I5084,End stage heart failure,Z515,Encounter for palliative care,1887,8.779563897167087,11.461522511117623,8.09325817384653,1.4161815013087908,Circulatory,Factors/status,Heart failure,Other aftercare encounter,1,8.779563897167087
Other specified and unspecified endocrine disorders | Unacceptable PDX,E162,"Hypoglycemia, unspecified",R6521,Severe sepsis with septic shock,3905,7.612509182699459,8.868384603845938,8.092898020103915,1.0958231009232544,Endocrine/metabolic,Symptoms/signs,Other specified and unspecified endocrine disorders,Unacceptable PDX,6,14.437982006101212
Neurodevelopmental disorders | Unacceptable PDX,F79,Unspecified intellectual disabilities,Z931,Gastrostomy status,1466,10.170049278121706,11.246725711712502,8.090961535107935,1.390035740858638,Mental/behavioural,Factors/status,Neurodevelopmental disorders,Unacceptable PDX,1,10.170049278121706
Aplastic anemia | Peritonitis and intra-abdominal abscess,D61818,Other pancytopenia,K652,Spontaneous bacterial peritonitis,730,9.91020564026215,10.992226167338345,8.088877907970003,1.358930903940046,Blood/immune,Digestive,Aplastic anemia,Peritonitis and intra-abdominal abscess,1,9.91020564026215
"Headache; including migraine | Musculoskeletal pain, not low back pain",M7910,"Myalgia, unspecified site",R51,Headache,545,8.932771759489988,9.673426540009828,8.087280876359303,1.1961284253508664,Musculoskeletal,Symptoms/signs,"Musculoskeletal pain, not low back pain",Headache; including migraine,1,8.932771759489988
"Complication of genitourinary device, implant or graft, initial encounter | Unacceptable PDX",T83511A,"I/I react d/t indwelling urethral catheter, init",Z87440,Personal history of urinary (tract) infections,2602,8.517789348485563,9.656016886950418,8.085257483649723,1.1942745059730178,Injury/poisoning,Factors/status,"Complication of genitourinary device, implant or graft, initial encounter",Unacceptable PDX,11,19.581968829224664
Gastritis and duodenitis | Other specified and unspecified disorders of stomach and duodenum,K2970,"Gastritis, unspecified, without bleeding",K3189,Other diseases of stomach and duodenum,2247,8.84592685758514,9.856292842310744,8.056773749459389,1.2233548004214596,Digestive,Digestive,Gastritis and duodenitis,Other specified and unspecified disorders of stomach and duodenum,7,15.55890230988833
Other specified and unspecified skin disorders | Other specified diseases of veins and lymphatics,B372,Candidiasis of skin and nail,I890,"Lymphedema, not elsewhere classified",507,9.898157381117835,10.49615126545394,8.052736157260595,1.3034266937940449,Infectious,Circulatory,Other specified and unspecified skin disorders,Other specified diseases of veins and lymphatics,1,9.898157381117835
Abdominal pain and other digestive/abdomen signs and symptoms | Gastrointestinal hemorrhage,K922,"Gastrointestinal hemorrhage, unspecified",R195,Other fecal abnormalities,732,11.045591703165336,12.05620150305074,8.035005728672497,1.5004596026644783,Digestive,Symptoms/signs,Gastrointestinal hemorrhage,Abdominal pain and other digestive/abdomen signs and symptoms,1,11.045591703165336
Cardiac arrest and ventricular fibrillation | Other aftercare encounter,I469,"Cardiac arrest, cause unspecified",Z515,Encounter for palliative care,7506,8.55062067728207,11.357298458781113,8.029792829683416,1.4143949538519898,Circulatory,Factors/status,Cardiac arrest and ventricular fibrillation,Other aftercare encounter,1,8.55062067728207
Gangrene | Unacceptable PDX,B9561,Methicillin suscep staph infct causing dis classd elswhr,I96,"Gangrene, not elsewhere classified",1166,9.675089678741893,10.430660785049929,8.01870663778888,1.300790920058666,Infectious,Circulatory,Unacceptable PDX,Gangrene,5,14.698829772158367
Fluid and electrolyte disorders | Nervous system signs and symptoms,E870,Hyperosmolality and hypernatremia,R532,Functional quadriplegia,2667,10.069853887480852,12.277693167641171,8.017066637966876,1.5314445697004695,Endocrine/metabolic,Symptoms/signs,Fluid and electrolyte disorders,Nervous system signs and symptoms,1,10.069853887480852
Abdominal hernia | Other specified and unspecified liver disease,K429,Umbilical hernia without obstruction or gangrene,K7031,Alcoholic cirrhosis of liver with ascites,1035,9.504817721700196,10.197898571320762,8.016712399973843,1.2720798829397992,Digestive,Digestive,Abdominal hernia,Other specified and unspecified liver disease,1,9.504817721700196
Abdominal pain and other digestive/abdomen signs and symptoms | Other specified and unspecified gastrointestinal disorders,K661,Hemoperitoneum,R188,Other ascites,844,8.12260587358362,8.892633465671524,7.997433531999589,1.1119359016977175,Digestive,Symptoms/signs,Other specified and unspecified gastrointestinal disorders,Abdominal pain and other digestive/abdomen signs and symptoms,2,9.958485049878368
Aspiration pneumonitis | Dysphagia,J690,Pneumonitis due to inhalation of food and vomit,R1310,"Dysphagia, unspecified",24842,8.478866126867347,11.923083134652474,7.996541038517142,1.4910300687787703,Respiratory,Symptoms/signs,Aspiration pneumonitis,Dysphagia,4,12.24593055121706
Epilepsy; convulsions | Unacceptable PDX,G40909,"Epilepsy, unsp, not intractable, without status epilepticus",Z87820,Personal history of traumatic brain injury,6109,8.19185829113159,10.360263713381311,7.99590476855467,1.2956962361689084,Nervous,Factors/status,Epilepsy; convulsions,Unacceptable PDX,5,9.504550888414828
"Other aftercare encounter | Pathological fracture, initial encounter",M8458XA,"Pathological fracture in neoplastic disease, oth site, init",Z515,Encounter for palliative care,1016,8.048184615051,10.184609161129226,7.987539590501929,1.2750621196594576,Musculoskeletal,Factors/status,"Pathological fracture, initial encounter",Other aftercare encounter,1,8.048184615051
Acute and unspecified renal failure | Fluid and electrolyte disorders,E870,Hyperosmolality and hypernatremia,N170,Acute kidney failure with tubular necrosis,15270,8.505876061676547,11.061638939659796,7.9673518352932176,1.3883708374292854,Endocrine/metabolic,Genitourinary,Fluid and electrolyte disorders,Acute and unspecified renal failure,2,13.801161461035464
Benign neoplasms | Epilepsy; convulsions,D320,Benign neoplasm of cerebral meninges,R569,Unspecified convulsions,523,7.8954847278261155,8.48024116852227,7.954038151210208,1.0661554555445525,Neoplasm,Symptoms/signs,Benign neoplasms,Epilepsy; convulsions,1,7.8954847278261155
Aortic and peripheral arterial embolism or thrombosis | Peripheral and visceral vascular disease,I739,"Peripheral vascular disease, unspecified",I745,Embolism and thrombosis of iliac artery,727,9.26711294806755,11.132188357233996,7.937697636410213,1.402445503362418,Circulatory,Circulatory,Peripheral and visceral vascular disease,Aortic and peripheral arterial embolism or thrombosis,1,9.26711294806755
Opioid-related disorders | Other specified status,F1120,"Opioid dependence, uncomplicated",Z765,Malingerer [conscious simulation],1161,12.175545598373844,14.007368018436024,7.91125697065375,1.7705616276143434,Mental/behavioural,Factors/status,Opioid-related disorders,Other specified status,1,12.175545598373844
Cardiac arrest and ventricular fibrillation | Coronary atherosclerosis and other heart disease,I255,Ischemic cardiomyopathy,I4901,Ventricular fibrillation,3225,10.053562096107887,12.555836797198136,7.909461619520802,1.5874451892161576,Circulatory,Circulatory,Coronary atherosclerosis and other heart disease,Cardiac arrest and ventricular fibrillation,1,10.053562096107887
Esophageal disorders | Other specified and unspecified disorders of stomach and duodenum,K210,Gastro-esophageal reflux disease with esophagitis,K3184,Gastroparesis,2555,8.045700190236209,8.879069133492056,7.897177943541458,1.1243344390832193,Digestive,Digestive,Esophageal disorders,Other specified and unspecified disorders of stomach and duodenum,11,21.581765505438167
Diverticulosis and diverticulitis | Other specified and unspecified disorders of stomach and duodenum,K31811,Angiodysplasia of stomach and duodenum with bleeding,K5730,Dvrtclos of lg int w/o perforation or abscess w/o bleeding,710,12.230305196296277,13.582717230191848,7.893738914253308,1.7206950188922834,Digestive,Digestive,Other specified and unspecified disorders of stomach and duodenum,Diverticulosis and diverticulitis,3,16.8124111820953
General sensation/perception signs and symptoms | Neurocognitive disorders,F05,Delirium due to known physiological condition,R443,"Hallucinations, unspecified",933,11.362945643665796,12.649386318943211,7.890560995507975,1.6031035469017214,Mental/behavioural,Symptoms/signs,Neurocognitive disorders,General sensation/perception signs and symptoms,2,12.18924037344346
Gastritis and duodenitis | Gastrointestinal hemorrhage,K2970,"Gastritis, unspecified, without bleeding",K920,Hematemesis,1917,8.440560719732883,9.321606471856418,7.888853871307781,1.1816173330019004,Digestive,Digestive,Gastritis and duodenitis,Gastrointestinal hemorrhage,10,42.32226556744254
Nutritional deficiencies | Other specified and unspecified hematologic conditions,D7589,Other specified diseases of blood and blood-forming organs,E538,Deficiency of other specified B group vitamins,703,9.4503446629948,10.154332728822304,7.879149431903998,1.288760013575286,Blood/immune,Endocrine/metabolic,Other specified and unspecified hematologic conditions,Nutritional deficiencies,1,9.4503446629948
Nutritional anemia | Other specified and unspecified disorders of stomach and duodenum,D500,Iron deficiency anemia secondary to blood loss (chronic),K3189,Other diseases of stomach and duodenum,1722,7.947381856592387,8.653355938731634,7.8527566377111455,1.1019513704494273,Blood/immune,Digestive,Nutritional anemia,Other specified and unspecified disorders of stomach and duodenum,3,19.870547734149028
Abdominal pain and other digestive/abdomen signs and symptoms | Heart failure,I5082,Biventricular heart failure,R188,Other ascites,1013,9.236744247474842,10.267696971197852,7.851898867349623,1.307670557741617,Circulatory,Symptoms/signs,Heart failure,Abdominal pain and other digestive/abdomen signs and symptoms,2,9.236744247474842
Alcohol-related disorders | Other specified and unspecified hematologic conditions,D7589,Other specified diseases of blood and blood-forming organs,F10239,"Alcohol dependence with withdrawal, unspecified",920,8.436976959519209,9.209552173755457,7.8358346830868735,1.1753122093851291,Blood/immune,Mental/behavioural,Other specified and unspecified hematologic conditions,Alcohol-related disorders,1,8.436976959519209
Circulatory signs and symptoms | Other general signs and symptoms,R001,"Bradycardia, unspecified",R680,"Hypothermia, not associated w low environmental temperature",1485,8.951395020880547,10.473292824679872,7.824695048591952,1.3384921405422097,Symptoms/signs,Symptoms/signs,Circulatory signs and symptoms,Other general signs and symptoms,1,8.951395020880547
Hepatic failure | Muscle disorders,K7200,Acute and subacute hepatic failure without coma,M6282,Rhabdomyolysis,2191,8.993730761145493,9.922504644637936,7.812182019255144,1.2701322908479802,Digestive,Musculoskeletal,Hepatic failure,Muscle disorders,1,8.993730761145493
Other nervous system disorders (neither hereditary nor degenerative) | Urinary incontinence,G912,(Idiopathic) normal pressure hydrocephalus,R32,Unspecified urinary incontinence,714,11.851496643485971,13.238578291583488,7.810578050701736,1.6949549963711172,Nervous,Symptoms/signs,Other nervous system disorders (neither hereditary nor degenerative),Urinary incontinence,1,11.851496643485971
Aspiration pneumonitis | Nervous system signs and symptoms,J690,Pneumonitis due to inhalation of food and vomit,R532,Functional quadriplegia,2833,9.600571412934844,11.829342135767412,7.799038560351808,1.516769284345454,Respiratory,Symptoms/signs,Aspiration pneumonitis,Nervous system signs and symptoms,2,9.600571412934844
Acute phlebitis; thrombophlebitis and thromboembolism | Coagulation and hemorrhagic disorders,D6959,Other secondary thrombocytopenia,I81,Portal vein thrombosis,955,9.77729216601968,10.72748182184159,7.768855898808724,1.3808316129903428,Blood/immune,Circulatory,Coagulation and hemorrhagic disorders,Acute phlebitis; thrombophlebitis and thromboembolism,3,24.936592728760058
Postthrombotic syndrome and venous insufficiency/hypertension | Unacceptable PDX,I871,Compression of vein,Z992,Dependence on renal dialysis,1439,7.998533900935301,9.715605672670032,7.76741432946184,1.2508159421622065,Circulatory,Factors/status,Postthrombotic syndrome and venous insufficiency/hypertension,Unacceptable PDX,3,9.591533918021476
Myocarditis and cardiomyopathy | Unacceptable PDX,I429,"Cardiomyopathy, unspecified",Z95810,Presence of automatic (implantable) cardiac defibrillator,15594,9.500351591474825,12.672123140323151,7.756492550821694,1.6337439966961247,Circulatory,Factors/status,Myocarditis and cardiomyopathy,Unacceptable PDX,6,16.971814328468945
Aspiration pneumonitis | Cardiac arrest and ventricular fibrillation,I469,"Cardiac arrest, cause unspecified",J690,Pneumonitis due to inhalation of food and vomit,5444,8.92915793775817,11.014031708310272,7.748562833700325,1.4214289726615694,Circulatory,Respiratory,Cardiac arrest and ventricular fibrillation,Aspiration pneumonitis,1,8.92915793775817
Other specified and unspecified disorders of stomach and duodenum | Secondary malignancies,C787,Secondary malig neoplasm of liver and intrahepatic bile duct,K311,Adult hypertrophic pyloric stenosis,593,9.807400724175157,10.743142758385138,7.741960502757527,1.3876514552817276,Neoplasm,Digestive,Secondary malignancies,Other specified and unspecified disorders of stomach and duodenum,2,24.240385861688267
Esophageal disorders | Nutritional anemia,D500,Iron deficiency anemia secondary to blood loss (chronic),K2211,Ulcer of esophagus with bleeding,528,8.603254939782548,9.249117395557848,7.734194913035144,1.195873326125964,Blood/immune,Digestive,Nutritional anemia,Esophageal disorders,1,8.603254939782548
Acute hemorrhagic cerebrovascular disease | Dysphagia,I610,"Nontraumatic intcrbl hemorrhage in hemisphere, subcortical",R1310,"Dysphagia, unspecified",688,8.748515511072496,10.540698877188335,7.730066205248478,1.3635974902817165,Circulatory,Symptoms/signs,Acute hemorrhagic cerebrovascular disease,Dysphagia,1,8.748515511072496
Acute myocardial infarction | Heart failure,I214,Non-ST elevation (NSTEMI) myocardial infarction,I5021,Acute systolic (congestive) heart failure,6496,9.281048837175163,11.575781510493751,7.717526432867068,1.4999341578145189,Circulatory,Circulatory,Acute myocardial infarction,Heart failure,5,28.026957659484605
"Secondary malignancies | Stress fracture, initial encounter",C7951,Secondary malignant neoplasm of bone,M4854XA,"Collapsed vertebra, NEC, thoracic region, init",839,8.972798277397828,9.8198685186165,7.686793060782406,1.2774987489538292,Neoplasm,Musculoskeletal,Secondary malignancies,"Stress fracture, initial encounter",1,8.972798277397828
Peritonitis and intra-abdominal abscess | Unacceptable PDX,K651,Peritoneal abscess,R6521,Severe sepsis with septic shock,2334,7.878083955509241,9.121296567193967,7.68404922822014,1.1870429634541446,Digestive,Symptoms/signs,Peritonitis and intra-abdominal abscess,Unacceptable PDX,8,48.2432471835296
Other aftercare encounter | Shock,R579,"Shock, unspecified",Z515,Encounter for palliative care,2734,7.686827313307844,9.671857724540391,7.683427081953654,1.2587947567377893,Symptoms/signs,Factors/status,Shock,Other aftercare encounter,1,7.686827313307844
Epilepsy; convulsions | Sequela of cerebral infarction and other cerebrovascular disease,I69398,Other sequelae of cerebral infarction,R569,Unspecified convulsions,1273,7.760314534392123,8.409882579375491,7.68262278943675,1.0946629568926238,Circulatory,Symptoms/signs,Sequela of cerebral infarction and other cerebrovascular disease,Epilepsy; convulsions,1,7.760314534392123
Diverticulosis and diverticulitis | Other specified and unspecified gastrointestinal disorders,K5720,Dvtrcli of lg int w perforation and abscess w/o bleeding,K660,Peritoneal adhesions (postprocedural) (postinfection),1150,9.01391345012913,9.68906646021276,7.681339388830383,1.2613772116750706,Digestive,Digestive,Diverticulosis and diverticulitis,Other specified and unspecified gastrointestinal disorders,6,30.54385640000016
"Respiratory failure; insufficiency; arrest | Traumatic brain injury (TBI); concussion, initial encounter",J9600,"Acute respiratory failure, unsp w hypoxia or hypercapnia",S065X9A,"Traum subdr hem w LOC of unsp duration, init",958,8.879569281789028,9.61431631663495,7.680735561072703,1.2517442164474413,Respiratory,Injury,Respiratory failure; insufficiency; arrest,"Traumatic brain injury (TBI); concussion, initial encounter",2,10.543911818227198
Cardiac dysrhythmias | Coma; stupor; and brain damage,G931,"Anoxic brain damage, not elsewhere classified",I472,Ventricular tachycardia,2730,8.609391355780561,9.825246209144884,7.673596389952974,1.2803965324536826,Nervous,Circulatory,Coma; stupor; and brain damage,Cardiac dysrhythmias,1,8.609391355780561
Hepatic failure | Respiratory failure; insufficiency; arrest,J9602,Acute respiratory failure with hypercapnia,K7200,Acute and subacute hepatic failure without coma,3077,8.781833815618624,9.910884974593923,7.659698112703424,1.2939002071317878,Respiratory,Digestive,Respiratory failure; insufficiency; arrest,Hepatic failure,2,18.371315889169576
Diverticulosis and diverticulitis | Gastritis and duodenitis,K2970,"Gastritis, unspecified, without bleeding",K5730,Dvrtclos of lg int w/o perforation or abscess w/o bleeding,4368,8.45794206156412,9.671267450371383,7.659281459872242,1.2626859975103597,Digestive,Digestive,Gastritis and duodenitis,Diverticulosis and diverticulitis,5,29.56727590018191
Intestinal obstruction and ileus | Postprocedural or postoperative respiratory system complication,J95821,Acute postprocedural respiratory failure,K567,"Ileus, unspecified",804,8.556079902420132,9.3526765708133,7.639837896009191,1.2241983008171995,Respiratory,Digestive,Postprocedural or postoperative respiratory system complication,Intestinal obstruction and ileus,1,8.556079902420132
Conditions due to neoplasm or the treatment of neoplasm | Urinary system cancers - bladder,C679,"Malignant neoplasm of bladder, unspecified",G893,Neoplasm related pain (acute) (chronic),682,8.46482437874322,8.989849056714526,7.6334362345162035,1.177693607508636,Neoplasm,Nervous,Urinary system cancers - bladder,Conditions due to neoplasm or the treatment of neoplasm,1,8.46482437874322
Alcohol-related disorders | Nutritional anemia,D539,"Nutritional anemia, unspecified",F10231,Alcohol dependence with withdrawal delirium,1121,7.9838228770494,8.565120221431602,7.632242616967062,1.122228504946984,Blood/immune,Mental/behavioural,Nutritional anemia,Alcohol-related disorders,1,7.9838228770494
Opioid-related disorders | Sedative-related disorders,F1120,"Opioid dependence, uncomplicated",F1310,"Sedative, hypnotic or anxiolytic abuse, uncomplicated",830,11.619275897761058,13.224778516903942,7.608935772289658,1.7380588971543365,Mental/behavioural,Mental/behavioural,Opioid-related disorders,Sedative-related disorders,1,11.619275897761058
Abdominal hernia | Diverticulosis and diverticulitis,K449,Diaphragmatic hernia without obstruction or gangrene,K5730,Dvrtclos of lg int w/o perforation or abscess w/o bleeding,9086,9.230928360645034,11.617683039592071,7.602157683435849,1.5282086380430586,Digestive,Digestive,Abdominal hernia,Diverticulosis and diverticulitis,2,9.413381042113862
Anxiety and fear-related disorders | Unacceptable PDX,F411,Generalized anxiety disorder,Z915,Personal history of self-harm,8281,8.864469634973547,10.804470209529027,7.599832309739826,1.4216721855404877,Mental/behavioural,Factors/status,Anxiety and fear-related disorders,Unacceptable PDX,6,12.014480647027536
Asthma | Other specified upper respiratory infections,J069,"Acute upper respiratory infection, unspecified",J45901,Unspecified asthma with (acute) exacerbation,2476,9.84577875095484,10.984602159733502,7.586346567455438,1.4479436263637353,Respiratory,Respiratory,Other specified upper respiratory infections,Asthma,2,13.501830787475756
Other nervous system disorders (neither hereditary nor degenerative) | Respiratory failure; insufficiency; arrest,G936,Cerebral edema,J9600,"Acute respiratory failure, unsp w hypoxia or hypercapnia",2901,8.110806518860402,9.012008772198776,7.574167974083406,1.1898348179014833,Nervous,Respiratory,Other nervous system disorders (neither hereditary nor degenerative),Respiratory failure; insufficiency; arrest,6,14.159771555032036
Coagulation and hemorrhagic disorders | Gastrointestinal cancers - liver,C220,Liver cell carcinoma,D6959,Other secondary thrombocytopenia,880,10.13255602146389,11.14190135426995,7.568449125893528,1.4721511856571463,Neoplasm,Blood/immune,Gastrointestinal cancers - liver,Coagulation and hemorrhagic disorders,3,28.40074491864272
Abdominal pain and other digestive/abdomen signs and symptoms | Pancreatic disorders (excluding diabetes),K863,Pseudocyst of pancreas,R188,Other ascites,701,8.432327181774038,9.251024778563323,7.565323476874059,1.222819461301579,Digestive,Symptoms/signs,Pancreatic disorders (excluding diabetes),Abdominal pain and other digestive/abdomen signs and symptoms,1,8.432327181774038
Gastrointestinal hemorrhage | Other specified and unspecified liver disease,K766,Portal hypertension,K921,Melena,2903,8.025807551507063,8.912814953700575,7.558183218734245,1.1792271628992328,Digestive,Digestive,Other specified and unspecified liver disease,Gastrointestinal hemorrhage,4,12.900699025852733
Abnormal findings without diagnosis | Postprocedural or postoperative respiratory system complication,J95811,Postprocedural pneumothorax,R911,Solitary pulmonary nodule,612,9.977638275772325,10.746593525311152,7.555251741497204,1.4224004563984955,Respiratory,Symptoms/signs,Postprocedural or postoperative respiratory system complication,Abnormal findings without diagnosis,1,9.977638275772325
Acute and unspecified renal failure | Other specified and unspecified nutritional and metabolic disorders,E8341,Hypermagnesemia,N170,Acute kidney failure with tubular necrosis,933,8.390285032382973,9.482111293534764,7.546931760829827,1.2564193759838838,Endocrine/metabolic,Genitourinary,Other specified and unspecified nutritional and metabolic disorders,Acute and unspecified renal failure,1,8.390285032382973
Obesity | Other specified and unspecified skin disorders,B372,Candidiasis of skin and nail,E662,Morbid (severe) obesity with alveolar hypoventilation,515,8.807333015737608,9.32487680402976,7.542690118841812,1.236279981957101,Infectious,Endocrine/metabolic,Other specified and unspecified skin disorders,Obesity,1,8.807333015737608
Other specified and unspecified nutritional and metabolic disorders | Unacceptable PDX,E8339,Other disorders of phosphorus metabolism,Z9115,Patient's noncompliance with renal dialysis,2394,8.348416490269795,9.792299410843908,7.520645280639686,1.302055747271064,Endocrine/metabolic,Factors/status,Other specified and unspecified nutritional and metabolic disorders,Unacceptable PDX,3,9.033118281497153
"Complication of genitourinary device, implant or graft, initial encounter | Septicemia",A4151,Sepsis due to Escherichia coli [E. coli],T83511A,"I/I react d/t indwelling urethral catheter, init",1395,9.664482355954457,10.504980651823567,7.513025628973178,1.3982357003165589,Infectious,Injury/poisoning,Septicemia,"Complication of genitourinary device, implant or graft, initial encounter",4,23.73313513200805
Other general signs and symptoms | Other unspecified injury,R296,Repeated falls,S0990XA,"Unspecified injury of head, initial encounter",1298,11.415140917871902,12.92001102530342,7.512740683895642,1.7197467034898242,Symptoms/signs,Injury,Other general signs and symptoms,Other unspecified injury,1,11.415140917871902
General sensation/perception signs and symptoms | Skin/Subcutaneous signs and symptoms,R200,Anesthesia of skin,R42,Dizziness and giddiness,1028,8.109313710556659,8.686025373903028,7.511012562757027,1.1564386693975517,Symptoms/signs,Symptoms/signs,Skin/Subcutaneous signs and symptoms,General sensation/perception signs and symptoms,1,8.109313710556659
Other general signs and symptoms | Other specified connective tissue disease,M7989,Other specified soft tissue disorders,R600,Localized edema,705,9.087814344560174,9.667738358816198,7.505956533382471,1.2880088388227775,Musculoskeletal,Symptoms/signs,Other specified connective tissue disease,Other general signs and symptoms,1,9.087814344560174
Other specified and unspecified nutritional and metabolic disorders | Other specified male genital disorders,E8809,"Oth disorders of plasma-protein metabolism, NEC",N5089,Other specified disorders of the male genital organs,553,8.913571476212052,9.51755962793,7.505616391328727,1.2680583621254184,Endocrine/metabolic,Genitourinary,Other specified and unspecified nutritional and metabolic disorders,Other specified male genital disorders,1,8.913571476212052
Other specified and unspecified upper respiratory disease | Respiratory failure; insufficiency; arrest,J398,Other specified diseases of upper respiratory tract,J9622,Acute and chronic respiratory failure with hypercapnia,538,7.787515596130811,8.504949172413708,7.501541861565268,1.1337601428300328,Respiratory,Respiratory,Other specified and unspecified upper respiratory disease,Respiratory failure; insufficiency; arrest,1,7.787515596130811
Acute phlebitis; thrombophlebitis and thromboembolism | Pancreatic disorders (excluding diabetes),I81,Portal vein thrombosis,K861,Other chronic pancreatitis,520,10.031604039166206,10.623801960250532,7.486375773770808,1.4190847856544924,Circulatory,Digestive,Acute phlebitis; thrombophlebitis and thromboembolism,Pancreatic disorders (excluding diabetes),1,10.031604039166206
Hypertension with complications and secondary hypertension | Other nervous system disorders (neither hereditary nor degenerative),G936,Cerebral edema,I161,Hypertensive emergency,3158,8.687325134216188,9.74781699117755,7.485098791032695,1.302296370871636,Nervous,Circulatory,Other nervous system disorders (neither hereditary nor degenerative),Hypertension with complications and secondary hypertension,3,13.066670973952755
Nerve and nerve root disorders | Paralysis (other than cerebral palsy),G510,Bell's palsy,G8194,"Hemiplegia, unspecified affecting left nondominant side",550,8.826890378968146,9.363974025336695,7.461813342717104,1.2549193601145414,Nervous,Nervous,Nerve and nerve root disorders,Paralysis (other than cerebral palsy),1,8.826890378968146
Intestinal obstruction and ileus | Secondary malignancies,C786,Secondary malignant neoplasm of retroperiton and peritoneum,K56609,"Unsp intestnl obst, unsp as to partial versus complete obst",932,9.396619764340612,10.02568526077565,7.455842354925783,1.3446750593046095,Neoplasm,Digestive,Secondary malignancies,Intestinal obstruction and ileus,2,9.396619764340612
"Pleurisy, pleural effusion and pulmonary collapse | Pneumonia (except that caused by tuberculosis)",J181,"Lobar pneumonia, unspecified organism",J869,Pyothorax without fistula,714,8.201675975280148,8.94312397982159,7.454390028755529,1.1997123769112197,Respiratory,Respiratory,Pneumonia (except that caused by tuberculosis),"Pleurisy, pleural effusion and pulmonary collapse",1,8.201675975280148
"Pleurisy, pleural effusion and pulmonary collapse | Unacceptable PDX",J918,Pleural effusion in other conditions classified elsewhere,J9811,Atelectasis,4305,8.468263017006384,10.253515459932911,7.449509247649521,1.376401467407818,Respiratory,Respiratory,Unacceptable PDX,"Pleurisy, pleural effusion and pulmonary collapse",4,58.6343336655756
Nervous system pain and pain syndromes | Postprocedural or postoperative digestive system complication,G8918,Other acute postprocedural pain,K9189,Oth postprocedural complications and disorders of dgstv sys,866,8.52764839725621,9.105313016019153,7.445160353914704,1.2229841377736788,Nervous,Digestive,Nervous system pain and pain syndromes,Postprocedural or postoperative digestive system complication,1,8.52764839725621
"Other general signs and symptoms | Superficial injury; contusion, initial encounter",R296,Repeated falls,S0083XA,"Contusion of other part of head, initial encounter",1095,11.2521472128055,12.678063994962685,7.442384720894175,1.7034948434430657,Symptoms/signs,Injury,Other general signs and symptoms,"Superficial injury; contusion, initial encounter",2,11.2521472128055
Pancreatic disorders (excluding diabetes) | Postprocedural or postoperative digestive system complication,K8590,"Acute pancreatitis without necrosis or infection, unsp",K9189,Oth postprocedural complications and disorders of dgstv sys,864,8.500604890267374,9.074666627997964,7.438047060665823,1.2200335052983164,Digestive,Digestive,Pancreatic disorders (excluding diabetes),Postprocedural or postoperative digestive system complication,1,8.500604890267374
Abdominal pain and other digestive/abdomen signs and symptoms | Other specified and unspecified nutritional and metabolic disorders,E7220,"Disorder of urea cycle metabolism, unspecified",R188,Other ascites,1112,8.891194817035762,9.854029649047051,7.430164539053376,1.326219573907644,Endocrine/metabolic,Symptoms/signs,Other specified and unspecified nutritional and metabolic disorders,Abdominal pain and other digestive/abdomen signs and symptoms,1,8.891194817035762
Abdominal pain and other digestive/abdomen signs and symptoms | Hepatitis,B181,Chronic viral hepatitis B without delta-agent,R188,Other ascites,685,8.412992325798678,9.226078709638868,7.426640253224654,1.2422950883655497,Infectious,Symptoms/signs,Hepatitis,Abdominal pain and other digestive/abdomen signs and symptoms,1,8.412992325798678
Pneumonia (except that caused by tuberculosis) | Respiratory failure; insufficiency; arrest,J156,Pneumonia due to other Gram-negative bacteria,J9621,Acute and chronic respiratory failure with hypoxia,4325,8.468115428261372,10.81226599961097,7.422616604378346,1.4566650247344295,Respiratory,Respiratory,Pneumonia (except that caused by tuberculosis),Respiratory failure; insufficiency; arrest,10,13.1440191132519
Hepatic failure | Mental and substance use disorders in remission,F1021,"Alcohol dependence, in remission",K7290,"Hepatic failure, unspecified without coma",1218,11.100470251769138,12.095276591419614,7.418822200706018,1.6303499752654214,Mental/behavioural,Digestive,Mental and substance use disorders in remission,Hepatic failure,3,25.09874858071838
Malnutrition | Secondary malignancies,C786,Secondary malignant neoplasm of retroperiton and peritoneum,E43,Unspecified severe protein-calorie malnutrition,4856,7.645062968347784,9.465869128623533,7.4165651836782915,1.276314425100067,Neoplasm,Endocrine/metabolic,Secondary malignancies,Malnutrition,1,7.645062968347784
Benign neoplasms | Other specified and unspecified liver disease,K317,Polyp of stomach and duodenum,K766,Portal hypertension,546,8.055831012728094,8.61523265227845,7.409596662025887,1.1627127690271506,Digestive,Digestive,Benign neoplasms,Other specified and unspecified liver disease,1,8.055831012728094
Acute phlebitis; thrombophlebitis and thromboembolism | Unacceptable PDX,I82C11,Acute embolism and thrombosis of right internal jugular vein,Z992,Dependence on renal dialysis,768,8.05122595957264,9.761795423875604,7.406494265443146,1.3180048581717947,Circulatory,Factors/status,Acute phlebitis; thrombophlebitis and thromboembolism,Unacceptable PDX,1,8.05122595957264
Coagulation and hemorrhagic disorders | Diseases of white blood cells,D6959,Other secondary thrombocytopenia,D709,"Neutropenia, unspecified",1579,7.85834940332699,8.547437103518456,7.370432288024307,1.159692779134079,Blood/immune,Blood/immune,Coagulation and hemorrhagic disorders,Diseases of white blood cells,1,7.85834940332699
Esophageal disorders | Other specified and unspecified liver disease,K2210,Ulcer of esophagus without bleeding,K766,Portal hypertension,841,9.16865104181696,9.944125790671398,7.343854648462433,1.3540744291219569,Digestive,Digestive,Esophageal disorders,Other specified and unspecified liver disease,2,11.507661900329976
Pressure ulcer of skin | Respiratory failure; insufficiency; arrest,J9610,"Chronic respiratory failure, unsp w hypoxia or hypercapnia",L89154,"Pressure ulcer of sacral region, stage 4",643,9.269778241888314,9.7881668763024,7.34232177678963,1.3331160324850535,Respiratory,Skin,Respiratory failure; insufficiency; arrest,Pressure ulcer of skin,1,9.269778241888314
Cardiac dysrhythmias | Coronary atherosclerosis and other heart disease,I255,Ischemic cardiomyopathy,I472,Ventricular tachycardia,17374,9.65879196776977,13.213488480471888,7.341789676772305,1.7997639624949018,Circulatory,Circulatory,Coronary atherosclerosis and other heart disease,Cardiac dysrhythmias,1,9.65879196776977
Abdominal pain and other digestive/abdomen signs and symptoms | Endocrine system cancers - pancreas,C259,"Malignant neoplasm of pancreas, unspecified",R188,Other ascites,1285,9.216980555338996,10.276103833324578,7.330921114713822,1.4017479758034102,Neoplasm,Symptoms/signs,Endocrine system cancers - pancreas,Abdominal pain and other digestive/abdomen signs and symptoms,1,9.216980555338996
Non-Hodgkin lymphoma | Unacceptable PDX,C8590,"Non-Hodgkin lymphoma, unspecified, unspecified site",Z9221,Personal history of antineoplastic chemotherapy,1036,8.763330949503814,9.959418498856424,7.302841154093264,1.3637731245563434,Neoplasm,Factors/status,Non-Hodgkin lymphoma,Unacceptable PDX,3,29.515210149121685
Headache; including migraine | Skin/Subcutaneous signs and symptoms,R200,Anesthesia of skin,R51,Headache,1303,8.009742646794344,8.692712730290248,7.301787533899379,1.190491053037813,Symptoms/signs,Symptoms/signs,Skin/Subcutaneous signs and symptoms,Headache; including migraine,1,8.009742646794344
General sensation/perception signs and symptoms | Nervous system signs and symptoms,R2681,Unsteadiness on feet,R42,Dizziness and giddiness,1083,9.738313538508658,10.56757852218968,7.291274604836114,1.4493458407368829,Symptoms/signs,Symptoms/signs,Nervous system signs and symptoms,General sensation/perception signs and symptoms,3,14.785873517016617
Endocarditis and endocardial disease | Shock,I330,Acute and subacute infective endocarditis,R570,Cardiogenic shock,588,8.294931334251375,8.763946073398875,7.282556389721268,1.2034161638306662,Circulatory,Symptoms/signs,Endocarditis and endocardial disease,Shock,1,8.294931334251375
Other specified and unspecified liver disease | Other specified and unspecified nutritional and metabolic disorders,E8809,"Oth disorders of plasma-protein metabolism, NEC",K766,Portal hypertension,2989,8.109529584127706,9.025757989723992,7.270007243015089,1.2415060519225485,Endocrine/metabolic,Digestive,Other specified and unspecified nutritional and metabolic disorders,Other specified and unspecified liver disease,8,18.63168248831512
Anxiety and fear-related disorders | Bipolar and related disorders,F3181,Bipolar II disorder,F411,Generalized anxiety disorder,1400,8.666915694416646,9.86905326175386,7.268094687530536,1.3578597536278172,Mental/behavioural,Mental/behavioural,Bipolar and related disorders,Anxiety and fear-related disorders,2,9.509645322098542
Other specified and unspecified lower respiratory disease | Respiratory failure; insufficiency; arrest,J8410,"Pulmonary fibrosis, unspecified",J9621,Acute and chronic respiratory failure with hypoxia,6926,8.85843163579629,11.614394823768178,7.267695166243348,1.5980850266965212,Respiratory,Respiratory,Other specified and unspecified lower respiratory disease,Respiratory failure; insufficiency; arrest,9,15.323770187208812
Other nervous system disorders (neither hereditary nor degenerative) | Other nervous system disorders (often hereditary or degenerative),G253,Myoclonus,G92,Toxic encephalopathy,808,7.889985942814584,8.799332319997296,7.25554151882154,1.2127740289502886,Nervous,Nervous,Other nervous system disorders (often hereditary or degenerative),Other nervous system disorders (neither hereditary nor degenerative),1,7.889985942814584
"Peritonitis and intra-abdominal abscess | Pleurisy, pleural effusion and pulmonary collapse",J90,"Pleural effusion, not elsewhere classified",K750,Abscess of liver,774,8.028985526771413,9.259281618699282,7.246594291764285,1.2777425154354791,Respiratory,Digestive,"Pleurisy, pleural effusion and pulmonary collapse",Peritonitis and intra-abdominal abscess,1,8.028985526771413
Aplastic anemia | Hepatitis,D61818,Other pancytopenia,K7011,Alcoholic hepatitis with ascites,550,8.024317977631338,8.69930641097076,7.239410839006646,1.2016594450059466,Blood/immune,Digestive,Aplastic anemia,Hepatitis,1,8.024317977631338
Acute and unspecified renal failure | Postprocedural or postoperative respiratory system complication,J95821,Acute postprocedural respiratory failure,N170,Acute kidney failure with tubular necrosis,1103,8.068916956705705,9.084104106932864,7.236240759346055,1.255362336472868,Respiratory,Genitourinary,Postprocedural or postoperative respiratory system complication,Acute and unspecified renal failure,2,13.089586556750204
Abdominal pain and other digestive/abdomen signs and symptoms | Other specified male genital disorders,N5089,Other specified disorders of the male genital organs,R188,Other ascites,857,8.541273954850949,9.399049771050748,7.234597087385779,1.2991808192662038,Genitourinary,Symptoms/signs,Other specified male genital disorders,Abdominal pain and other digestive/abdomen signs and symptoms,1,8.541273954850949
Other nervous system disorders (neither hereditary nor degenerative) | Other specified status,G9349,Other encephalopathy,Z9911,Dependence on respirator [ventilator] status,633,8.169942148180303,8.588183859089451,7.229906826992637,1.1878692304893512,Nervous,Factors/status,Other nervous system disorders (neither hereditary nor degenerative),Other specified status,1,8.169942148180303
Hepatitis | Other specified substance-related disorders,B1920,Unspecified viral hepatitis C without hepatic coma,F1910,"Other psychoactive substance abuse, uncomplicated",2955,11.480497536407729,13.25235494668124,7.225315328658394,1.834155928685531,Infectious,Mental/behavioural,Hepatitis,Other specified substance-related disorders,2,11.480497536407729
Fluid and electrolyte disorders | Other general signs and symptoms,E8770,"Fluid overload, unspecified",R601,Generalized edema,589,8.386301522631397,9.198209589676608,7.21982292724767,1.2740214936522185,Endocrine/metabolic,Symptoms/signs,Fluid and electrolyte disorders,Other general signs and symptoms,1,8.386301522631397
Other nervous system disorders (neither hereditary nor degenerative) | Respiratory cancers,C3490,Malignant neoplasm of unsp part of unsp bronchus or lung,G936,Cerebral edema,1889,9.05312548771442,9.926367124553598,7.218014600087466,1.375221258825566,Neoplasm,Nervous,Respiratory cancers,Other nervous system disorders (neither hereditary nor degenerative),3,9.492653317470838
Dysphagia | Esophageal disorders,K222,Esophageal obstruction,R1310,"Dysphagia, unspecified",3825,8.91902345395647,11.00059989341802,7.204300608197866,1.5269490394251866,Digestive,Symptoms/signs,Esophageal disorders,Dysphagia,4,69.79345837045675
Pericarditis and pericardial disease | Shock,I313,Pericardial effusion (noninflammatory),R570,Cardiogenic shock,1695,8.566296872776379,9.303643241133834,7.20428107826447,1.291404810565096,Circulatory,Symptoms/signs,Pericarditis and pericardial disease,Shock,1,8.566296872776379
Myocarditis and cardiomyopathy | Pulmonary heart disease,I2722,Pulmonary hypertension due to left heart disease,I420,Dilated cardiomyopathy,800,8.869573995915635,9.510585280747598,7.18871801461556,1.322987667816625,Circulatory,Circulatory,Pulmonary heart disease,Myocarditis and cardiomyopathy,2,8.869573995915635
Blindness and vision defects | Glaucoma,H409,Unspecified glaucoma,H548,"Legal blindness, as defined in USA",2257,10.440078927859938,12.056983605693686,7.1868739005926034,1.677639509536895,Eye/ear,Eye/ear,Glaucoma,Blindness and vision defects,3,10.440078927859938
Fluid and electrolyte disorders | Genitourinary signs and symptoms,E8770,"Fluid overload, unspecified",R34,Anuria and oliguria,620,7.737122290017293,8.422754351605658,7.1759137766345695,1.173753561397423,Endocrine/metabolic,Symptoms/signs,Fluid and electrolyte disorders,Genitourinary signs and symptoms,1,7.737122290017293
Other nervous system disorders (often hereditary or degenerative) | Respiratory failure; insufficiency; arrest,G253,Myoclonus,J9602,Acute respiratory failure with hypercapnia,597,8.193847160374595,8.896498267603471,7.175377478843405,1.2398648424887455,Nervous,Respiratory,Other nervous system disorders (often hereditary or degenerative),Respiratory failure; insufficiency; arrest,1,8.193847160374595
Acute myocardial infarction | Shock,I214,Non-ST elevation (NSTEMI) myocardial infarction,R570,Cardiogenic shock,6465,8.811116593644023,10.865455782469445,7.17164588519909,1.5150574856036425,Circulatory,Symptoms/signs,Acute myocardial infarction,Shock,6,32.38244190073657
Nervous system signs and symptoms | Other general signs and symptoms,R2681,Unsteadiness on feet,R296,Repeated falls,1880,11.79198235649191,13.50979498173692,7.171183015868178,1.8839004599161464,Symptoms/signs,Symptoms/signs,Nervous system signs and symptoms,Other general signs and symptoms,4,11.79198235649191
Gastrointestinal hemorrhage | Respiratory signs and symptoms,K920,Hematemesis,R042,Hemoptysis,779,8.583264802183244,9.07758210713855,7.169914966951748,1.266065518068178,Digestive,Symptoms/signs,Gastrointestinal hemorrhage,Respiratory signs and symptoms,1,8.583264802183244
Acute and unspecified renal failure | Coagulation and hemorrhagic disorders,D689,"Coagulation defect, unspecified",N170,Acute kidney failure with tubular necrosis,5150,8.13189429925674,9.504523084544989,7.166718984951593,1.326202841844675,Blood/immune,Genitourinary,Coagulation and hemorrhagic disorders,Acute and unspecified renal failure,3,20.36291156515057
Cardiac dysrhythmias | Other specified and unspecified liver disease,I472,Ventricular tachycardia,K761,Chronic passive congestion of liver,1092,9.127403041841111,10.327566624732096,7.163101204749441,1.4417730993224669,Circulatory,Digestive,Cardiac dysrhythmias,Other specified and unspecified liver disease,1,9.127403041841111
Depressive disorders | Obsessive-compulsive and related disorders,F332,"Major depressv disorder, recurrent severe w/o psych features",F429,"Obsessive-compulsive disorder, unspecified",1230,11.106993153767467,12.337813712114649,7.159228692864594,1.7233439859815354,Mental/behavioural,Mental/behavioural,Depressive disorders,Obsessive-compulsive and related disorders,1,11.106993153767467
Diverticulosis and diverticulitis | Intestinal obstruction and ileus,K567,"Ileus, unspecified",K5720,Dvtrcli of lg int w perforation and abscess w/o bleeding,1880,8.08796295130587,8.916717799565005,7.150679929630195,1.2469748174039923,Digestive,Digestive,Intestinal obstruction and ileus,Diverticulosis and diverticulitis,1,8.08796295130587
Muscle disorders | Other nervous system disorders (neither hereditary nor degenerative),G92,Toxic encephalopathy,M6282,Rhabdomyolysis,5136,7.725712562812478,8.945566297089279,7.149277400947916,1.251254608738947,Nervous,Musculoskeletal,Other nervous system disorders (neither hereditary nor degenerative),Muscle disorders,1,7.725712562812478
Diabetes mellitus with complication | Pressure ulcer of skin,E1169,Type 2 diabetes mellitus with other specified complication,L89154,"Pressure ulcer of sacral region, stage 4",1516,8.854531615906367,9.766235586473904,7.144374244438718,1.366982642892214,Endocrine/metabolic,Skin,Diabetes mellitus with complication,Pressure ulcer of skin,1,8.854531615906367
Other specified and unspecified diseases of kidney and ureters | Postthrombotic syndrome and venous insufficiency/hypertension,I871,Compression of vein,N2581,Secondary hyperparathyroidism of renal origin,585,8.004235119768026,8.662292140575888,7.132199043894335,1.2145331457050992,Circulatory,Genitourinary,Postthrombotic syndrome and venous insufficiency/hypertension,Other specified and unspecified diseases of kidney and ureters,1,8.004235119768026
Nonspecific chest pain | Other specified bone disease and musculoskeletal deformities,M940,Chondrocostal junction syndrome [Tietze],R0789,Other chest pain,506,8.210219499081061,8.955703906968216,7.122231199577933,1.257429540829696,Musculoskeletal,Symptoms/signs,Other specified bone disease and musculoskeletal deformities,Nonspecific chest pain,1,8.210219499081061
Circulatory signs and symptoms | Other specified complications in pregnancy,O26893,"Oth pregnancy related conditions, third trimester",R030,"Elevated blood-pressure reading, w/o diagnosis of htn",1129,11.380965400117924,12.334551131754004,7.118672176931761,1.7327039123566377,Pregnancy/childbirth,Symptoms/signs,Other specified complications in pregnancy,Circulatory signs and symptoms,1,11.380965400117924
Diverticulosis and diverticulitis | Nutritional anemia,D500,Iron deficiency anemia secondary to blood loss (chronic),K5731,Dvrtclos of lg int w/o perforation or abscess w bleeding,1158,9.2224410265796,10.065571319600789,7.11056309359641,1.4155800584436953,Blood/immune,Digestive,Nutritional anemia,Diverticulosis and diverticulitis,1,9.2224410265796
Diverticulosis and diverticulitis | Gastroduodenal ulcer,K259,"Gastric ulcer, unsp as acute or chronic, w/o hemor or perf",K5730,Dvrtclos of lg int w/o perforation or abscess w/o bleeding,1190,8.987688256644239,9.781877143639344,7.102803606254507,1.3771853603027582,Digestive,Digestive,Gastroduodenal ulcer,Diverticulosis and diverticulitis,2,8.987688256644239
Mental and substance use disorders in remission | Other specified and unspecified disorders of stomach and duodenum,F1021,"Alcohol dependence, in remission",K3189,Other diseases of stomach and duodenum,814,10.236722386636796,10.917222281412696,7.095738419678079,1.538560419749519,Mental/behavioural,Digestive,Mental and substance use disorders in remission,Other specified and unspecified disorders of stomach and duodenum,1,10.236722386636796
Acute and unspecified renal failure | Peritonitis and intra-abdominal abscess,K652,Spontaneous bacterial peritonitis,N170,Acute kidney failure with tubular necrosis,879,8.265622545534073,9.3179587139765,7.083020805280075,1.3155345678259731,Digestive,Genitourinary,Peritonitis and intra-abdominal abscess,Acute and unspecified renal failure,1,8.265622545534073
Diseases of white blood cells | Encounter for antineoplastic therapies,D709,"Neutropenia, unspecified",Z5111,Encounter for antineoplastic chemotherapy,1128,11.713418278341464,12.712325096981395,7.08086279898116,1.7953073598333988,Blood/immune,Factors/status,Diseases of white blood cells,Encounter for antineoplastic therapies,1,11.713418278341464
Asthma | Influenza,J101,Flu due to oth ident influenza virus w oth resp manifest,J45901,Unspecified asthma with (acute) exacerbation,1304,8.450349729337981,9.098314028442571,7.054859435842962,1.2896520634015216,Respiratory,Respiratory,Influenza,Asthma,1,8.450349729337981
Fever | Viral infection,B349,"Viral infection, unspecified",R509,"Fever, unspecified",887,9.46907525063775,10.20007882455893,7.030546995882217,1.450822934621318,Infectious,Symptoms/signs,Viral infection,Fever,1,9.46907525063775
Gastrointestinal hemorrhage | Hepatitis,K7010,Alcoholic hepatitis without ascites,K920,Hematemesis,682,9.73119843880409,10.300536471871686,7.027459313421759,1.4657554049724155,Digestive,Digestive,Hepatitis,Gastrointestinal hemorrhage,1,9.73119843880409
Myocarditis and cardiomyopathy | Nonrheumatic and unspecified valve disorders,I340,Nonrheumatic mitral (valve) insufficiency,I420,Dilated cardiomyopathy,4715,8.25118581800807,9.5289359033965,7.027173254634417,1.3560126608678922,Circulatory,Circulatory,Nonrheumatic and unspecified valve disorders,Myocarditis and cardiomyopathy,2,10.73035900327234
Scoliosis and other postural dorsopathic deformities | Spondylopathies/spondyloarthropathy (including infective),M419,"Scoliosis, unspecified",M4316,"Spondylolisthesis, lumbar region",864,7.69155850744171,8.12587045712079,7.016275285067185,1.158145900349031,Musculoskeletal,Musculoskeletal,Scoliosis and other postural dorsopathic deformities,Spondylopathies/spondyloarthropathy (including infective),1,7.69155850744171
Headache; including migraine | Nausea and vomiting,R110,Nausea,R51,Headache,2439,7.773271251309858,8.561006683922777,7.003959490751447,1.222309565785949,Symptoms/signs,Symptoms/signs,Nausea and vomiting,Headache; including migraine,1,7.773271251309858
"Chronic obstructive pulmonary disease and bronchiectasis | Effect of foreign body entering opening, initial encounter",J440,Chr obstructive pulmon disease with (acute) lower resp infct,T17890A,"Oth foreign object in oth prt resp tract cause asphyx, init",932,7.753184612187203,9.440108281898144,7.000273851501473,1.3485341405427098,Respiratory,Injury/poisoning,Chronic obstructive pulmonary disease and bronchiectasis,"Effect of foreign body entering opening, initial encounter",2,7.837423300151484
Bipolar and related disorders | Personality disorders,F319,"Bipolar disorder, unspecified",F603,Borderline personality disorder,4313,8.636995768890047,10.551070876492137,6.985104132307693,1.510510176604388,Mental/behavioural,Mental/behavioural,Bipolar and related disorders,Personality disorders,5,28.52418550282925
Endocrine system cancers - pancreas | Other aftercare encounter,C259,"Malignant neoplasm of pancreas, unspecified",Z515,Encounter for palliative care,2914,7.874341809430454,9.984190412309031,6.981056085029514,1.4301833835312645,Neoplasm,Factors/status,Endocrine system cancers - pancreas,Other aftercare encounter,1,7.874341809430454
Other specified inflammatory condition of skin | Skin and subcutaneous tissue infections,L03116,Cellulitis of left lower limb,L304,Erythema intertrigo,506,7.681750977994486,8.517339574054546,6.979749521930149,1.22029301299328,Skin,Skin,Skin and subcutaneous tissue infections,Other specified inflammatory condition of skin,1,7.681750977994486
Dysphagia | Nervous system signs and symptoms,R1310,"Dysphagia, unspecified",R471,Dysarthria and anarthria,6562,8.306916143092824,10.258656945968893,6.974634978646784,1.4708521632137477,Symptoms/signs,Symptoms/signs,Dysphagia,Nervous system signs and symptoms,9,22.171917412753075
Gastritis and duodenitis | Other specified diseases of veins and lymphatics,I8500,Esophageal varices without bleeding,K2970,"Gastritis, unspecified, without bleeding",760,8.095891094046076,8.772068215318292,6.96014965352294,1.260327529147054,Circulatory,Digestive,Other specified diseases of veins and lymphatics,Gastritis and duodenitis,1,8.095891094046076
Aortic and peripheral arterial embolism or thrombosis | Diabetes mellitus with complication,E1151,Type 2 diabetes w diabetic peripheral angiopath w/o gangrene,I743,Embolism and thrombosis of arteries of the lower extremities,1199,8.630452262303766,10.384942398731445,6.95714071694252,1.4927026520307831,Endocrine/metabolic,Circulatory,Diabetes mellitus with complication,Aortic and peripheral arterial embolism or thrombosis,2,8.630452262303766
Chronic obstructive pulmonary disease and bronchiectasis | Pulmonary heart disease,I2781,Cor pulmonale (chronic),J441,Chronic obstructive pulmonary disease w (acute) exacerbation,3601,7.675034359529317,10.822625180818884,6.954009494185384,1.556314409675203,Circulatory,Respiratory,Pulmonary heart disease,Chronic obstructive pulmonary disease and bronchiectasis,2,8.802301694153048
Other specified and unspecified lower respiratory disease | Unacceptable PDX,J8410,"Pulmonary fibrosis, unspecified",Z9981,Dependence on supplemental oxygen,7789,8.48899924906243,11.490953470095272,6.931740955992543,1.6577297886703708,Respiratory,Factors/status,Other specified and unspecified lower respiratory disease,Unacceptable PDX,6,13.572668238984884
Asthma | Respiratory signs and symptoms,J45901,Unspecified asthma with (acute) exacerbation,R0603,Acute respiratory distress,1236,8.683937224057194,9.350707560734415,6.9285706784174,1.349586804369624,Respiratory,Symptoms/signs,Asthma,Respiratory signs and symptoms,1,8.683937224057194
Respiratory cancers | Unacceptable PDX,C3490,Malignant neoplasm of unsp part of unsp bronchus or lung,Z923,Personal history of irradiation,4388,9.27003462691196,11.008992487267054,6.917811212646204,1.591398225372486,Neoplasm,Factors/status,Respiratory cancers,Unacceptable PDX,19,59.21683615616735
Abnormal findings without diagnosis | Other specified and unspecified liver disease,K761,Chronic passive congestion of liver,R791,Abnormal coagulation profile,566,8.751630805377273,9.358780453181248,6.913638952771569,1.353669249596764,Digestive,Symptoms/signs,Other specified and unspecified liver disease,Abnormal findings without diagnosis,1,8.751630805377273
Chronic kidney disease | Peritonitis and intra-abdominal abscess,I120,Hyp chr kidney disease w stage 5 chr kidney disease or ESRD,K659,"Peritonitis, unspecified",1073,7.833002083943924,8.831320455295026,6.910202968872621,1.2780117306360148,Circulatory,Digestive,Chronic kidney disease,Peritonitis and intra-abdominal abscess,1,7.833002083943924
Acute and unspecified renal failure | Pneumonia (except that caused by tuberculosis),J15212,Pneumonia due to Methicillin resistant Staphylococcus aureus,N170,Acute kidney failure with tubular necrosis,1128,8.124105305417231,9.15645125086042,6.90920626598156,1.3252537119847594,Respiratory,Genitourinary,Pneumonia (except that caused by tuberculosis),Acute and unspecified renal failure,3,10.407714981284894
Endocrine system cancers - pancreas | Unacceptable PDX,C259,"Malignant neoplasm of pancreas, unspecified",Z9221,Personal history of antineoplastic chemotherapy,1670,9.047323665182178,10.388303124349289,6.899804921278985,1.5055937440074254,Neoplasm,Factors/status,Endocrine system cancers - pancreas,Unacceptable PDX,5,73.77043119747114
Breast cancer - all other types | Unacceptable PDX,C50919,Malignant neoplasm of unsp site of unspecified female breast,Z9221,Personal history of antineoplastic chemotherapy,1666,9.19921011950946,10.588749457993847,6.899249268915064,1.534768355986502,Neoplasm,Factors/status,Breast cancer - all other types,Unacceptable PDX,9,27.600880667784555
Hypotension | Other specified and unspecified endocrine disorders,E2740,Unspecified adrenocortical insufficiency,I9589,Other hypotension,542,7.923867185968018,8.285632432787596,6.888928780139349,1.202746130381681,Endocrine/metabolic,Circulatory,Other specified and unspecified endocrine disorders,Hypotension,1,7.923867185968018
Hepatitis | Opioid-related disorders,B1920,Unspecified viral hepatitis C without hepatic coma,F1120,"Opioid dependence, uncomplicated",5966,9.053663805944243,10.675105446389557,6.883704433213073,1.550779169843989,Infectious,Mental/behavioural,Hepatitis,Opioid-related disorders,7,15.265786356351644
Other unspecified injury | Syncope,R55,Syncope and collapse,S0990XA,"Unspecified injury of head, initial encounter",1235,8.932243097239276,9.986865510809231,6.876026623395457,1.452418098095963,Symptoms/signs,Injury,Syncope,Other unspecified injury,1,8.932243097239276
Heart failure | Respiratory failure; insufficiency; arrest,I5033,Acute on chronic diastolic (congestive) heart failure,J9622,Acute and chronic respiratory failure with hypercapnia,15301,7.628865314423789,9.959334825173018,6.874653514728601,1.4487035315795391,Circulatory,Respiratory,Heart failure,Respiratory failure; insufficiency; arrest,3,8.43398331628223
Obsessive-compulsive and related disorders | Suicidal ideation/attempt/intentional self-harm,F429,"Obsessive-compulsive disorder, unspecified",R45851,Suicidal ideations,3005,9.518620094466748,12.070333754223004,6.859183960793935,1.7597332019691,Mental/behavioural,Symptoms/signs,Obsessive-compulsive and related disorders,Suicidal ideation/attempt/intentional self-harm,1,9.518620094466748
"Pleurisy, pleural effusion and pulmonary collapse | Postprocedural or postoperative circulatory system complication",I97190,Oth postproc cardiac functn disturb fol cardiac surgery,J9811,Atelectasis,725,8.076489892982014,9.46830785184276,6.847780819414937,1.382682667791887,Circulatory,Respiratory,Postprocedural or postoperative circulatory system complication,"Pleurisy, pleural effusion and pulmonary collapse",1,8.076489892982014
Hepatitis | Peritonitis and intra-abdominal abscess,B182,Chronic viral hepatitis C,K652,Spontaneous bacterial peritonitis,542,10.764373604682415,11.66334585062942,6.842152338425588,1.7046311268353334,Infectious,Digestive,Hepatitis,Peritonitis and intra-abdominal abscess,2,73.75943180414262
Neurodevelopmental disorders | Personality disorders,F603,Borderline personality disorder,F909,"Attention-deficit hyperactivity disorder, unspecified type",2044,10.75820523194306,12.059138012561691,6.838172266163987,1.7635031033411672,Mental/behavioural,Mental/behavioural,Personality disorders,Neurodevelopmental disorders,1,10.75820523194306
General sensation/perception signs and symptoms | Malaise and fatigue,R42,Dizziness and giddiness,R5383,Other fatigue,1576,8.0668479577855,8.72838839066622,6.828237569784267,1.2782783699984803,Symptoms/signs,Symptoms/signs,General sensation/perception signs and symptoms,Malaise and fatigue,1,8.0668479577855
Other specified inflammatory condition of skin | Rheumatoid arthritis and related disease,L4050,"Arthropathic psoriasis, unspecified",M069,"Rheumatoid arthritis, unspecified",1281,8.534201827678366,9.75147401387027,6.816686201173179,1.430529985697743,Skin,Musculoskeletal,Other specified inflammatory condition of skin,Rheumatoid arthritis and related disease,1,8.534201827678366
Acute myocardial infarction | Cardiac dysrhythmias,I2119,STEMI involving oth coronary artery of inferior wall,I472,Ventricular tachycardia,1745,9.412394542307434,10.764038341342983,6.798491592688529,1.583298029362752,Circulatory,Circulatory,Acute myocardial infarction,Cardiac dysrhythmias,5,13.33664551832528
Pituitary disorders | Secondary malignancies,C7931,Secondary malignant neoplasm of brain,E222,Syndrome of inappropriate secretion of antidiuretic hormone,1168,8.274549886165593,8.846765885273767,6.7955724833232924,1.3018426198799609,Neoplasm,Endocrine/metabolic,Secondary malignancies,Pituitary disorders,1,8.274549886165593
Aspiration pneumonitis | Sequela of cerebral infarction and other cerebrovascular disease,I69391,Dysphagia following cerebral infarction,J690,Pneumonitis due to inhalation of food and vomit,2638,8.885733646301771,10.745910686277991,6.794453267619518,1.5815710643695238,Circulatory,Respiratory,Sequela of cerebral infarction and other cerebrovascular disease,Aspiration pneumonitis,1,8.885733646301771
Thyroid disorders | Unacceptable PDX,E079,"Disorder of thyroid, unspecified",Z79890,Hormone replacement therapy,2149,9.238804569637429,10.714606471268976,6.790287520414887,1.5779311905505755,Endocrine/metabolic,Factors/status,Thyroid disorders,Unacceptable PDX,3,9.238804569637429
Male reproductive system cancers - prostate | Unacceptable PDX,C61,Malignant neoplasm of prostate,D630,Anemia in neoplastic disease,1724,9.272122244207877,10.124097975743648,6.760181016827031,1.4976075271569442,Neoplasm,Blood/immune,Male reproductive system cancers - prostate,Unacceptable PDX,1,9.272122244207877
Neurodevelopmental disorders | Schizophrenia spectrum and other psychotic disorders,F209,"Schizophrenia, unspecified",F79,Unspecified intellectual disabilities,1399,9.786580589018325,10.769265703486404,6.75422944354842,1.594447715094001,Mental/behavioural,Mental/behavioural,Schizophrenia spectrum and other psychotic disorders,Neurodevelopmental disorders,3,9.807697319172094
Obesity | Postthrombotic syndrome and venous insufficiency/hypertension,E662,Morbid (severe) obesity with alveolar hypoventilation,I872,Venous insufficiency (chronic) (peripheral),2206,7.62397554575,8.329899507950069,6.750000977319293,1.234059007685984,Endocrine/metabolic,Circulatory,Obesity,Postthrombotic syndrome and venous insufficiency/hypertension,1,7.62397554575
Acute phlebitis; thrombophlebitis and thromboembolism | Aplastic anemia,D61818,Other pancytopenia,I81,Portal vein thrombosis,950,8.278243308758181,9.042468063278296,6.737036398986048,1.3422026433817733,Blood/immune,Circulatory,Aplastic anemia,Acute phlebitis; thrombophlebitis and thromboembolism,1,8.278243308758181
Coronary atherosclerosis and other heart disease | Other specified and unspecified liver disease,I255,Ischemic cardiomyopathy,K761,Chronic passive congestion of liver,1496,8.195253901947574,9.67479141940012,6.725390890845414,1.43854707873849,Circulatory,Digestive,Coronary atherosclerosis and other heart disease,Other specified and unspecified liver disease,1,8.195253901947574
Syncope | Unacceptable PDX,R55,Syncope and collapse,W1839XA,"Other fall on same level, initial encounter",2004,9.224573438346502,10.44175085133319,6.718063523531262,1.5542798627549477,Symptoms/signs,External cause,Syncope,Unacceptable PDX,1,9.224573438346502
Endocarditis and endocardial disease | Other specified substance-related disorders,F1910,"Other psychoactive substance abuse, uncomplicated",I330,Acute and subacute infective endocarditis,522,9.808690067708268,10.353258115776605,6.704654735526677,1.544189600236486,Mental/behavioural,Circulatory,Other specified substance-related disorders,Endocarditis and endocardial disease,1,9.808690067708268
Gastritis and duodenitis | Other specified and unspecified liver disease,K2920,Alcoholic gastritis without bleeding,K760,"Fatty (change of) liver, not elsewhere classified",735,9.915674651975994,11.177160515716132,6.7012964239539246,1.6679101786578396,Digestive,Digestive,Gastritis and duodenitis,Other specified and unspecified liver disease,1,9.915674651975994
Headache; including migraine | Trauma- and stressor-related disorders,F445,Conversion disorder with seizures or convulsions,G43909,"Migraine, unsp, not intractable, without status migrainosus",557,9.277683796562508,10.570734402399037,6.691660363603029,1.5796878245487305,Mental/behavioural,Nervous,Trauma- and stressor-related disorders,Headache; including migraine,1,9.277683796562508
Chronic rheumatic heart disease | Heart failure,I081,Rheumatic disorders of both mitral and tricuspid valves,I5023,Acute on chronic systolic (congestive) heart failure,5529,8.452797966414982,10.235243594423808,6.675229703862363,1.5333170615089966,Circulatory,Circulatory,Chronic rheumatic heart disease,Heart failure,8,23.29795808392638
Diabetes mellitus with complication | Other specified and unspecified circulatory disease,E1151,Type 2 diabetes w diabetic peripheral angiopath w/o gangrene,I998,Other disorder of circulatory system,1517,8.497000060567858,10.208920314262,6.666208658058344,1.5314432592686855,Endocrine/metabolic,Circulatory,Diabetes mellitus with complication,Other specified and unspecified circulatory disease,3,28.67673508081217
Diabetes mellitus with complication | Disorders of lipid metabolism,E1110,Type 2 diabetes mellitus with ketoacidosis without coma,E781,Pure hyperglyceridemia,1004,9.18106024116138,9.812530357536076,6.652243220445201,1.4750708944883366,Endocrine/metabolic,Endocrine/metabolic,Diabetes mellitus with complication,Disorders of lipid metabolism,1,9.18106024116138
Esophageal disorders | Other general signs and symptoms,B3781,Candidal esophagitis,R64,Cachexia,655,7.950259668191705,8.548425541177773,6.6496816161954175,1.2855390730825262,Infectious,Symptoms/signs,Esophageal disorders,Other general signs and symptoms,1,7.950259668191705
Other nervous system disorders (neither hereditary nor degenerative) | Shock,G9340,"Encephalopathy, unspecified",R579,"Shock, unspecified",1143,7.887215452402979,8.689021651293574,6.637137032928769,1.3091520648413326,Nervous,Symptoms/signs,Other nervous system disorders (neither hereditary nor degenerative),Shock,2,8.165112619027717
Fluid and electrolyte disorders | Pulmonary heart disease,E873,Alkalosis,I2781,Cor pulmonale (chronic),643,8.456000117700055,9.012426515425553,6.634360763574427,1.3584468551827569,Endocrine/metabolic,Circulatory,Fluid and electrolyte disorders,Pulmonary heart disease,2,8.705308078869871
General sensation/perception signs and symptoms | Trauma- and stressor-related disorders,F4310,"Post-traumatic stress disorder, unspecified",R440,Auditory hallucinations,630,8.476577286279827,9.556320151217706,6.630423235535191,1.4412835820195338,Mental/behavioural,Symptoms/signs,Trauma- and stressor-related disorders,General sensation/perception signs and symptoms,1,8.476577286279827
General sensation/perception signs and symptoms | Respiratory signs and symptoms,R0602,Shortness of breath,R42,Dizziness and giddiness,1203,7.899665182638921,8.476250143117273,6.615057454745797,1.2813569951741255,Symptoms/signs,Symptoms/signs,Respiratory signs and symptoms,General sensation/perception signs and symptoms,1,7.899665182638921
Schizophrenia spectrum and other psychotic disorders | Unacceptable PDX,F250,"Schizoaffective disorder, bipolar type",Z9114,Patient's other noncompliance with medication regimen,5950,9.06876664468232,11.65093205264702,6.612665479952686,1.761911605534654,Mental/behavioural,Factors/status,Schizophrenia spectrum and other psychotic disorders,Unacceptable PDX,7,11.506741183328243
Obsessive-compulsive and related disorders | Unacceptable PDX,F429,"Obsessive-compulsive disorder, unspecified",Z915,Personal history of self-harm,1417,10.950976264191825,12.325415048032168,6.596146136241551,1.8685782263543247,Mental/behavioural,Factors/status,Obsessive-compulsive and related disorders,Unacceptable PDX,2,11.161153002256976
Acute phlebitis; thrombophlebitis and thromboembolism | Conditions due to neoplasm or the treatment of neoplasm,G893,Neoplasm related pain (acute) (chronic),I81,Portal vein thrombosis,608,9.032005381833214,9.611890496314729,6.586885822755946,1.459246562785132,Nervous,Circulatory,Conditions due to neoplasm or the treatment of neoplasm,Acute phlebitis; thrombophlebitis and thromboembolism,1,9.032005381833214
Other general signs and symptoms | Secondary malignancies,C787,Secondary malig neoplasm of liver and intrahepatic bile duct,R64,Cachexia,4194,7.776550266191515,8.800019689012023,6.575079224113043,1.3383899096971137,Neoplasm,Symptoms/signs,Secondary malignancies,Other general signs and symptoms,4,7.95416125585785
Other specified and unspecified lower respiratory disease | Shock,J810,Acute pulmonary edema,R570,Cardiogenic shock,808,7.996530226872266,8.47549253170794,6.568156457242706,1.2903913886463554,Respiratory,Symptoms/signs,Other specified and unspecified lower respiratory disease,Shock,1,7.996530226872266
Fluid and electrolyte disorders | Heart failure,E873,Alkalosis,I5082,Biventricular heart failure,548,8.115143327368546,8.613429839145494,6.5591326947279205,1.3131964605730222,Endocrine/metabolic,Circulatory,Fluid and electrolyte disorders,Heart failure,1,8.115143327368546
Nervous system signs and symptoms | Occlusion or stenosis of precerebral or cerebral arteries without infarction,I6523,Occlusion and stenosis of bilateral carotid arteries,R29810,Facial weakness,2064,9.497417706819782,10.516583313593513,6.555289091623786,1.604289782891709,Circulatory,Symptoms/signs,Occlusion or stenosis of precerebral or cerebral arteries without infarction,Nervous system signs and symptoms,11,11.472801119879076
Cardiac arrest and ventricular fibrillation | Myocarditis and cardiomyopathy,I420,Dilated cardiomyopathy,I4901,Ventricular fibrillation,1007,9.345031899309166,10.094635398120111,6.548397874806727,1.5415427698669042,Circulatory,Circulatory,Myocarditis and cardiomyopathy,Cardiac arrest and ventricular fibrillation,1,9.345031899309166
Acute and unspecified renal failure | Septicemia,A4159,Other Gram-negative sepsis,N170,Acute kidney failure with tubular necrosis,1822,8.055980478020182,9.12440974328104,6.543771705279241,1.3943655363037573,Infectious,Genitourinary,Septicemia,Acute and unspecified renal failure,4,8.126336455790474
Abdominal pain and other digestive/abdomen signs and symptoms | Secondary malignancies,C787,Secondary malig neoplasm of liver and intrahepatic bile duct,R188,Other ascites,5283,7.896170580200295,9.09756225017724,6.528146605640864,1.3935903710122235,Neoplasm,Symptoms/signs,Secondary malignancies,Abdominal pain and other digestive/abdomen signs and symptoms,2,15.2900320059085
Conduction disorders | Medical examination/evaluation,I447,"Left bundle-branch block, unspecified",Z006,Encntr for exam for nrml cmprsn and ctrl in clncl rsrch prog,2374,10.868722205190718,12.268558463895426,6.526299496689044,1.879864457663884,Circulatory,Factors/status,Conduction disorders,Medical examination/evaluation,2,13.565408052322343
Occlusion or stenosis of precerebral or cerebral arteries without infarction | Unacceptable PDX,I6523,Occlusion and stenosis of bilateral carotid arteries,R29700,NIHSS score 0,583,9.88404176880876,10.459697210342286,6.515680339888709,1.6053115967504543,Circulatory,Symptoms/signs,Occlusion or stenosis of precerebral or cerebral arteries without infarction,Unacceptable PDX,3,11.390598614007589
Cerebral infarction | Sequela of cerebral infarction and other cerebrovascular disease,I63511,Cereb infrc d/t unsp occls or stenos of right mid cereb art,I69354,Hemiplga following cerebral infrc affecting left nondom side,518,9.169370311734918,9.88350781918068,6.497538420848033,1.5211157178337582,Circulatory,Circulatory,Cerebral infarction,Sequela of cerebral infarction and other cerebrovascular disease,1,9.169370311734918
Spondylopathies/spondyloarthropathy (including infective) | Unacceptable PDX,M48061,"Spinal stenosis, lumbar region without neurogenic claud",Z981,Arthrodesis status,5604,7.899913535347858,9.142050359878969,6.494580940547947,1.4076428400178893,Musculoskeletal,Factors/status,Spondylopathies/spondyloarthropathy (including infective),Unacceptable PDX,12,11.370989664542616
Cardiac arrest and ventricular fibrillation | Other nervous system disorders (neither hereditary nor degenerative),G936,Cerebral edema,I469,"Cardiac arrest, cause unspecified",1576,7.781871513163997,8.399760676021371,6.471198428713816,1.2980224248340453,Nervous,Circulatory,Other nervous system disorders (neither hereditary nor degenerative),Cardiac arrest and ventricular fibrillation,1,7.781871513163997
Hypertension with complications and secondary hypertension | Paralysis (other than cerebral palsy),G8194,"Hemiplegia, unspecified affecting left nondominant side",I161,Hypertensive emergency,2443,7.704059704573831,8.464809541062046,6.465075861060927,1.3093132583401674,Nervous,Circulatory,Paralysis (other than cerebral palsy),Hypertension with complications and secondary hypertension,2,8.213154216538033
Pituitary disorders | Respiratory cancers,C3490,Malignant neoplasm of unsp part of unsp bronchus or lung,E222,Syndrome of inappropriate secretion of antidiuretic hormone,1263,8.928472570217917,9.604627216324758,6.458346814409418,1.4871649808114324,Neoplasm,Endocrine/metabolic,Respiratory cancers,Pituitary disorders,1,8.928472570217917
Acute phlebitis; thrombophlebitis and thromboembolism | Hepatitis,B182,Chronic viral hepatitis C,I81,Portal vein thrombosis,751,9.573796421454292,10.321051588453102,6.4494803924465485,1.600291955386178,Infectious,Circulatory,Hepatitis,Acute phlebitis; thrombophlebitis and thromboembolism,1,9.573796421454292
"Fracture of torso, initial encounter | Unacceptable PDX",S2242XA,"Multiple fractures of ribs, left side, init for clos fx",W19XXXA,"Unspecified fall, initial encounter",1523,7.900582165842041,8.814492380278635,6.444804707508046,1.367689601208545,Injury,External cause,"Fracture of torso, initial encounter",Unacceptable PDX,22,45.313553008652384
Alcohol-related disorders | Other specified and unspecified liver disease,F1010,"Alcohol abuse, uncomplicated",K7030,Alcoholic cirrhosis of liver without ascites,5503,10.348026132538168,12.783101194187314,6.436941648258983,1.985896702612613,Mental/behavioural,Digestive,Alcohol-related disorders,Other specified and unspecified liver disease,4,15.131947499527596
Gastrointestinal cancers - bile duct | Unacceptable PDX,C221,Intrahepatic bile duct carcinoma,Z9221,Personal history of antineoplastic chemotherapy,610,8.454017508818662,9.525893996318295,6.4352432014922885,1.480269462715769,Neoplasm,Factors/status,Gastrointestinal cancers - bile duct,Unacceptable PDX,1,8.454017508818662
Hematuria | Urinary system cancers - bladder,C679,"Malignant neoplasm of bladder, unspecified",R319,"Hematuria, unspecified",841,11.04394557989542,11.935967581929154,6.418388768404134,1.8596516996113508,Neoplasm,Symptoms/signs,Urinary system cancers - bladder,Hematuria,1,11.04394557989542
Genitourinary signs and symptoms | Other specified and unspecified diseases of kidney and ureters,N1330,Unspecified hydronephrosis,R338,Other retention of urine,2262,8.871749921266213,9.84026694031225,6.406411228073935,1.5360030116690917,Genitourinary,Symptoms/signs,Other specified and unspecified diseases of kidney and ureters,Genitourinary signs and symptoms,2,10.70287137715351
"Malignant neoplasm, unspecified | Other aftercare encounter",C801,"Malignant (primary) neoplasm, unspecified",Z515,Encounter for palliative care,1338,7.722171557205156,9.6692009094442,6.40206677334198,1.51032490784171,Neoplasm,Factors/status,"Malignant neoplasm, unspecified",Other aftercare encounter,1,7.722171557205156
Acute and unspecified renal failure | Urinary tract infections,B3749,Other urogenital candidiasis,N170,Acute kidney failure with tubular necrosis,1148,7.685383131133735,8.601615177035793,6.398248356598666,1.3443703178800088,Infectious,Genitourinary,Urinary tract infections,Acute and unspecified renal failure,1,7.685383131133735
Acute myocardial infarction | Unacceptable PDX,I214,Non-ST elevation (NSTEMI) myocardial infarction,I2582,Chronic total occlusion of coronary artery,3148,8.953956358841367,10.827018339109502,6.390865694499412,1.694139551145358,Circulatory,Circulatory,Acute myocardial infarction,Unacceptable PDX,4,16.48977434838038
Aplastic anemia | Other specified and unspecified nutritional and metabolic disorders,D61818,Other pancytopenia,E7220,"Disorder of urea cycle metabolism, unspecified",896,7.720248669227018,8.375926847471296,6.384047521697304,1.312008850028801,Blood/immune,Endocrine/metabolic,Aplastic anemia,Other specified and unspecified nutritional and metabolic disorders,1,7.720248669227018
Obesity | Other specified and unspecified hematologic conditions,D751,Secondary polycythemia,E662,Morbid (severe) obesity with alveolar hypoventilation,715,8.356474200387009,8.86209119921936,6.343786165738389,1.3969719293317089,Blood/immune,Endocrine/metabolic,Other specified and unspecified hematologic conditions,Obesity,1,8.356474200387009
Fluid and electrolyte disorders | Other specified and unspecified liver disease,E8770,"Fluid overload, unspecified",K7031,Alcoholic cirrhosis of liver with ascites,2877,7.660056977768071,8.54899082613039,6.338472795315579,1.348746157347001,Endocrine/metabolic,Digestive,Fluid and electrolyte disorders,Other specified and unspecified liver disease,2,11.26204692246766
Biliary tract disease | Other specified and unspecified diseases of kidney and ureters,K8020,Calculus of gallbladder w/o cholecystitis w/o obstruction,N281,"Cyst of kidney, acquired",1744,7.65327443431806,8.28224224930125,6.333676513809657,1.3076516034949102,Digestive,Genitourinary,Biliary tract disease,Other specified and unspecified diseases of kidney and ureters,1,7.65327443431806
Gastroduodenal ulcer | Other specified and unspecified liver disease,K269,"Duodenal ulcer, unsp as acute or chronic, w/o hemor or perf",K766,Portal hypertension,676,7.6678366691406,8.188747692589423,6.319864121313867,1.295715783662612,Digestive,Digestive,Gastroduodenal ulcer,Other specified and unspecified liver disease,1,7.6678366691406
Fluid and electrolyte disorders | Pituitary disorders,E222,Syndrome of inappropriate secretion of antidiuretic hormone,E861,Hypovolemia,2803,7.780774236768234,8.71202780713873,6.304946330163405,1.3817766799155198,Endocrine/metabolic,Endocrine/metabolic,Pituitary disorders,Fluid and electrolyte disorders,1,7.780774236768234
Fluid and electrolyte disorders | Urinary tract infections,B3749,Other urogenital candidiasis,E870,Hyperosmolality and hypernatremia,1437,7.788928179991614,8.967894224599931,6.28593101658454,1.4266612536694103,Infectious,Endocrine/metabolic,Urinary tract infections,Fluid and electrolyte disorders,1,7.788928179991614
Cataract and other lens disorders | Glaucoma,H269,Unspecified cataract,H409,Unspecified glaucoma,1564,10.692325469826422,12.294686698924664,6.2728410938775285,1.9599869524711264,Eye/ear,Eye/ear,Cataract and other lens disorders,Glaucoma,1,10.692325469826422
Other and ill-defined cerebrovascular disease | Other nervous system disorders (neither hereditary nor degenerative),G936,Cerebral edema,I671,"Cerebral aneurysm, nonruptured",647,7.762178752512106,8.230977522712458,6.267336768329438,1.3133134259364891,Nervous,Circulatory,Other nervous system disorders (neither hereditary nor degenerative),Other and ill-defined cerebrovascular disease,1,7.762178752512106
Dysphagia | Paralysis (other than cerebral palsy),G8191,"Hemiplegia, unspecified affecting right dominant side",R1312,"Dysphagia, oropharyngeal phase",1367,8.23487869310196,8.852846121083275,6.249612737078047,1.4165431513157,Nervous,Symptoms/signs,Paralysis (other than cerebral palsy),Dysphagia,1,8.23487869310196
Cerebral infarction | Hypertension with complications and secondary hypertension,I161,Hypertensive emergency,I6381,Other cereb infrc due to occls or stenosis of small artery,648,7.848257630986263,8.389241828112674,6.245187347593501,1.3433130763235397,Circulatory,Circulatory,Hypertension with complications and secondary hypertension,Cerebral infarction,1,7.848257630986263
Gastrointestinal hemorrhage | Other specified and unspecified gastrointestinal disorders,K559,"Vascular disorder of intestine, unspecified",K921,Melena,653,8.16142967576482,8.677001627341811,6.229486279744526,1.3928920038808816,Digestive,Digestive,Other specified and unspecified gastrointestinal disorders,Gastrointestinal hemorrhage,2,19.61255618376012
Bipolar and related disorders | Neurodevelopmental disorders,F3181,Bipolar II disorder,F909,"Attention-deficit hyperactivity disorder, unspecified type",829,9.416455819180092,10.22286091932951,6.214772494673383,1.644929227593032,Mental/behavioural,Mental/behavioural,Bipolar and related disorders,Neurodevelopmental disorders,1,9.416455819180092
Chronic rheumatic heart disease | Shock,I081,Rheumatic disorders of both mitral and tricuspid valves,R570,Cardiogenic shock,1518,7.994310322825646,8.614622977285656,6.201468669204136,1.3891262597302152,Circulatory,Symptoms/signs,Chronic rheumatic heart disease,Shock,1,7.994310322825646
Myocarditis and cardiomyopathy | Other specified and unspecified liver disease,I429,"Cardiomyopathy, unspecified",K761,Chronic passive congestion of liver,1265,7.687329285739583,8.825200834750762,6.19082810534938,1.4255283274825656,Circulatory,Digestive,Myocarditis and cardiomyopathy,Other specified and unspecified liver disease,3,17.889513045810716
Asthma | Viral infection,B348,Other viral infections of unspecified site,J45901,Unspecified asthma with (acute) exacerbation,558,9.023370377100404,9.600078340580373,6.154284770982868,1.5599015479173537,Infectious,Respiratory,Viral infection,Asthma,1,9.023370377100404
Pneumonia (except that caused by tuberculosis) | Respiratory signs and symptoms,J156,Pneumonia due to other Gram-negative bacteria,R042,Hemoptysis,577,7.86517363247812,8.23749235965498,6.149130192912155,1.3396191170500815,Respiratory,Symptoms/signs,Pneumonia (except that caused by tuberculosis),Respiratory signs and symptoms,1,7.86517363247812
Cardiac dysrhythmias | Heart failure,I472,Ventricular tachycardia,I5023,Acute on chronic systolic (congestive) heart failure,13820,8.105625794915616,10.349549375042004,6.146566126939959,1.6837937087637715,Circulatory,Circulatory,Cardiac dysrhythmias,Heart failure,4,16.694664110129807
"Superficial injury; contusion, initial encounter | Syncope",R55,Syncope and collapse,S0003XA,"Contusion of scalp, initial encounter",934,8.101121017970392,8.931327978760395,6.140061705306952,1.4545990590030893,Symptoms/signs,Injury,Syncope,"Superficial injury; contusion, initial encounter",1,8.101121017970392
Disorders of lipid metabolism | Other specified and unspecified liver disease,E781,Pure hyperglyceridemia,K760,"Fatty (change of) liver, not elsewhere classified",2275,7.726576153142125,8.603133465771576,6.119025464617859,1.4059646451085417,Endocrine/metabolic,Digestive,Disorders of lipid metabolism,Other specified and unspecified liver disease,1,7.726576153142125
Neurodevelopmental disorders | Trauma- and stressor-related disorders,F4310,"Post-traumatic stress disorder, unspecified",F909,"Attention-deficit hyperactivity disorder, unspecified type",6947,8.953005541434196,10.785771579771623,6.084890635139205,1.7725497838014763,Mental/behavioural,Mental/behavioural,Trauma- and stressor-related disorders,Neurodevelopmental disorders,1,8.953005541434196
Cannabis-related disorders | Unacceptable PDX,F1290,"Cannabis use, unspecified, uncomplicated",Z7289,Other problems related to lifestyle,3147,8.557025134371221,9.752486832130566,6.0668308012515775,1.6075092831200508,Mental/behavioural,Factors/status,Cannabis-related disorders,Unacceptable PDX,3,8.983648586243454
Diabetes mellitus with complication | Septicemia,A4102,Sepsis due to Methicillin resistant Staphylococcus aureus,E11621,Type 2 diabetes mellitus with foot ulcer,1020,7.791512990833673,8.452818473185696,6.033390112044685,1.4010064517974752,Infectious,Endocrine/metabolic,Septicemia,Diabetes mellitus with complication,4,15.317160430628686
Coagulation and hemorrhagic disorders | Hemorrhoids,D6832,Hemorrhagic disord d/t extrinsic circulating anticoagulants,K648,Other hemorrhoids,704,8.573948785942552,9.087223432925075,6.027134787113107,1.5077186347905949,Blood/immune,Digestive,Coagulation and hemorrhagic disorders,Hemorrhoids,1,8.573948785942552
Headache; including migraine | Other nervous system disorders (neither hereditary nor degenerative),G43909,"Migraine, unsp, not intractable, without status migrainosus",G932,Benign intracranial hypertension,704,8.621787976441777,9.732343675479,6.020910387154932,1.6164239375231484,Nervous,Nervous,Headache; including migraine,Other nervous system disorders (neither hereditary nor degenerative),1,8.621787976441777
Other general signs and symptoms | Other specified injury,R296,Repeated falls,T796XXA,"Traumatic ischemia of muscle, initial encounter",660,9.618753392082125,10.589466612978883,6.00249122767233,1.7641786070690038,Symptoms/signs,Injury/poisoning,Other general signs and symptoms,Other specified injury,1,9.618753392082125
Benign neoplasms | Nervous system signs and symptoms,D320,Benign neoplasm of cerebral meninges,R4701,Aphasia,514,8.09683802217003,8.690574091810852,5.976702852636015,1.4540749818234462,Neoplasm,Symptoms/signs,Benign neoplasms,Nervous system signs and symptoms,1,8.09683802217003
Dysphagia | Fluid and electrolyte disorders,E870,Hyperosmolality and hypernatremia,R1312,"Dysphagia, oropharyngeal phase",4431,7.848439046582841,9.245027346380764,5.975836574909287,1.5470683025700218,Endocrine/metabolic,Symptoms/signs,Fluid and electrolyte disorders,Dysphagia,1,7.848439046582841
"Open wounds to limbs, initial encounter | Suicidal ideation/attempt/intentional self-harm",R45851,Suicidal ideations,S51812A,"Laceration without foreign body of left forearm, init encntr",748,8.966365003461089,11.05028556838166,5.971150292044943,1.850612533250652,Symptoms/signs,Injury,Suicidal ideation/attempt/intentional self-harm,"Open wounds to limbs, initial encounter",1,8.966365003461089
Malaise and fatigue | Nervous system signs and symptoms,R269,Unspecified abnormalities of gait and mobility,R531,Weakness,4618,8.47190013088857,9.997493531512673,5.946399771949258,1.681268316111792,Symptoms/signs,Symptoms/signs,Nervous system signs and symptoms,Malaise and fatigue,2,9.081068020026718
Paralysis (other than cerebral palsy) | Transient cerebral ischemia,G459,"Transient cerebral ischemic attack, unspecified",G8194,"Hemiplegia, unspecified affecting left nondominant side",1215,8.236621641345133,8.832318056830402,5.946226453672172,1.4853652355227551,Nervous,Nervous,Transient cerebral ischemia,Paralysis (other than cerebral palsy),1,8.236621641345133
General sensation/perception signs and symptoms | Unacceptable PDX,R29700,NIHSS score 0,R42,Dizziness and giddiness,727,7.686975364346394,8.162842054916398,5.941458513722152,1.373878490620414,Symptoms/signs,Symptoms/signs,Unacceptable PDX,General sensation/perception signs and symptoms,2,12.52898850140503
Pituitary disorders | Unacceptable PDX,E222,Syndrome of inappropriate secretion of antidiuretic hormone,T502X5A,"Advrs eff of crbnc-anhydr inhibtr, benzo/oth diuretc, init",866,8.66715751465531,9.204714920404768,5.932614952708557,1.5515443010846877,Endocrine/metabolic,Injury/poisoning,Pituitary disorders,Unacceptable PDX,3,8.762411103335598
Hepatitis | Other specified and unspecified disorders of stomach and duodenum,B182,Chronic viral hepatitis C,K3189,Other diseases of stomach and duodenum,1569,8.526456377743223,9.260773243169195,5.928689505158484,1.5620270272395786,Infectious,Digestive,Hepatitis,Other specified and unspecified disorders of stomach and duodenum,3,44.06877828234881
Aplastic anemia | Gastrointestinal cancers - liver,C220,Liver cell carcinoma,D61818,Other pancytopenia,827,8.104779633587516,8.822872688909213,5.927611718342183,1.488436339648908,Neoplasm,Blood/immune,Gastrointestinal cancers - liver,Aplastic anemia,1,8.104779633587516
Hemorrhoids | Unacceptable PDX,K648,Other hemorrhoids,Z86010,Personal history of colonic polyps,1914,8.031309515660068,8.742243382286107,5.910176077850915,1.4791849290326051,Digestive,Factors/status,Hemorrhoids,Unacceptable PDX,1,8.031309515660068
Alcohol-related disorders | Esophageal disorders,F10239,"Alcohol dependence with withdrawal, unspecified",K226,Gastro-esophageal laceration-hemorrhage syndrome,510,9.382199522772988,10.292822742312238,5.882366275232905,1.7497758998192792,Mental/behavioural,Digestive,Alcohol-related disorders,Esophageal disorders,1,9.382199522772988
Other specified and unspecified circulatory disease | Peripheral and visceral vascular disease,I739,"Peripheral vascular disease, unspecified",I998,Other disorder of circulatory system,1265,7.64055229506468,8.867543626604323,5.870299045627712,1.5105778355889732,Circulatory,Circulatory,Peripheral and visceral vascular disease,Other specified and unspecified circulatory disease,1,7.64055229506468
Fluid and electrolyte disorders | Pressure ulcer of skin,E870,Hyperosmolality and hypernatremia,L89153,"Pressure ulcer of sacral region, stage 3",2021,7.902603112637139,9.15792346344448,5.865154376706365,1.5614121769437896,Endocrine/metabolic,Skin,Fluid and electrolyte disorders,Pressure ulcer of skin,3,9.177709240178713
Depressive disorders | Sedative-related disorders,F1310,"Sedative, hypnotic or anxiolytic abuse, uncomplicated",F332,"Major depressv disorder, recurrent severe w/o psych features",553,10.137174600247551,11.045633884451629,5.843436705022724,1.8902632888891149,Mental/behavioural,Mental/behavioural,Sedative-related disorders,Depressive disorders,1,10.137174600247551
Cardiac dysrhythmias | Other and ill-defined heart disease,I472,Ventricular tachycardia,I513,"Intracardiac thrombosis, not elsewhere classified",1097,7.830842260079653,8.694244447041674,5.835919699857881,1.4897813702360232,Circulatory,Circulatory,Cardiac dysrhythmias,Other and ill-defined heart disease,2,8.575529315624207
Cannabis-related disorders | Trauma- and stressor-related disorders,F1220,"Cannabis dependence, uncomplicated",F4310,"Post-traumatic stress disorder, unspecified",2193,9.8499046166951,11.515970284794737,5.820989223022291,1.9783527925543167,Mental/behavioural,Mental/behavioural,Cannabis-related disorders,Trauma- and stressor-related disorders,1,9.8499046166951
Circulatory signs and symptoms | Conduction disorders,I440,"Atrioventricular block, first degree",R001,"Bradycardia, unspecified",4656,8.232863603530578,9.731987170308187,5.815800176542971,1.6733702800795125,Circulatory,Symptoms/signs,Conduction disorders,Circulatory signs and symptoms,4,12.273061535933046
Neurodevelopmental disorders | Suicidal ideation/attempt/intentional self-harm,F70,Mild intellectual disabilities,R45851,Suicidal ideations,1085,9.014342820885366,11.14429178257802,5.810682202327374,1.9178973130064407,Mental/behavioural,Symptoms/signs,Neurodevelopmental disorders,Suicidal ideation/attempt/intentional self-harm,1,9.014342820885366
Alcohol-related disorders | Other specified diseases of veins and lymphatics,F1020,"Alcohol dependence, uncomplicated",I8510,Secondary esophageal varices without bleeding,1538,9.179594216294513,10.217386168340122,5.771742910467344,1.7702427718688547,Mental/behavioural,Circulatory,Alcohol-related disorders,Other specified diseases of veins and lymphatics,3,14.679453063228149
Endocrine system cancers - pancreas | Other general signs and symptoms,C259,"Malignant neoplasm of pancreas, unspecified",R64,Cachexia,871,7.75043975747929,8.342708525584811,5.744414361732912,1.4523166332082065,Neoplasm,Symptoms/signs,Endocrine system cancers - pancreas,Other general signs and symptoms,1,7.75043975747929
Alcohol-related disorders | Other specified and unspecified disorders of stomach and duodenum,F1020,"Alcohol dependence, uncomplicated",K3189,Other diseases of stomach and duodenum,2239,8.159871236763536,9.057407934095147,5.740621658514975,1.5777747555720616,Mental/behavioural,Digestive,Alcohol-related disorders,Other specified and unspecified disorders of stomach and duodenum,1,8.159871236763536
Diverticulosis and diverticulitis | Other specified and unspecified diseases of kidney and ureters,K5730,Dvrtclos of lg int w/o perforation or abscess w/o bleeding,N281,"Cyst of kidney, acquired",2203,8.295613425450176,9.125730551116078,5.721979828457363,1.594855421497765,Digestive,Genitourinary,Diverticulosis and diverticulitis,Other specified and unspecified diseases of kidney and ureters,1,8.295613425450176
Conduction disorders | Heart failure,I447,"Left bundle-branch block, unspecified",I5021,Acute systolic (congestive) heart failure,2242,7.8625735947975555,8.621655198149732,5.711562130219736,1.5095091328049757,Circulatory,Circulatory,Conduction disorders,Heart failure,1,7.8625735947975555
"Complication of cardiovascular device, implant or graft, initial encounter | Shock",R570,Cardiogenic shock,T82855A,"Stenosis of coronary artery stent, initial encounter",674,8.800118692594994,9.3434142959511,5.700901225273429,1.638936358786495,Symptoms/signs,Injury/poisoning,Shock,"Complication of cardiovascular device, implant or graft, initial encounter",1,8.800118692594994
Abnormal findings without diagnosis | Chronic obstructive pulmonary disease and bronchiectasis,J432,Centrilobular emphysema,R911,Solitary pulmonary nodule,610,8.299296495393238,8.831451263799199,5.6984187140943,1.5498073600586335,Respiratory,Symptoms/signs,Chronic obstructive pulmonary disease and bronchiectasis,Abnormal findings without diagnosis,1,8.299296495393238
"Other general signs and symptoms | Traumatic brain injury (TBI); concussion, initial encounter",R296,Repeated falls,S065X0A,"Traum subdr hem w/o loss of consciousness, init",1130,9.563324021042128,10.586674352362923,5.677732377028562,1.864595519717584,Symptoms/signs,Injury,Other general signs and symptoms,"Traumatic brain injury (TBI); concussion, initial encounter",2,9.563324021042128
Neurocognitive disorders | Sequela of cerebral infarction and other cerebrovascular disease,F0150,Vascular dementia without behavioral disturbance,I69354,Hemiplga following cerebral infrc affecting left nondom side,1706,8.632921571285891,9.443207806317146,5.677693114163311,1.6632120856903232,Mental/behavioural,Circulatory,Neurocognitive disorders,Sequela of cerebral infarction and other cerebrovascular disease,5,13.553520403222102
Cerebral infarction | Occlusion or stenosis of precerebral or cerebral arteries without infarction,I639,"Cerebral infarction, unspecified",I6523,Occlusion and stenosis of bilateral carotid arteries,1938,8.493532177306907,9.317886883303574,5.675530063056716,1.641765047454469,Circulatory,Circulatory,Cerebral infarction,Occlusion or stenosis of precerebral or cerebral arteries without infarction,6,30.57039531927684
Other aftercare encounter | Other general signs and symptoms,R627,Adult failure to thrive,Z515,Encounter for palliative care,16234,8.06755958448553,10.971735879089508,5.656422822995158,1.939695143454608,Symptoms/signs,Factors/status,Other general signs and symptoms,Other aftercare encounter,2,8.06755958448553
Other specified and unspecified mood disorders | Unacceptable PDX,F39,Unspecified mood [affective] disorder,R45850,Homicidal ideations,612,9.049875616332992,9.556670910854685,5.646403513350475,1.6925235485311474,Mental/behavioural,Symptoms/signs,Other specified and unspecified mood disorders,Unacceptable PDX,1,9.049875616332992
Chronic obstructive pulmonary disease and bronchiectasis | Respiratory cancers,C3411,"Malignant neoplasm of upper lobe, right bronchus or lung",J439,"Emphysema, unspecified",1175,8.45718527479758,9.360218496317572,5.6187581435155405,1.6658874180444931,Neoplasm,Respiratory,Respiratory cancers,Chronic obstructive pulmonary disease and bronchiectasis,3,8.45718527479758
Hepatitis | Stimulant-related disorders,B1920,Unspecified viral hepatitis C without hepatic coma,F1510,"Other stimulant abuse, uncomplicated",3837,9.131208452547012,10.42607964213748,5.604905351391385,1.860170509310968,Infectious,Mental/behavioural,Hepatitis,Stimulant-related disorders,8,9.680959228383426
Other and ill-defined heart disease | Unacceptable PDX,I513,"Intracardiac thrombosis, not elsewhere classified",Z95810,Presence of automatic (implantable) cardiac defibrillator,1082,7.630168398372428,8.454494161104067,5.597277622974982,1.510465395963415,Circulatory,Factors/status,Other and ill-defined heart disease,Unacceptable PDX,1,7.630168398372428
Other specified and unspecified lower respiratory disease | Pulmonary heart disease,I2729,Other secondary pulmonary hypertension,J8410,"Pulmonary fibrosis, unspecified",543,8.686867772225282,9.135595330207826,5.590997494876526,1.6339830841597578,Circulatory,Respiratory,Pulmonary heart disease,Other specified and unspecified lower respiratory disease,1,8.686867772225282
Mental and substance use disorders in remission | Trauma- and stressor-related disorders,F1121,"Opioid dependence, in remission",F4310,"Post-traumatic stress disorder, unspecified",500,8.379376518663333,9.422616769909194,5.563894375323734,1.6935290525462106,Mental/behavioural,Mental/behavioural,Mental and substance use disorders in remission,Trauma- and stressor-related disorders,1,8.379376518663333
Male reproductive system cancers - prostate | Other specified and unspecified diseases of kidney and ureters,C61,Malignant neoplasm of prostate,N1330,Unspecified hydronephrosis,1354,7.902935712433824,8.480567158369817,5.53837773250675,1.5312366848137298,Neoplasm,Genitourinary,Male reproductive system cancers - prostate,Other specified and unspecified diseases of kidney and ureters,1,7.902935712433824
Mental and substance use disorders in remission | Pancreatic disorders (excluding diabetes),F1011,"Alcohol abuse, in remission",K861,Other chronic pancreatitis,542,8.050479619098658,8.448786047701278,5.495549462728136,1.5373869537527691,Mental/behavioural,Digestive,Mental and substance use disorders in remission,Pancreatic disorders (excluding diabetes),1,8.050479619098658
Sedative-related disorders | Trauma- and stressor-related disorders,F1310,"Sedative, hypnotic or anxiolytic abuse, uncomplicated",F4310,"Post-traumatic stress disorder, unspecified",833,8.574988923869494,9.698772543083448,5.356222504732383,1.8107486263900148,Mental/behavioural,Mental/behavioural,Sedative-related disorders,Trauma- and stressor-related disorders,1,8.574988923869494
Other specified and unspecified gastrointestinal disorders | Other specified connective tissue disease,K589,Irritable bowel syndrome without diarrhea,M797,Fibromyalgia,5524,8.300940724208862,9.71380508209325,5.3280038730544055,1.8231602892068808,Digestive,Musculoskeletal,Other specified and unspecified gastrointestinal disorders,Other specified connective tissue disease,1,8.300940724208862
Diverticulosis and diverticulitis | Unacceptable PDX,K5730,Dvrtclos of lg int w/o perforation or abscess w/o bleeding,Z86010,Personal history of colonic polyps,2762,7.716379084492632,8.523767750632821,5.321869473976483,1.6016491558677577,Digestive,Factors/status,Diverticulosis and diverticulitis,Unacceptable PDX,3,13.738297878556436
Alcohol-related disorders | Pancreatic disorders (excluding diabetes),F1010,"Alcohol abuse, uncomplicated",K863,Pseudocyst of pancreas,1040,8.323401361593316,9.536040316907016,5.32119338480272,1.7920867796577098,Mental/behavioural,Digestive,Alcohol-related disorders,Pancreatic disorders (excluding diabetes),2,9.57647322895291
Hepatitis | Sedative-related disorders,B1920,Unspecified viral hepatitis C without hepatic coma,F1310,"Sedative, hypnotic or anxiolytic abuse, uncomplicated",517,8.431325502226478,9.111034750416527,5.31105297871129,1.7154855707403036,Infectious,Mental/behavioural,Hepatitis,Sedative-related disorders,1,8.431325502226478
Endocarditis and endocardial disease | Stimulant-related disorders,F1510,"Other stimulant abuse, uncomplicated",I330,Acute and subacute infective endocarditis,663,7.631102218403691,8.090514105527916,5.224284596449438,1.5486357904441963,Mental/behavioural,Circulatory,Stimulant-related disorders,Endocarditis and endocardial disease,1,7.631102218403691
"Complication of genitourinary device, implant or graft, initial encounter | Genitourinary signs and symptoms",R339,"Retention of urine, unspecified",T83511A,"I/I react d/t indwelling urethral catheter, init",3033,7.65778887683653,8.792473713536394,5.217769256213127,1.6851020583301266,Symptoms/signs,Injury/poisoning,Genitourinary signs and symptoms,"Complication of genitourinary device, implant or graft, initial encounter",1,7.65778887683653
"Musculoskeletal pain, not low back pain | Unacceptable PDX",M25551,Pain in right hip,Z96641,Presence of right artificial hip joint,664,7.809967938369675,8.297093519929955,5.196067728123503,1.5968024194569823,Musculoskeletal,Factors/status,"Musculoskeletal pain, not low back pain",Unacceptable PDX,2,9.073960848984289
Skin and subcutaneous tissue infections | Stimulant-related disorders,F1510,"Other stimulant abuse, uncomplicated",L03113,Cellulitis of right upper limb,1042,8.624213477365592,9.274544992771228,5.1687636758437705,1.794344948699403,Mental/behavioural,Skin,Stimulant-related disorders,Skin and subcutaneous tissue infections,2,8.624213477365592
Alcohol-related disorders | Sedative-related disorders,F1010,"Alcohol abuse, uncomplicated",F1310,"Sedative, hypnotic or anxiolytic abuse, uncomplicated",902,8.179442795176614,9.336362393466128,5.116926865906168,1.8246034461961635,Mental/behavioural,Mental/behavioural,Alcohol-related disorders,Sedative-related disorders,1,8.179442795176614
Schizophrenia spectrum and other psychotic disorders | Suicidal ideation/attempt/intentional self-harm,F29,Unsp psychosis not due to a substance or known physiol cond,R45851,Suicidal ideations,3647,7.971188898552719,9.706994015140996,5.053283785391479,1.9209279406003108,Mental/behavioural,Symptoms/signs,Schizophrenia spectrum and other psychotic disorders,Suicidal ideation/attempt/intentional self-harm,2,7.971188898552719
Bipolar and related disorders | Stimulant-related disorders,F1410,"Cocaine abuse, uncomplicated",F3130,"Bipolar disord, crnt epsd depress, mild or mod severt, unsp",533,8.518790380918485,9.066349700296174,5.037289811130938,1.799846750977518,Mental/behavioural,Mental/behavioural,Stimulant-related disorders,Bipolar and related disorders,1,8.518790380918485
Cardiac dysrhythmias | Nonrheumatic and unspecified valve disorders,I361,Nonrheumatic tricuspid (valve) insufficiency,I481,Persistent atrial fibrillation,682,7.9598196090894735,8.438050633360932,4.913744991008518,1.717234135837617,Circulatory,Circulatory,Nonrheumatic and unspecified valve disorders,Cardiac dysrhythmias,1,7.9598196090894735
Cardiac dysrhythmias | Chronic rheumatic heart disease,I081,Rheumatic disorders of both mitral and tricuspid valves,I481,Persistent atrial fibrillation,1705,7.973101489551887,8.63296094034392,4.906184446115847,1.7596079061353893,Circulatory,Circulatory,Chronic rheumatic heart disease,Cardiac dysrhythmias,2,8.124134113679704
Occlusion or stenosis of precerebral or cerebral arteries without infarction | Sequela of cerebral infarction and other cerebrovascular disease,I6522,Occlusion and stenosis of left carotid artery,I69351,Hemiplga following cerebral infrc aff right dominant side,935,7.625560718428798,8.116412999898344,4.898495077433833,1.65691970117285,Circulatory,Circulatory,Occlusion or stenosis of precerebral or cerebral arteries without infarction,Sequela of cerebral infarction and other cerebrovascular disease,2,9.239880055800043
Other specified substance-related disorders | Skin and subcutaneous tissue infections,F1910,"Other psychoactive substance abuse, uncomplicated",L03113,Cellulitis of right upper limb,620,8.37741895742569,8.812295014735676,4.866563081054096,1.8107840929962704,Mental/behavioural,Skin,Other specified substance-related disorders,Skin and subcutaneous tissue infections,2,8.37741895742569
Cannabis-related disorders | Personality disorders,F1210,"Cannabis abuse, uncomplicated",F603,Borderline personality disorder,1800,7.976239071039828,8.744310336661465,4.8537971263158015,1.801540136330069,Mental/behavioural,Mental/behavioural,Cannabis-related disorders,Personality disorders,2,15.261741687871028
Alcohol-related disorders | Suicidal ideation/attempt/intentional self-harm,F10229,"Alcohol dependence with intoxication, unspecified",R45851,Suicidal ideations,4857,7.611361626960501,9.239512318505115,4.843376578099019,1.9076592888285264,Mental/behavioural,Symptoms/signs,Alcohol-related disorders,Suicidal ideation/attempt/intentional self-harm,2,7.823248707003727
Stimulant-related disorders | Trauma- and stressor-related disorders,F1520,"Other stimulant dependence, uncomplicated",F4310,"Post-traumatic stress disorder, unspecified",1216,8.221284759536331,9.27601893423846,4.789153621986795,1.9368806403813528,Mental/behavioural,Mental/behavioural,Stimulant-related disorders,Trauma- and stressor-related disorders,1,8.221284759536331
Hepatitis | Unacceptable PDX,B1920,Unspecified viral hepatitis C without hepatic coma,Z590,Homelessness,6039,7.907845358126155,9.217642591249268,4.728802030598167,1.949255336046133,Infectious,Factors/status,Hepatitis,Unacceptable PDX,1,7.907845358126155
HIV infection | Hepatitis,B1920,Unspecified viral hepatitis C without hepatic coma,Z21,Asymptomatic human immunodeficiency virus infection status,1509,8.129949740667822,8.878913393580287,4.663450009875352,1.9039366509297284,Infectious,Factors/status,Hepatitis,HIV infection,4,21.63555296520712
Other general signs and symptoms | Pressure ulcer of skin,L89152,"Pressure ulcer of sacral region, stage 2",R627,Adult failure to thrive,1909,8.03109638139736,8.859281733490237,4.607405480512208,1.9228352640031467,Skin,Symptoms/signs,Pressure ulcer of skin,Other general signs and symptoms,6,9.659783212378052
Aortic; peripheral; and visceral artery aneurysms | Unacceptable PDX,I714,"Abdominal aortic aneurysm, without rupture",Z8679,Personal history of other diseases of the circulatory system,1379,7.844624307654022,8.433431883523978,4.580142764061987,1.841303277639457,Circulatory,Factors/status,Aortic; peripheral; and visceral artery aneurysms,Unacceptable PDX,1,7.844624307654022
Cardiac dysrhythmias | Medical examination/evaluation,I481,Persistent atrial fibrillation,Z006,Encntr for exam for nrml cmprsn and ctrl in clncl rsrch prog,1414,8.268967449732456,8.916935021555698,4.536375049161372,1.9656520734995555,Circulatory,Factors/status,Cardiac dysrhythmias,Medical examination/evaluation,1,8.268967449732456
Occlusion or stenosis of precerebral or cerebral arteries without infarction | Peripheral and visceral vascular disease,I6529,Occlusion and stenosis of unspecified carotid artery,I739,"Peripheral vascular disease, unspecified",2360,7.667267950807658,8.9668991313043,4.516168189151126,1.9855104495100189,Circulatory,Circulatory,Occlusion or stenosis of precerebral or cerebral arteries without infarction,Peripheral and visceral vascular disease,3,21.27831929915604
Bipolar and related disorders | Cannabis-related disorders,F1210,"Cannabis abuse, uncomplicated",F3130,"Bipolar disord, crnt epsd depress, mild or mod severt, unsp",684,7.8483063532601,8.464672241971385,4.347765496600947,1.94690174725132,Mental/behavioural,Mental/behavioural,Cannabis-related disorders,Bipolar and related disorders,1,7.8483063532601
